{
  "bids_meta": {
    "AcquisitionDuration": 238.55128,
    "Columns": 512,
    "EchoTime": 0.00281,
    "EchoTrainLength": 1,
    "EffectiveEchoSpacing": 0,
    "FieldOfView": [
      240.03,
      240.03,
      180
    ],
    "FlipAngle": 11,
    "GEImageTypeRIMPCode": 0,
    "ImageType": "ORIGINAL/PRIMARY/OTHER",
    "ImagingFrequency": 127.765007,
    "InplanePhaseEncodingDirection": "ROW",
    "InversionTime": 0.45,
    "MRAcquisitionType": "3D",
    "MagneticFieldStrength": 3,
    "Manufacturer": "GE MEDICAL SYSTEMS",
    "ManufacturersModelName": "DISCOVERY MR750",
    "NumberOfAverages": 1,
    "NumberOfEPIShots": 0,
    "NumberOfEchoes": 1,
    "NumberOfSlices": 180,
    "ParallelImagingReductionFactors": [
      0.571429,
      1
    ],
    "PercentPhaseFieldOfView": 100,
    "PhaseEncodingDirection": "i",
    "PixelBandwidth": 122.07,
    "PixelSpacing": [
      0.4688,
      0.4688
    ],
    "ReceiveCoilName": "8HRBRAIN",
    "RepetitionTime": 0.0064,
    "Rows": 512,
    "SATFatWaterBone": 0,
    "ScanOptions": [
      "FAST_GEMS",
      "EDR_GEMS",
      "FILTERED_GEMS",
      "ACC_GEMS"
    ],
    "ScanningSequence": "GR",
    "SequenceVariant": [
      "SS",
      "SK"
    ],
    "SeriesDate": "18740406",
    "SeriesDescription": "Sag3D_T1_1mm3",
    "SeriesNumber": 2,
    "SeriesTime": "175110",
    "SliceThickness": 1,
    "SpacingBetweenSlices": 1,
    "StudyTime": "174918",
    "modality": "T1w",
    "session_id": "1",
    "subject_id": "9009"
  },
  "cjv": 0.4094345168493165,
  "cnr": 3.3073012816270317,
  "efc": 0.6233508259073712,
  "fber": 121.64771270751953,
  "fwhm_avg": 6.323978864912118,
  "fwhm_x": 3.98,
  "fwhm_y": 7.805780578574445,
  "fwhm_z": 7.1861560161619105,
  "icvs_csf": 0.19921878112053001,
  "icvs_gm": 0.4194886963595957,
  "icvs_wm": 0.38129252251987433,
  "inu_med": 1.3878878355026245,
  "inu_range": 0.6099575638771051,
  "provenance": {
    "md5sum": "b4a3f59b3533aaeca0daaa5771c42167",
    "mriqc_pred": 0,
    "settings": {
      "testing": false
    },
    "software": "mriqc",
    "version": "0.9.6",
    "warnings": {
      "large_rot_frame": true,
      "small_air_mask": false
    }
  },
  "qi_1": 4.583934703103966e-05,
  "qi_2": 0.0003008276931877711,
  "rpve_csf": 29.295643560024875,
  "rpve_gm": 14.512803222100821,
  "rpve_wm": 18.34367145861317,
  "size_x": 180,
  "size_y": 512,
  "size_z": 512,
  "snr_csf": 4.105937889124384,
  "snr_gm": 13.322126617316634,
  "snr_total": 11.174855797760786,
  "snr_wm": 16.096502886841343,
  "snrd_csf": 12.700405621379092,
  "snrd_gm": 27.82243192198575,
  "snrd_total": 26.407726088595926,
  "snrd_wm": 38.70034072242294,
  "spacing_x": 1.0,
  "spacing_y": 0.46880000829696655,
  "spacing_z": 0.46880000829696655,
  "summary_bg_k": 12.758369177142395,
  "summary_bg_mad": 16.9285831451416,
  "summary_bg_mean": 59.35692596435547,
  "summary_bg_median": 56.47414779663086,
  "summary_bg_n": 9350617.0,
  "summary_bg_p05": 32.45129318237305,
  "summary_bg_p95": 95.20540924072264,
  "summary_bg_stdv": 21.242979049682617,
  "summary_csf_k": 0.6951108433800535,
  "summary_csf_mad": 69.73709106445312,
  "summary_csf_mean": 338.6244201660156,
  "summary_csf_median": 328.1757507324219,
  "summary_csf_n": 148780.0,
  "summary_csf_p05": 224.8419227600098,
  "summary_csf_p95": 492.3379943847656,
  "summary_csf_stdv": 79.92684173583984,
  "summary_gm_k": 0.013895382912003207,
  "summary_gm_mad": 53.67157745361328,
  "summary_gm_mean": 717.9990844726562,
  "summary_gm_median": 718.9256591796875,
  "summary_gm_n": 165177.0,
  "summary_gm_p05": 627.1666625976562,
  "summary_gm_p95": 805.1590698242187,
  "summary_gm_stdv": 53.96461868286133,
  "summary_wm_k": 0.11551699843258723,
  "summary_wm_mad": 61.41343307495117,
  "summary_wm_mean": 1002.4083251953125,
  "summary_wm_median": 1000.0084838867188,
  "summary_wm_n": 940633.0,
  "summary_wm_p05": 904.5427856445312,
  "summary_wm_p95": 1108.9294189453124,
  "summary_wm_stdv": 62.125789642333984,
  "tpm_overlap_csf": 0.22084227204322815,
  "tpm_overlap_gm": 0.47847604751586914,
  "tpm_overlap_wm": 0.5469049215316772,
  "wm2max": 0.38109151738548974
}