{
  "bids_meta": {
    "AcquisitionDuration": 238.55128,
    "Columns": 512,
    "EchoTime": 0.00281,
    "EchoTrainLength": 1,
    "EffectiveEchoSpacing": 0,
    "FieldOfView": [
      240.03,
      240.03,
      180
    ],
    "FlipAngle": 11,
    "GEImageTypeRIMPCode": 0,
    "ImageType": "ORIGINAL/PRIMARY/OTHER",
    "ImagingFrequency": 127.765075,
    "InplanePhaseEncodingDirection": "ROW",
    "InversionTime": 0.45,
    "MRAcquisitionType": "3D",
    "MagneticFieldStrength": 3,
    "Manufacturer": "GE MEDICAL SYSTEMS",
    "ManufacturersModelName": "DISCOVERY MR750",
    "NumberOfAverages": 1,
    "NumberOfEPIShots": 0,
    "NumberOfEchoes": 1,
    "NumberOfSlices": 180,
    "ParallelImagingReductionFactors": [
      0.571429,
      1
    ],
    "PercentPhaseFieldOfView": 100,
    "PhaseEncodingDirection": "i",
    "PixelBandwidth": 122.07,
    "PixelSpacing": [
      0.4688,
      0.4688
    ],
    "ReceiveCoilName": "8HRBRAIN",
    "RepetitionTime": 0.0064,
    "Rows": 512,
    "SATFatWaterBone": 0,
    "ScanOptions": [
      "FAST_GEMS",
      "EDR_GEMS",
      "FILTERED_GEMS",
      "ACC_GEMS"
    ],
    "ScanningSequence": "GR",
    "SequenceVariant": [
      "SS",
      "SK"
    ],
    "SeriesDate": "18740607",
    "SeriesDescription": "Sag3D_T1_1mm3",
    "SeriesNumber": 2,
    "SeriesTime": "190446",
    "SliceThickness": 1,
    "SpacingBetweenSlices": 1,
    "StudyTime": "190257",
    "modality": "T1w",
    "session_id": "2",
    "subject_id": "9020"
  },
  "cjv": 0.38362793515237764,
  "cnr": 3.559273951428728,
  "efc": 0.6240119424511534,
  "fber": 145.86085510253906,
  "fwhm_avg": 6.201040459849572,
  "fwhm_x": 3.98723,
  "fwhm_y": 7.605396623076532,
  "fwhm_z": 7.010494756472183,
  "icvs_csf": 0.19962263582565123,
  "icvs_gm": 0.4150248199071146,
  "icvs_wm": 0.3853525442672342,
  "inu_med": 1.3262258768081665,
  "inu_range": 0.4917726516723633,
  "provenance": {
    "md5sum": "de7f5542ea20aa051cee5cfd38b1c255",
    "mriqc_pred": 0,
    "settings": {
      "testing": false
    },
    "software": "mriqc",
    "version": "0.9.6",
    "warnings": {
      "large_rot_frame": true,
      "small_air_mask": false
    }
  },
  "qi_1": 0.0,
  "qi_2": 0.00029180505525387967,
  "rpve_csf": 27.76329475983956,
  "rpve_gm": 14.132442211238468,
  "rpve_wm": 17.833999231904365,
  "size_x": 180,
  "size_y": 512,
  "size_z": 512,
  "snr_csf": 3.750134841216049,
  "snr_gm": 14.01501677167829,
  "snr_total": 12.25684758089831,
  "snr_wm": 19.005391129800593,
  "snrd_csf": 13.48840549945364,
  "snrd_gm": 30.659516256579195,
  "snrd_total": 28.721987800921173,
  "snrd_wm": 42.01804164673069,
  "spacing_x": 1.0,
  "spacing_y": 0.46880000829696655,
  "spacing_z": 0.46880000829696655,
  "summary_bg_k": 4.121981410255405,
  "summary_bg_mad": 15.591875076293945,
  "summary_bg_mean": 53.97388458251953,
  "summary_bg_median": 52.26558303833008,
  "summary_bg_n": 9580585.0,
  "summary_bg_p05": 30.033808898925784,
  "summary_bg_p95": 83.67491607666014,
  "summary_bg_stdv": 17.005538940429688,
  "summary_csf_k": 14.097226371682382,
  "summary_csf_mad": 67.72942352294922,
  "summary_csf_mean": 337.9518737792969,
  "summary_csf_median": 321.01641845703125,
  "summary_csf_n": 162025.0,
  "summary_csf_p05": 228.45825500488283,
  "summary_csf_p95": 508.41820068359345,
  "summary_csf_stdv": 85.60103607177734,
  "summary_gm_k": -0.02117268455064769,
  "summary_gm_mad": 52.08156204223633,
  "summary_gm_mean": 731.440185546875,
  "summary_gm_median": 729.6791381835938,
  "summary_gm_n": 222829.0,
  "summary_gm_p05": 648.472216796875,
  "summary_gm_p95": 819.7830932617187,
  "summary_gm_stdv": 52.0639762878418,
  "summary_wm_k": 0.17189560991679498,
  "summary_wm_mad": 51.623226165771484,
  "summary_wm_mean": 1000.1405639648438,
  "summary_wm_median": 1000.005615234375,
  "summary_wm_n": 1083116.0,
  "summary_wm_p05": 913.7413330078125,
  "summary_wm_p95": 1086.7160034179688,
  "summary_wm_stdv": 52.616920471191406,
  "tpm_overlap_csf": 0.2229471355676651,
  "tpm_overlap_gm": 0.487604558467865,
  "tpm_overlap_wm": 0.5655324459075928,
  "wm2max": 0.3800789792446164
}