{
  "bids_meta": {
    "AcquisitionDuration": 238.55128,
    "Columns": 512,
    "EchoTime": 0.00281,
    "EchoTrainLength": 1,
    "EffectiveEchoSpacing": 0,
    "FieldOfView": [
      240.03,
      240.03,
      180
    ],
    "FlipAngle": 11,
    "GEImageTypeRIMPCode": 0,
    "ImageType": "ORIGINAL/PRIMARY/OTHER",
    "ImagingFrequency": 127.765071,
    "InplanePhaseEncodingDirection": "ROW",
    "InversionTime": 0.45,
    "MRAcquisitionType": "3D",
    "MagneticFieldStrength": 3,
    "Manufacturer": "GE MEDICAL SYSTEMS",
    "ManufacturersModelName": "DISCOVERY MR750",
    "NumberOfAverages": 1,
    "NumberOfEPIShots": 0,
    "NumberOfEchoes": 1,
    "NumberOfSlices": 180,
    "ParallelImagingReductionFactors": [
      0.571429,
      1
    ],
    "PercentPhaseFieldOfView": 100,
    "PhaseEncodingDirection": "i",
    "PixelBandwidth": 122.07,
    "PixelSpacing": [
      0.4688,
      0.4688
    ],
    "ReceiveCoilName": "8HRBRAIN",
    "RepetitionTime": 0.0064,
    "Rows": 512,
    "SATFatWaterBone": 0,
    "ScanOptions": [
      "FAST_GEMS",
      "EDR_GEMS",
      "FILTERED_GEMS",
      "ACC_GEMS"
    ],
    "ScanningSequence": "GR",
    "SequenceVariant": [
      "SS",
      "SK"
    ],
    "SeriesDate": "18740429",
    "SeriesDescription": "Sag3D_T1_1mm3",
    "SeriesNumber": 2,
    "SeriesTime": "200627",
    "SliceThickness": 1,
    "SpacingBetweenSlices": 1,
    "StudyTime": "200449",
    "modality": "T1w",
    "session_id": "2",
    "subject_id": "9058"
  },
  "cjv": 0.4490532999635479,
  "cnr": 3.0650157244244776,
  "efc": 0.62652075860883,
  "fber": 170.02072143554688,
  "fwhm_avg": 6.302592654268444,
  "fwhm_x": 4.07864,
  "fwhm_y": 7.671864198691978,
  "fwhm_z": 7.157273764113351,
  "icvs_csf": 0.21643347215833464,
  "icvs_gm": 0.3973797897449624,
  "icvs_wm": 0.38618673809670295,
  "inu_med": 1.2261420488357544,
  "inu_range": 0.4891605615615844,
  "provenance": {
    "md5sum": "ae6fa4bd77b4542fffa88a1b6c392781",
    "mriqc_pred": 0,
    "settings": {
      "testing": false
    },
    "software": "mriqc",
    "version": "0.9.6",
    "warnings": {
      "large_rot_frame": true,
      "small_air_mask": false
    }
  },
  "qi_1": 0.0,
  "qi_2": 0.00039201199308152635,
  "rpve_csf": 27.686635465418618,
  "rpve_gm": 15.297881110518714,
  "rpve_wm": 19.008220711131656,
  "size_x": 180,
  "size_y": 512,
  "size_z": 512,
  "snr_csf": 3.6488634717469766,
  "snr_gm": 13.293345779432077,
  "snr_total": 11.955060192011246,
  "snr_wm": 18.922971324854682,
  "snrd_csf": 14.818789096643625,
  "snrd_gm": 33.04030392067814,
  "snrd_total": 30.52023015945331,
  "snrd_wm": 43.70159746103816,
  "spacing_x": 1.0,
  "spacing_y": 0.46880000829696655,
  "spacing_z": 0.46880000829696655,
  "summary_bg_k": 4.020333303811222,
  "summary_bg_mad": 14.99129581451416,
  "summary_bg_mean": 51.90220642089844,
  "summary_bg_median": 49.52079772949219,
  "summary_bg_n": 8822522.0,
  "summary_bg_p05": 28.704230213165282,
  "summary_bg_p95": 83.15693626403808,
  "summary_bg_stdv": 17.54737091064453,
  "summary_csf_k": -0.010111109531591111,
  "summary_csf_mad": 85.63792419433594,
  "summary_csf_mean": 356.5335693359375,
  "summary_csf_median": 339.09405517578125,
  "summary_csf_n": 136031.0,
  "summary_csf_p05": 230.12259674072266,
  "summary_csf_p95": 534.043701171875,
  "summary_csf_stdv": 92.93107604980469,
  "summary_gm_k": -0.07170398974063819,
  "summary_gm_mad": 57.49391174316406,
  "summary_gm_mean": 757.9764404296875,
  "summary_gm_median": 756.0516967773438,
  "summary_gm_n": 148593.0,
  "summary_gm_p05": 667.838232421875,
  "summary_gm_p95": 854.6705688476562,
  "summary_gm_stdv": 56.8742561340332,
  "summary_wm_k": 0.15286340639551899,
  "summary_wm_mad": 52.05681228637695,
  "summary_wm_mean": 1001.4513549804688,
  "summary_wm_median": 1000.010986328125,
  "summary_wm_n": 1031716.0,
  "summary_wm_p05": 916.642333984375,
  "summary_wm_p95": 1090.618896484375,
  "summary_wm_stdv": 52.846378326416016,
  "tpm_overlap_csf": 0.21783584356307983,
  "tpm_overlap_gm": 0.47490137815475464,
  "tpm_overlap_wm": 0.5750472545623779,
  "wm2max": 0.4263097968091347
}