{
  "bids_meta": {
    "AcquisitionDuration": 238.55128,
    "Columns": 512,
    "EchoTime": 0.00281,
    "EchoTrainLength": 1,
    "EffectiveEchoSpacing": 0,
    "FieldOfView": [
      240.03,
      240.03,
      180
    ],
    "FlipAngle": 11,
    "GEImageTypeRIMPCode": 0,
    "ImageType": "ORIGINAL/PRIMARY/OTHER",
    "ImagingFrequency": 127.765024,
    "InplanePhaseEncodingDirection": "ROW",
    "InversionTime": 0.45,
    "MRAcquisitionType": "3D",
    "MagneticFieldStrength": 3,
    "Manufacturer": "GE MEDICAL SYSTEMS",
    "ManufacturersModelName": "DISCOVERY MR750",
    "NumberOfAverages": 1,
    "NumberOfEPIShots": 0,
    "NumberOfEchoes": 1,
    "NumberOfSlices": 180,
    "ParallelImagingReductionFactors": [
      0.571429,
      1
    ],
    "PercentPhaseFieldOfView": 100,
    "PhaseEncodingDirection": "i",
    "PixelBandwidth": 122.07,
    "PixelSpacing": [
      0.4688,
      0.4688
    ],
    "ReceiveCoilName": "8HRBRAIN",
    "RepetitionTime": 0.0064,
    "Rows": 512,
    "SATFatWaterBone": 0,
    "ScanOptions": [
      "FAST_GEMS",
      "EDR_GEMS",
      "FILTERED_GEMS",
      "ACC_GEMS"
    ],
    "ScanningSequence": "GR",
    "SequenceVariant": [
      "SS",
      "SK"
    ],
    "SeriesDate": "18740324",
    "SeriesDescription": "Sag3D_T1_1mm3",
    "SeriesNumber": 2,
    "SeriesTime": "181408",
    "SliceThickness": 1,
    "SpacingBetweenSlices": 1,
    "StudyTime": "181209",
    "modality": "T1w",
    "session_id": "1",
    "subject_id": "9014"
  },
  "cjv": 0.41183405473601054,
  "cnr": 3.281265035195131,
  "efc": 0.6552605969236857,
  "fber": 115.13129425048828,
  "fwhm_avg": 5.857064036407486,
  "fwhm_x": 3.68702,
  "fwhm_y": 7.182508405304966,
  "fwhm_z": 6.701663703917492,
  "icvs_csf": 0.21469566962287623,
  "icvs_gm": 0.3857230096807593,
  "icvs_wm": 0.3995813206963645,
  "inu_med": 1.4077677726745605,
  "inu_range": 0.5322165250778199,
  "provenance": {
    "md5sum": "aeafb78ffda3dd90f258189af5aeb0f5",
    "mriqc_pred": 0,
    "settings": {
      "testing": false
    },
    "software": "mriqc",
    "version": "0.9.6",
    "warnings": {
      "large_rot_frame": true,
      "small_air_mask": false
    }
  },
  "qi_1": 0.0,
  "qi_2": 0.00030242132887225065,
  "rpve_csf": 23.405789683558204,
  "rpve_gm": 13.014953586081349,
  "rpve_wm": 15.48005311761796,
  "size_x": 180,
  "size_y": 512,
  "size_z": 512,
  "snr_csf": 4.358751564651524,
  "snr_gm": 12.525023274969229,
  "snr_total": 10.771792513906506,
  "snr_wm": 15.431602702098766,
  "snrd_csf": 14.84893841302691,
  "snrd_gm": 28.58192092570657,
  "snrd_total": 27.881587932673906,
  "snrd_wm": 40.21390445928824,
  "spacing_x": 1.0,
  "spacing_y": 0.46880000829696655,
  "spacing_z": 0.46880000829696655,
  "summary_bg_k": 2.625008217657621,
  "summary_bg_mad": 16.291391372680664,
  "summary_bg_mean": 56.25664138793945,
  "summary_bg_median": 54.016578674316406,
  "summary_bg_n": 8276979.0,
  "summary_bg_p05": 30.557906913757325,
  "summary_bg_p95": 89.61974487304684,
  "summary_bg_stdv": 18.748624801635742,
  "summary_csf_k": 0.3668253546701248,
  "summary_csf_mad": 79.29360961914062,
  "summary_csf_mean": 368.6741027832031,
  "summary_csf_median": 369.25115966796875,
  "summary_csf_n": 110878.0,
  "summary_csf_p05": 225.27218475341797,
  "summary_csf_p95": 508.27413482666014,
  "summary_csf_stdv": 84.71450805664062,
  "summary_gm_k": 0.2749729809625765,
  "summary_gm_mad": 55.1562614440918,
  "summary_gm_mean": 709.5999755859375,
  "summary_gm_median": 710.7516479492188,
  "summary_gm_n": 148239.0,
  "summary_gm_p05": 613.8333679199219,
  "summary_gm_p95": 800.2615966796875,
  "summary_gm_stdv": 56.746341705322266,
  "summary_wm_k": 0.27752456206762277,
  "summary_wm_mad": 63.968624114990234,
  "summary_wm_mean": 1002.3817138671875,
  "summary_wm_median": 1000.0062255859375,
  "summary_wm_n": 1210317.0,
  "summary_wm_p05": 901.4314331054687,
  "summary_wm_p95": 1112.4224853515625,
  "summary_wm_stdv": 64.80245971679688,
  "tpm_overlap_csf": 0.15189522504806519,
  "tpm_overlap_gm": 0.4257529079914093,
  "tpm_overlap_wm": 0.5293979644775391,
  "wm2max": 0.3730844386750743
}