{
  "bids_meta": {
    "AcquisitionDuration": 238.55128,
    "Columns": 512,
    "EchoTime": 0.00281,
    "EchoTrainLength": 1,
    "EffectiveEchoSpacing": 0,
    "FieldOfView": [
      240.03,
      240.03,
      180
    ],
    "FlipAngle": 11,
    "GEImageTypeRIMPCode": 0,
    "ImageType": "ORIGINAL/PRIMARY/OTHER",
    "ImagingFrequency": 127.765092,
    "InplanePhaseEncodingDirection": "ROW",
    "InversionTime": 0.45,
    "MRAcquisitionType": "3D",
    "MagneticFieldStrength": 3,
    "Manufacturer": "GE MEDICAL SYSTEMS",
    "ManufacturersModelName": "DISCOVERY MR750",
    "NumberOfAverages": 1,
    "NumberOfEPIShots": 0,
    "NumberOfEchoes": 1,
    "NumberOfSlices": 180,
    "ParallelImagingReductionFactors": [
      0.571429,
      1
    ],
    "PercentPhaseFieldOfView": 100,
    "PhaseEncodingDirection": "i",
    "PixelBandwidth": 122.07,
    "PixelSpacing": [
      0.4688,
      0.4688
    ],
    "ReceiveCoilName": "8HRBRAIN",
    "RepetitionTime": 0.0064,
    "Rows": 512,
    "SATFatWaterBone": 0,
    "ScanOptions": [
      "FAST_GEMS",
      "EDR_GEMS",
      "FILTERED_GEMS",
      "ACC_GEMS"
    ],
    "ScanningSequence": "GR",
    "SequenceVariant": [
      "SS",
      "SK"
    ],
    "SeriesDate": "18731220",
    "SeriesDescription": "Sag3D_T1_1mm3",
    "SeriesNumber": 2,
    "SeriesTime": "194951",
    "SliceThickness": 1,
    "SpacingBetweenSlices": 1,
    "StudyTime": "194825",
    "modality": "T1w",
    "session_id": "2",
    "subject_id": "9068"
  },
  "cjv": 0.38250536743556474,
  "cnr": 3.446408582436154,
  "efc": 0.668528846903839,
  "fber": 131.24522399902344,
  "fwhm_avg": 6.777791224772019,
  "fwhm_x": 4.24549,
  "fwhm_y": 8.272589444032855,
  "fwhm_z": 7.815294230283202,
  "icvs_csf": 0.2117160554157666,
  "icvs_gm": 0.40942203719434905,
  "icvs_wm": 0.37886190738988434,
  "inu_med": 1.2095656394958496,
  "inu_range": 0.6997007727622986,
  "provenance": {
    "md5sum": "154d5849addc43e0f9469097333f7186",
    "mriqc_pred": 0,
    "settings": {
      "testing": false
    },
    "software": "mriqc",
    "version": "0.9.6",
    "warnings": {
      "large_rot_frame": true,
      "small_air_mask": false
    }
  },
  "qi_1": 0.0,
  "qi_2": 0.0004723808748859221,
  "rpve_csf": 19.366056227245423,
  "rpve_gm": 10.312393618279073,
  "rpve_wm": 13.32451806907736,
  "size_x": 180,
  "size_y": 512,
  "size_z": 512,
  "snr_csf": 3.5118935225289274,
  "snr_gm": 12.911560467122412,
  "snr_total": 11.055350335761796,
  "snr_wm": 16.74259701763405,
  "snrd_csf": 14.139623967740212,
  "snrd_gm": 28.75930595678566,
  "snrd_total": 27.74240672729734,
  "snrd_wm": 40.32829025736614,
  "spacing_x": 1.0,
  "spacing_y": 0.46880000829696655,
  "spacing_z": 0.46880000829696655,
  "summary_bg_k": 1.0728913278729308,
  "summary_bg_mad": 16.24515724182129,
  "summary_bg_mean": 52.86896896362305,
  "summary_bg_median": 50.7450065612793,
  "summary_bg_n": 8404841.0,
  "summary_bg_p05": 28.300336837768555,
  "summary_bg_p95": 84.96721649169922,
  "summary_bg_stdv": 17.621213912963867,
  "summary_csf_k": -0.2751008685940426,
  "summary_csf_mad": 105.58572387695312,
  "summary_csf_mean": 355.9455261230469,
  "summary_csf_median": 350.6146545410156,
  "summary_csf_n": 152336.0,
  "summary_csf_p05": 200.7706756591797,
  "summary_csf_p95": 523.1709442138672,
  "summary_csf_stdv": 99.83602905273438,
  "summary_gm_k": 0.3819094656724027,
  "summary_gm_mad": 53.01366424560547,
  "summary_gm_mean": 712.8848266601562,
  "summary_gm_median": 713.1331176757812,
  "summary_gm_n": 218346.0,
  "summary_gm_p05": 621.5233459472656,
  "summary_gm_p95": 802.8074188232422,
  "summary_gm_stdv": 55.23201370239258,
  "summary_wm_k": 0.5852157717033526,
  "summary_wm_mad": 56.71623229980469,
  "summary_wm_mean": 1002.1714477539062,
  "summary_wm_median": 1000.004638671875,
  "summary_wm_n": 1365041.0,
  "summary_wm_p05": 909.0509033203125,
  "summary_wm_p95": 1103.1177978515625,
  "summary_wm_stdv": 59.728145599365234,
  "tpm_overlap_csf": 0.1870172768831253,
  "tpm_overlap_gm": 0.46036702394485474,
  "tpm_overlap_wm": 0.5182980298995972,
  "wm2max": 0.4553636900615359
}