{
  "bids_meta": {
    "AcquisitionDuration": 238.55128,
    "Columns": 512,
    "EchoTime": 0.00281,
    "EchoTrainLength": 1,
    "EffectiveEchoSpacing": 0,
    "FieldOfView": [
      240.03,
      240.03,
      180
    ],
    "FlipAngle": 11,
    "GEImageTypeRIMPCode": 0,
    "ImageType": "ORIGINAL/PRIMARY/OTHER",
    "ImagingFrequency": 127.765066,
    "InplanePhaseEncodingDirection": "ROW",
    "InversionTime": 0.45,
    "MRAcquisitionType": "3D",
    "MagneticFieldStrength": 3,
    "Manufacturer": "GE MEDICAL SYSTEMS",
    "ManufacturersModelName": "DISCOVERY MR750",
    "NumberOfAverages": 1,
    "NumberOfEPIShots": 0,
    "NumberOfEchoes": 1,
    "NumberOfSlices": 180,
    "ParallelImagingReductionFactors": [
      0.571429,
      1
    ],
    "PercentPhaseFieldOfView": 100,
    "PhaseEncodingDirection": "i",
    "PixelBandwidth": 122.07,
    "PixelSpacing": [
      0.4688,
      0.4688
    ],
    "ReceiveCoilName": "8HRBRAIN",
    "RepetitionTime": 0.0064,
    "Rows": 512,
    "SATFatWaterBone": 0,
    "ScanOptions": [
      "FAST_GEMS",
      "EDR_GEMS",
      "FILTERED_GEMS",
      "ACC_GEMS"
    ],
    "ScanningSequence": "GR",
    "SequenceVariant": [
      "SS",
      "SK"
    ],
    "SeriesDate": "18740224",
    "SeriesDescription": "Sag3D_T1_1mm3",
    "SeriesNumber": 2,
    "SeriesTime": "175134",
    "SliceThickness": 1,
    "SpacingBetweenSlices": 1,
    "StudyTime": "174929",
    "modality": "T1w",
    "session_id": "2",
    "subject_id": "9087"
  },
  "cjv": 0.43201308494152924,
  "cnr": 3.148444060843385,
  "efc": 0.6388797789499978,
  "fber": 161.77389526367188,
  "fwhm_avg": 6.315589957427858,
  "fwhm_x": 4.0168,
  "fwhm_y": 7.6887370652875555,
  "fwhm_z": 7.2412328069960195,
  "icvs_csf": 0.22325384661594114,
  "icvs_gm": 0.39695575390216764,
  "icvs_wm": 0.3797903994818912,
  "inu_med": 1.2277147769927979,
  "inu_range": 0.5479486942291256,
  "provenance": {
    "md5sum": "6988de9dbbdc1fbfdee29a46ed729538",
    "mriqc_pred": 0,
    "settings": {
      "testing": false
    },
    "software": "mriqc",
    "version": "0.9.6",
    "warnings": {
      "large_rot_frame": true,
      "small_air_mask": false
    }
  },
  "qi_1": 4.502473136863825e-06,
  "qi_2": 0.0005979554759934736,
  "rpve_csf": 23.073345028369253,
  "rpve_gm": 12.850403002590731,
  "rpve_wm": 16.037457839201696,
  "size_x": 180,
  "size_y": 512,
  "size_z": 512,
  "snr_csf": 4.169053002991293,
  "snr_gm": 13.51934376773647,
  "snr_total": 12.167806773794192,
  "snr_wm": 18.815023550654814,
  "snrd_csf": 15.593072568909266,
  "snrd_gm": 34.286457009106535,
  "snrd_total": 31.817621536906746,
  "snrd_wm": 45.573335032704435,
  "spacing_x": 1.0,
  "spacing_y": 0.46880000829696655,
  "spacing_z": 0.46880000829696655,
  "summary_bg_k": 2.928242358314848,
  "summary_bg_mad": 14.375530242919922,
  "summary_bg_mean": 51.250301361083984,
  "summary_bg_median": 49.41057205200195,
  "summary_bg_n": 9148571.0,
  "summary_bg_p05": 28.720508575439453,
  "summary_bg_p95": 80.123291015625,
  "summary_bg_stdv": 16.31504249572754,
  "summary_csf_k": 0.3115322284216768,
  "summary_csf_mad": 75.82347106933594,
  "summary_csf_mean": 355.1622314453125,
  "summary_csf_median": 342.15576171875,
  "summary_csf_n": 217145.0,
  "summary_csf_p05": 241.8728485107422,
  "summary_csf_p95": 511.19129638671865,
  "summary_csf_stdv": 82.0701904296875,
  "summary_gm_k": 0.10236187593557622,
  "summary_gm_mad": 54.58435821533203,
  "summary_gm_mean": 753.8680419921875,
  "summary_gm_median": 752.341064453125,
  "summary_gm_n": 171116.0,
  "summary_gm_p05": 664.4084777832031,
  "summary_gm_p95": 848.0523681640625,
  "summary_gm_stdv": 55.64906692504883,
  "summary_wm_k": 0.13439103117556872,
  "summary_wm_mad": 52.41049575805664,
  "summary_wm_mean": 1001.6074829101562,
  "summary_wm_median": 1000.0068359375,
  "summary_wm_n": 1148767.0,
  "summary_wm_p05": 916.8354187011719,
  "summary_wm_p95": 1091.5331909179688,
  "summary_wm_stdv": 53.149356842041016,
  "tpm_overlap_csf": 0.21155250072479248,
  "tpm_overlap_gm": 0.4603789448738098,
  "tpm_overlap_wm": 0.5430873036384583,
  "wm2max": 0.40926621118028456
}