{
  "bids_meta": {
    "AcquisitionDuration": 238.55128,
    "Columns": 512,
    "EchoTime": 0.00281,
    "EchoTrainLength": 1,
    "EffectiveEchoSpacing": 0,
    "FieldOfView": [
      240.03,
      240.03,
      180
    ],
    "FlipAngle": 11,
    "GEImageTypeRIMPCode": 0,
    "ImageType": "ORIGINAL/PRIMARY/OTHER",
    "ImagingFrequency": 127.765111,
    "InplanePhaseEncodingDirection": "ROW",
    "InversionTime": 0.45,
    "MRAcquisitionType": "3D",
    "MagneticFieldStrength": 3,
    "Manufacturer": "GE MEDICAL SYSTEMS",
    "ManufacturersModelName": "DISCOVERY MR750",
    "NumberOfAverages": 1,
    "NumberOfEPIShots": 0,
    "NumberOfEchoes": 1,
    "NumberOfSlices": 180,
    "ParallelImagingReductionFactors": [
      0.571429,
      1
    ],
    "PercentPhaseFieldOfView": 100,
    "PhaseEncodingDirection": "i",
    "PixelBandwidth": 122.07,
    "PixelSpacing": [
      0.4688,
      0.4688
    ],
    "ReceiveCoilName": "8HRBRAIN",
    "RepetitionTime": 0.0064,
    "Rows": 512,
    "SATFatWaterBone": 0,
    "ScanOptions": [
      "FAST_GEMS",
      "EDR_GEMS",
      "FILTERED_GEMS",
      "ACC_GEMS"
    ],
    "ScanningSequence": "GR",
    "SequenceVariant": [
      "SS",
      "SK"
    ],
    "SeriesDate": "18740122",
    "SeriesDescription": "Sag3D_T1_1mm3",
    "SeriesNumber": 2,
    "SeriesTime": "201406",
    "SliceThickness": 1,
    "SpacingBetweenSlices": 1,
    "StudyTime": "201213",
    "modality": "T1w",
    "session_id": "1",
    "subject_id": "9081"
  },
  "cjv": 0.4253237475818976,
  "cnr": 3.179949886426883,
  "efc": 0.6702045025852246,
  "fber": 167.63088989257812,
  "fwhm_avg": 6.0177822719362695,
  "fwhm_x": 3.98208,
  "fwhm_y": 7.025255848361107,
  "fwhm_z": 7.046010967447702,
  "icvs_csf": 0.2370050412977973,
  "icvs_gm": 0.40239617302222147,
  "icvs_wm": 0.3605987856799812,
  "inu_med": 1.245204210281372,
  "inu_range": 0.4783444166183468,
  "provenance": {
    "md5sum": "7880f7b3b433fca2e8aaec26ffc37024",
    "mriqc_pred": 0,
    "settings": {
      "testing": false
    },
    "software": "mriqc",
    "version": "0.9.6",
    "warnings": {
      "large_rot_frame": true,
      "small_air_mask": false
    }
  },
  "qi_1": 6.562053122558083e-05,
  "qi_2": 0.00033937099106761125,
  "rpve_csf": 20.080683379873502,
  "rpve_gm": 11.782542876480852,
  "rpve_wm": 15.797399602670197,
  "size_x": 180,
  "size_y": 512,
  "size_z": 512,
  "snr_csf": 3.920117734503496,
  "snr_gm": 13.310123142496966,
  "snr_total": 11.15289298594467,
  "snr_wm": 16.228438080833552,
  "snrd_csf": 16.008467356579285,
  "snrd_gm": 31.28525414252121,
  "snrd_total": 30.026867845571033,
  "snrd_wm": 42.78688203761261,
  "spacing_x": 1.0,
  "spacing_y": 0.46880000829696655,
  "spacing_z": 0.46880000829696655,
  "summary_bg_k": 4.335876154969957,
  "summary_bg_mad": 15.311840057373047,
  "summary_bg_mean": 50.9199104309082,
  "summary_bg_median": 48.0166015625,
  "summary_bg_n": 10142464.0,
  "summary_bg_p05": 27.687575244903563,
  "summary_bg_p95": 83.86785659790038,
  "summary_bg_stdv": 18.194751739501953,
  "summary_csf_k": -0.4374761248766057,
  "summary_csf_mad": 103.91992950439453,
  "summary_csf_mean": 383.863037109375,
  "summary_csf_median": 374.14971923828125,
  "summary_csf_n": 214435.0,
  "summary_csf_p05": 241.28911743164062,
  "summary_csf_p95": 543.8035827636718,
  "summary_csf_stdv": 95.44326782226562,
  "summary_gm_k": 0.33927950430511933,
  "summary_gm_mad": 53.559410095214844,
  "summary_gm_mean": 733.010009765625,
  "summary_gm_median": 731.1986083984375,
  "summary_gm_n": 203526.0,
  "summary_gm_p05": 646.5302124023438,
  "summary_gm_p95": 826.0302734375,
  "summary_gm_stdv": 54.93539047241211,
  "summary_wm_k": 0.23316611646374108,
  "summary_wm_mad": 60.774383544921875,
  "summary_wm_mean": 1000.328125,
  "summary_wm_median": 1000.0145263671875,
  "summary_wm_n": 1184930.0,
  "summary_wm_p05": 899.361898803711,
  "summary_wm_p95": 1101.7348999023438,
  "summary_wm_stdv": 61.62109375,
  "tpm_overlap_csf": 0.1950627863407135,
  "tpm_overlap_gm": 0.4621964693069458,
  "tpm_overlap_wm": 0.5278236269950867,
  "wm2max": 0.4513649594282155
}