{
  "bids_meta": {
    "AcquisitionDuration": 238.444688,
    "Columns": 512,
    "EchoTime": 0.00281,
    "EchoTrainLength": 1,
    "EffectiveEchoSpacing": 0,
    "FieldOfView": [
      240.03,
      240.03,
      180
    ],
    "FlipAngle": 11,
    "GEImageTypeRIMPCode": 0,
    "ImageType": "ORIGINAL/PRIMARY/OTHER",
    "ImagingFrequency": 127.76523,
    "InplanePhaseEncodingDirection": "ROW",
    "InversionTime": 0.45,
    "MRAcquisitionType": "3D",
    "MagneticFieldStrength": 3,
    "Manufacturer": "GE MEDICAL SYSTEMS",
    "ManufacturersModelName": "DISCOVERY MR750",
    "NumberOfAverages": 1,
    "NumberOfEPIShots": 0,
    "NumberOfEchoes": 1,
    "NumberOfSlices": 180,
    "ParallelImagingReductionFactors": [
      0.571429,
      1
    ],
    "PercentPhaseFieldOfView": 100,
    "PhaseEncodingDirection": "i",
    "PixelBandwidth": 122.07,
    "PixelSpacing": [
      0.4688,
      0.4688
    ],
    "ReceiveCoilName": "8HRBRAIN",
    "RepetitionTime": 0.0064,
    "Rows": 512,
    "SATFatWaterBone": 0,
    "ScanOptions": [
      "FAST_GEMS",
      "EDR_GEMS",
      "FILTERED_GEMS",
      "ACC_GEMS"
    ],
    "ScanningSequence": "GR",
    "SequenceVariant": [
      "SS",
      "SK"
    ],
    "SeriesDate": "18730404",
    "SeriesDescription": "Sag3D_T1_1mm3",
    "SeriesNumber": 2,
    "SeriesTime": "193354",
    "SliceThickness": 1,
    "SpacingBetweenSlices": 1,
    "StudyTime": "193209",
    "modality": "T1w",
    "session_id": "1",
    "subject_id": "9077"
  },
  "cjv": 0.3586108383794757,
  "cnr": 3.684662158740142,
  "efc": 0.6290398287902625,
  "fber": 161.7346649169922,
  "fwhm_avg": 6.945879925231857,
  "fwhm_x": 4.30703,
  "fwhm_y": 8.374893196488463,
  "fwhm_z": 8.155716579207107,
  "icvs_csf": 0.21600037498363722,
  "icvs_gm": 0.4122038908472341,
  "icvs_wm": 0.3717957341691287,
  "inu_med": 1.1696206331253052,
  "inu_range": 0.5190242230892181,
  "provenance": {
    "md5sum": "70685a2eba41ab1e4afc21b408dd8c0f",
    "mriqc_pred": 0,
    "settings": {
      "testing": false
    },
    "software": "mriqc",
    "version": "0.9.6",
    "warnings": {
      "large_rot_frame": true,
      "small_air_mask": false
    }
  },
  "qi_1": 0.0,
  "qi_2": 0.0008454785279879061,
  "rpve_csf": 24.25110210022335,
  "rpve_gm": 13.229243977021783,
  "rpve_wm": 17.41739994771619,
  "size_x": 180,
  "size_y": 512,
  "size_z": 512,
  "snr_csf": 3.697953858373676,
  "snr_gm": 13.60750660477658,
  "snr_total": 12.319739536700801,
  "snr_wm": 19.653758146952146,
  "snrd_csf": 14.593431040153112,
  "snrd_gm": 29.61976447225735,
  "snrd_total": 28.436148369020756,
  "snrd_wm": 41.095249594651804,
  "spacing_x": 1.0,
  "spacing_y": 0.46880000829696655,
  "spacing_z": 0.46880000829696655,
  "summary_bg_k": 10.251144698532304,
  "summary_bg_mad": 15.941987037658691,
  "summary_bg_mean": 51.471519470214844,
  "summary_bg_median": 48.654396057128906,
  "summary_bg_n": 9298646.0,
  "summary_bg_p05": 27.182475566864014,
  "summary_bg_p95": 85.47898292541504,
  "summary_bg_stdv": 18.678993225097656,
  "summary_csf_k": -0.405394366824829,
  "summary_csf_mad": 103.7159194946289,
  "summary_csf_mean": 364.3700256347656,
  "summary_csf_median": 355.1142883300781,
  "summary_csf_n": 152244.0,
  "summary_csf_p05": 220.7411895751953,
  "summary_csf_p95": 527.5220123291016,
  "summary_csf_stdv": 96.02962493896484,
  "summary_gm_k": 0.2717552480763876,
  "summary_gm_mad": 51.19773864746094,
  "summary_gm_mean": 722.2793579101562,
  "summary_gm_median": 720.7627563476562,
  "summary_gm_n": 192491.0,
  "summary_gm_p05": 638.2318115234375,
  "summary_gm_p95": 812.0887145996094,
  "summary_gm_stdv": 52.96788787841797,
  "summary_wm_k": 0.3896422074984205,
  "summary_wm_mad": 48.94171142578125,
  "summary_wm_mean": 1001.0924072265625,
  "summary_wm_median": 1000.0054321289062,
  "summary_wm_n": 1100335.0,
  "summary_wm_p05": 919.4470458984374,
  "summary_wm_p95": 1085.8206298828125,
  "summary_wm_stdv": 50.881107330322266,
  "tpm_overlap_csf": 0.21222418546676636,
  "tpm_overlap_gm": 0.4941370487213135,
  "tpm_overlap_wm": 0.5614805221557617,
  "wm2max": 0.43209577853298714
}