{
  "bids_meta": {
    "AcquisitionDuration": 238.55128,
    "Columns": 512,
    "EchoTime": 0.00281,
    "EchoTrainLength": 1,
    "EffectiveEchoSpacing": 0,
    "FieldOfView": [
      240.03,
      240.03,
      180
    ],
    "FlipAngle": 11,
    "GEImageTypeRIMPCode": 0,
    "ImageType": "ORIGINAL/PRIMARY/OTHER",
    "ImagingFrequency": 127.765039,
    "InplanePhaseEncodingDirection": "ROW",
    "InversionTime": 0.45,
    "MRAcquisitionType": "3D",
    "MagneticFieldStrength": 3,
    "Manufacturer": "GE MEDICAL SYSTEMS",
    "ManufacturersModelName": "DISCOVERY MR750",
    "NumberOfAverages": 1,
    "NumberOfEPIShots": 0,
    "NumberOfEchoes": 1,
    "NumberOfSlices": 180,
    "ParallelImagingReductionFactors": [
      0.571429,
      1
    ],
    "PercentPhaseFieldOfView": 100,
    "PhaseEncodingDirection": "i",
    "PixelBandwidth": 122.07,
    "PixelSpacing": [
      0.4688,
      0.4688
    ],
    "ReceiveCoilName": "8HRBRAIN",
    "RepetitionTime": 0.0064,
    "Rows": 512,
    "SATFatWaterBone": 0,
    "ScanOptions": [
      "FAST_GEMS",
      "EDR_GEMS",
      "FILTERED_GEMS",
      "ACC_GEMS"
    ],
    "ScanningSequence": "GR",
    "SequenceVariant": [
      "SS",
      "SK"
    ],
    "SeriesDate": "18740328",
    "SeriesDescription": "Sag3D_T1_1mm3",
    "SeriesNumber": 2,
    "SeriesTime": "180309",
    "SliceThickness": 1,
    "SpacingBetweenSlices": 1,
    "StudyTime": "180127",
    "modality": "T1w",
    "session_id": "1",
    "subject_id": "9005"
  },
  "cjv": 0.4436305958633902,
  "cnr": 3.083404987487512,
  "efc": 0.640736368214,
  "fber": 174.71873474121094,
  "fwhm_avg": 5.8467288716595975,
  "fwhm_x": 3.692,
  "fwhm_y": 7.020328374045585,
  "fwhm_z": 6.827858240933209,
  "icvs_csf": 0.21715311578074734,
  "icvs_gm": 0.40677457514078935,
  "icvs_wm": 0.3760723090784633,
  "inu_med": 1.2641358375549316,
  "inu_range": 0.4542406499385834,
  "provenance": {
    "md5sum": "dc0726e2af504cbd12ab21f084753ffa",
    "mriqc_pred": 0,
    "settings": {
      "testing": false
    },
    "software": "mriqc",
    "version": "0.9.6",
    "warnings": {
      "large_rot_frame": true,
      "small_air_mask": false
    }
  },
  "qi_1": 0.0,
  "qi_2": 0.00032471264016331613,
  "rpve_csf": 23.313800431394185,
  "rpve_gm": 12.627358994772099,
  "rpve_wm": 15.945547844139275,
  "size_x": 180,
  "size_y": 512,
  "size_z": 512,
  "snr_csf": 3.1352907314968514,
  "snr_gm": 12.842893593992773,
  "snr_total": 10.901186445449929,
  "snr_wm": 16.725375010860162,
  "snrd_csf": 14.599215710833162,
  "snrd_gm": 32.96504737844802,
  "snrd_total": 30.721170303149204,
  "snrd_wm": 44.599247820166426,
  "spacing_x": 1.0,
  "spacing_y": 0.46880000829696655,
  "spacing_z": 0.46880000829696655,
  "summary_bg_k": 4.380469260022061,
  "summary_bg_mad": 14.689534187316895,
  "summary_bg_mean": 49.85574722290039,
  "summary_bg_median": 47.65998840332031,
  "summary_bg_n": 9903402.0,
  "summary_bg_p05": 27.63887414932251,
  "summary_bg_p95": 79.64044189453125,
  "summary_bg_stdv": 16.44392967224121,
  "summary_csf_k": 62.499849986109396,
  "summary_csf_mad": 60.91636657714844,
  "summary_csf_mean": 341.9949951171875,
  "summary_csf_median": 327.3450927734375,
  "summary_csf_n": 245596.0,
  "summary_csf_p05": 238.4290657043457,
  "summary_csf_p95": 479.72286224365234,
  "summary_csf_stdv": 104.40640258789062,
  "summary_gm_k": 0.13164456930538737,
  "summary_gm_mad": 56.364585876464844,
  "summary_gm_mean": 740.9483642578125,
  "summary_gm_median": 739.1456298828125,
  "summary_gm_n": 200933.0,
  "summary_gm_p05": 649.1008422851562,
  "summary_gm_p95": 838.6879272460938,
  "summary_gm_stdv": 57.5527458190918,
  "summary_wm_k": 0.08866586030356105,
  "summary_wm_mad": 59.36231994628906,
  "summary_wm_mean": 1001.518310546875,
  "summary_wm_median": 1000.0088500976562,
  "summary_wm_n": 1112732.0,
  "summary_wm_p05": 906.1082824707032,
  "summary_wm_p95": 1102.4827209472655,
  "summary_wm_stdv": 59.789894104003906,
  "tpm_overlap_csf": 0.20739756524562836,
  "tpm_overlap_gm": 0.4555791914463043,
  "tpm_overlap_wm": 0.5197309851646423,
  "wm2max": 0.4261251597263122
}