{
  "bids_meta": {
    "AcquisitionDuration": 393.111008,
    "Columns": 512,
    "EchoTime": 0.12811,
    "EchoTrainLength": 140,
    "EffectiveEchoSpacing": 0,
    "FieldOfView": [
      240.03,
      240.03,
      87.6
    ],
    "FlipAngle": 90,
    "GEImageTypeRIMPCode": 0,
    "ImageType": "ORIGINAL/PRIMARY/OTHER",
    "ImagingFrequency": 127.765145,
    "InplanePhaseEncodingDirection": "ROW",
    "InversionTime": 1.859,
    "MRAcquisitionType": "3D",
    "MagneticFieldStrength": 3,
    "Manufacturer": "GE MEDICAL SYSTEMS",
    "ManufacturersModelName": "DISCOVERY MR750",
    "NumberOfAverages": 1,
    "NumberOfEPIShots": 1,
    "NumberOfEchoes": 1,
    "NumberOfSlices": 146,
    "ParallelImagingReductionFactors": [
      0.5,
      0.5
    ],
    "PercentPhaseFieldOfView": 100,
    "PhaseEncodingDirection": "i",
    "PixelBandwidth": 122.07,
    "PixelSpacing": [
      0.4688,
      0.4688
    ],
    "ReceiveCoilName": "8HRBRAIN",
    "RepetitionTime": 6,
    "Rows": 512,
    "SATFatWaterBone": 0,
    "ScanOptions": [
      "EDR_GEMS",
      "FILTERED_GEMS",
      "ACC_GEMS"
    ],
    "ScanningSequence": [
      "SE",
      "IR"
    ],
    "SequenceVariant": "SK",
    "SeriesDate": "18730312",
    "SeriesDescription": "Sag CUBE T2 flair",
    "SeriesNumber": 11,
    "SeriesTime": "191401",
    "SliceThickness": 1.2,
    "SpacingBetweenSlices": 0.600002,
    "StudyTime": "180039",
    "modality": "T2w",
    "session_id": "1",
    "subject_id": "9022"
  },
  "cjv": 0.6013389543938643,
  "cnr": 0.891603440627268,
  "efc": 0.5911855260148259,
  "fber": 299.9049377441406,
  "fwhm_avg": 4.958177448950466,
  "fwhm_x": 4.424916490836283,
  "fwhm_y": 5.3621799392281835,
  "fwhm_z": 5.087435916786934,
  "icvs_csf": 0.42647546557444427,
  "icvs_gm": 0.4431794746953854,
  "icvs_wm": 0.13034505973017035,
  "inu_med": 1.167441487312317,
  "inu_range": 0.661319237947464,
  "provenance": {
    "md5sum": "ab79f024476f2c0e1d78627216da62d5",
    "settings": {
      "testing": false
    },
    "software": "mriqc",
    "version": "0.9.6",
    "warnings": {
      "large_rot_frame": true,
      "small_air_mask": false
    }
  },
  "qi_1": 0.0,
  "qi_2": 0.0006049889500486868,
  "rpve_csf": 15.77757611858672,
  "rpve_gm": 14.351852225430061,
  "rpve_wm": 45.339458795875544,
  "size_x": 292,
  "size_y": 512,
  "size_z": 512,
  "snr_csf": 13.51679476897489,
  "snr_gm": 15.087630534969481,
  "snr_total": 9.82067219672052,
  "snr_wm": 0.857591286217189,
  "snrd_csf": 49.33210830052836,
  "snrd_gm": 39.718816796895815,
  "snrd_total": 36.149381328738144,
  "snrd_wm": 19.39721888879025,
  "spacing_x": 0.6000000238418579,
  "spacing_y": 0.46880000829696655,
  "spacing_z": 0.46880000829696655,
  "summary_bg_k": 13.451070952721064,
  "summary_bg_mad": 33.740352630615234,
  "summary_bg_mean": 101.52587127685547,
  "summary_bg_median": 90.91109466552734,
  "summary_bg_n": 19231225.0,
  "summary_bg_p05": 47.87001495361328,
  "summary_bg_p95": 190.9971130371094,
  "summary_bg_stdv": 50.81984329223633,
  "summary_csf_k": 0.16290824871984544,
  "summary_csf_mad": 185.38644409179688,
  "summary_csf_mean": 2551.900634765625,
  "summary_csf_median": 2540.666015625,
  "summary_csf_n": 589450.0,
  "summary_csf_p05": 2263.657604980469,
  "summary_csf_p95": 2880.1499267578124,
  "summary_csf_stdv": 187.96348571777344,
  "summary_gm_k": -0.014958819888314157,
  "summary_gm_mad": 135.43495178222656,
  "summary_gm_mean": 2046.1192626953125,
  "summary_gm_median": 2045.5693359375,
  "summary_gm_n": 254724.0,
  "summary_gm_p05": 1824.3418762207032,
  "summary_gm_p95": 2270.85390625,
  "summary_gm_stdv": 135.57896423339844,
  "summary_wm_k": 5.89323423917711,
  "summary_wm_mad": 493.919189453125,
  "summary_wm_mean": 1270.432373046875,
  "summary_wm_median": 998.9813232421875,
  "summary_wm_n": 95195.0,
  "summary_wm_p05": 270.79953918457034,
  "summary_wm_p95": 4370.283251953126,
  "summary_wm_stdv": 1164.8626708984375,
  "tpm_overlap_csf": 0.08965829014778137,
  "tpm_overlap_gm": 0.3307717740535736,
  "tpm_overlap_wm": 0.08973801136016846,
  "wm2max": 0.16651789516458113
}