{
  "bids_meta": {
    "AcquisitionDuration": 238.55128,
    "Columns": 512,
    "EchoTime": 0.00281,
    "EchoTrainLength": 1,
    "EffectiveEchoSpacing": 0,
    "FieldOfView": [
      240.03,
      240.03,
      180
    ],
    "FlipAngle": 11,
    "GEImageTypeRIMPCode": 0,
    "ImageType": "ORIGINAL/PRIMARY/OTHER",
    "ImagingFrequency": 127.765115,
    "InplanePhaseEncodingDirection": "ROW",
    "InversionTime": 0.45,
    "MRAcquisitionType": "3D",
    "MagneticFieldStrength": 3,
    "Manufacturer": "GE MEDICAL SYSTEMS",
    "ManufacturersModelName": "DISCOVERY MR750",
    "NumberOfAverages": 1,
    "NumberOfEPIShots": 0,
    "NumberOfEchoes": 1,
    "NumberOfSlices": 180,
    "ParallelImagingReductionFactors": [
      0.571429,
      1
    ],
    "PercentPhaseFieldOfView": 100,
    "PhaseEncodingDirection": "i",
    "PixelBandwidth": 122.07,
    "PixelSpacing": [
      0.4688,
      0.4688
    ],
    "ReceiveCoilName": "8HRBRAIN",
    "RepetitionTime": 0.0064,
    "Rows": 512,
    "SATFatWaterBone": 0,
    "ScanOptions": [
      "FAST_GEMS",
      "EDR_GEMS",
      "FILTERED_GEMS",
      "ACC_GEMS"
    ],
    "ScanningSequence": "GR",
    "SequenceVariant": [
      "SS",
      "SK"
    ],
    "SeriesDate": "18740320",
    "SeriesDescription": "Sag3D_T1_1mm3",
    "SeriesNumber": 2,
    "SeriesTime": "195036",
    "SliceThickness": 1,
    "SpacingBetweenSlices": 1,
    "StudyTime": "194839",
    "modality": "T1w",
    "session_id": "1",
    "subject_id": "9003"
  },
  "cjv": 0.38238397150978665,
  "cnr": 3.5312551309346323,
  "efc": 0.6443867097323349,
  "fber": 161.01031494140625,
  "fwhm_avg": 5.905267426485593,
  "fwhm_x": 3.80823,
  "fwhm_y": 7.115699532767233,
  "fwhm_z": 6.791872746689545,
  "icvs_csf": 0.21274858980858577,
  "icvs_gm": 0.3948034620519234,
  "icvs_wm": 0.39244794813949085,
  "inu_med": 1.301900029182434,
  "inu_range": 0.4216945528984066,
  "provenance": {
    "md5sum": "aa8c6ed1e3b72ad0e9d09f5e0c70b161",
    "mriqc_pred": 0,
    "settings": {
      "testing": false
    },
    "software": "mriqc",
    "version": "0.9.6",
    "warnings": {
      "large_rot_frame": true,
      "small_air_mask": false
    }
  },
  "qi_1": 0.0,
  "qi_2": 0.0002642102847893073,
  "rpve_csf": 24.969920911293002,
  "rpve_gm": 13.521520222587977,
  "rpve_wm": 16.461766337223892,
  "size_x": 180,
  "size_y": 512,
  "size_z": 512,
  "snr_csf": 4.430229405999387,
  "snr_gm": 13.631367228861713,
  "snr_total": 12.50607425092633,
  "snr_wm": 19.45662611791789,
  "snrd_csf": 14.553758943721942,
  "snrd_gm": 32.109259775249164,
  "snrd_total": 30.196438531506278,
  "snrd_wm": 43.92629687554773,
  "spacing_x": 1.0,
  "spacing_y": 0.46880000829696655,
  "spacing_z": 0.46880000829696655,
  "summary_bg_k": 3.626980305472279,
  "summary_bg_mad": 14.91468620300293,
  "summary_bg_mean": 51.38445281982422,
  "summary_bg_median": 49.31951141357422,
  "summary_bg_n": 9560239.0,
  "summary_bg_p05": 28.2544002532959,
  "summary_bg_p95": 81.61094665527341,
  "summary_bg_stdv": 16.928640365600586,
  "summary_csf_k": 16.15188103936054,
  "summary_csf_mad": 64.7474365234375,
  "summary_csf_mean": 340.7161865234375,
  "summary_csf_median": 331.32757568359375,
  "summary_csf_n": 193908.0,
  "summary_csf_p05": 235.6098045349121,
  "summary_csf_p95": 479.8420623779296,
  "summary_csf_stdv": 74.78771209716797,
  "summary_gm_k": 0.13318214823745222,
  "summary_gm_mad": 53.03497314453125,
  "summary_gm_mean": 731.9868774414062,
  "summary_gm_median": 730.9921264648438,
  "summary_gm_n": 173807.0,
  "summary_gm_p05": 645.81240234375,
  "summary_gm_p95": 821.6743408203124,
  "summary_gm_stdv": 53.62558364868164,
  "summary_wm_k": 0.2836197653453776,
  "summary_wm_mad": 49.835487365722656,
  "summary_wm_mean": 1002.115966796875,
  "summary_wm_median": 1000.01611328125,
  "summary_wm_n": 1177115.0,
  "summary_wm_p05": 921.3769348144531,
  "summary_wm_p95": 1090.1061889648438,
  "summary_wm_stdv": 51.397178649902344,
  "tpm_overlap_csf": 0.21557144820690155,
  "tpm_overlap_gm": 0.4602341055870056,
  "tpm_overlap_wm": 0.5633662939071655,
  "wm2max": 0.40169244039552227
}