{
  "bids_meta": {
    "AcquisitionDuration": 238.55128,
    "Columns": 512,
    "EchoTime": 0.00281,
    "EchoTrainLength": 1,
    "EffectiveEchoSpacing": 0,
    "FieldOfView": [
      240.03,
      240.03,
      180
    ],
    "FlipAngle": 11,
    "GEImageTypeRIMPCode": 0,
    "ImageType": "ORIGINAL/PRIMARY/OTHER",
    "ImagingFrequency": 127.765024,
    "InplanePhaseEncodingDirection": "ROW",
    "InversionTime": 0.45,
    "MRAcquisitionType": "3D",
    "MagneticFieldStrength": 3,
    "Manufacturer": "GE MEDICAL SYSTEMS",
    "ManufacturersModelName": "DISCOVERY MR750",
    "NumberOfAverages": 1,
    "NumberOfEPIShots": 0,
    "NumberOfEchoes": 1,
    "NumberOfSlices": 180,
    "ParallelImagingReductionFactors": [
      0.571429,
      1
    ],
    "PercentPhaseFieldOfView": 100,
    "PhaseEncodingDirection": "i",
    "PixelBandwidth": 122.07,
    "PixelSpacing": [
      0.4688,
      0.4688
    ],
    "ReceiveCoilName": "8HRBRAIN",
    "RepetitionTime": 0.0064,
    "Rows": 512,
    "SATFatWaterBone": 0,
    "ScanOptions": [
      "FAST_GEMS",
      "EDR_GEMS",
      "FILTERED_GEMS",
      "ACC_GEMS"
    ],
    "ScanningSequence": "GR",
    "SequenceVariant": [
      "SS",
      "SK"
    ],
    "SeriesDate": "18740527",
    "SeriesDescription": "Sag3D_T1_1mm3",
    "SeriesNumber": 2,
    "SeriesTime": "175933",
    "SliceThickness": 1,
    "SpacingBetweenSlices": 1,
    "StudyTime": "175759",
    "modality": "T1w",
    "session_id": "2",
    "subject_id": "9028"
  },
  "cjv": 0.4210799000879437,
  "cnr": 3.2194454029459627,
  "efc": 0.6838462043306753,
  "fber": 131.04165649414062,
  "fwhm_avg": 6.401787021049839,
  "fwhm_x": 4.06784,
  "fwhm_y": 7.963801053593449,
  "fwhm_z": 7.173720009556068,
  "icvs_csf": 0.22361504691860265,
  "icvs_gm": 0.4120076400294892,
  "icvs_wm": 0.3643773130519081,
  "inu_med": 1.200483798980713,
  "inu_range": 0.46188279390335063,
  "provenance": {
    "md5sum": "0f8b056ac093e9e759aa1ef050690590",
    "mriqc_pred": 0,
    "settings": {
      "testing": false
    },
    "software": "mriqc",
    "version": "0.9.6",
    "warnings": {
      "large_rot_frame": true,
      "small_air_mask": false
    }
  },
  "qi_1": 0.0,
  "qi_2": 0.00030285512501524977,
  "rpve_csf": 20.300964795737368,
  "rpve_gm": 11.37612034538122,
  "rpve_wm": 15.466041510658561,
  "size_x": 180,
  "size_y": 512,
  "size_z": 512,
  "snr_csf": 4.088752241436758,
  "snr_gm": 12.512997612063957,
  "snr_total": 11.421080260572673,
  "snr_wm": 17.6614909282173,
  "snrd_csf": 17.56327193226366,
  "snrd_gm": 30.435610638752532,
  "snrd_total": 29.86764191318976,
  "snrd_wm": 41.6040431685531,
  "spacing_x": 1.0,
  "spacing_y": 0.46880000829696655,
  "spacing_z": 0.46880000829696655,
  "summary_bg_k": 2.160693119364222,
  "summary_bg_mad": 15.747123718261719,
  "summary_bg_mean": 55.40384292602539,
  "summary_bg_median": 53.11506652832031,
  "summary_bg_n": 7773673.0,
  "summary_bg_p05": 30.67654838562012,
  "summary_bg_p95": 88.19869079589841,
  "summary_bg_stdv": 18.13393211364746,
  "summary_csf_k": -0.2592755586598394,
  "summary_csf_mad": 109.41050720214844,
  "summary_csf_mean": 413.51336669921875,
  "summary_csf_median": 422.1579284667969,
  "summary_csf_n": 173591.0,
  "summary_csf_p05": 233.9529266357422,
  "summary_csf_p95": 566.9901733398438,
  "summary_csf_stdv": 103.24829864501953,
  "summary_gm_k": 0.10344564476857299,
  "summary_gm_mad": 57.57698059082031,
  "summary_gm_mean": 734.1981811523438,
  "summary_gm_median": 731.5626831054688,
  "summary_gm_n": 211215.0,
  "summary_gm_p05": 642.4265441894531,
  "summary_gm_p95": 835.0818298339844,
  "summary_gm_stdv": 58.46408462524414,
  "summary_wm_k": 0.9481187792752181,
  "summary_wm_mad": 55.46148681640625,
  "summary_wm_mean": 1000.918701171875,
  "summary_wm_median": 1000.0116577148438,
  "summary_wm_n": 1224201.0,
  "summary_wm_p05": 909.35546875,
  "summary_wm_p95": 1094.228515625,
  "summary_wm_stdv": 56.62099838256836,
  "tpm_overlap_csf": 0.17774274945259094,
  "tpm_overlap_gm": 0.47421178221702576,
  "tpm_overlap_wm": 0.5192476511001587,
  "wm2max": 0.4774140281076173
}