{
  "bids_meta": {
    "AcquisitionDuration": 238.444688,
    "Columns": 512,
    "EchoTime": 0.00281,
    "EchoTrainLength": 1,
    "EffectiveEchoSpacing": 0,
    "FieldOfView": [
      240.03,
      240.03,
      180
    ],
    "FlipAngle": 11,
    "GEImageTypeRIMPCode": 0,
    "ImageType": "ORIGINAL/PRIMARY/OTHER",
    "ImagingFrequency": 127.765198,
    "InplanePhaseEncodingDirection": "ROW",
    "InversionTime": 0.45,
    "MRAcquisitionType": "3D",
    "MagneticFieldStrength": 3,
    "Manufacturer": "GE MEDICAL SYSTEMS",
    "ManufacturersModelName": "DISCOVERY MR750",
    "NumberOfAverages": 1,
    "NumberOfEPIShots": 0,
    "NumberOfEchoes": 1,
    "NumberOfSlices": 180,
    "ParallelImagingReductionFactors": [
      0.571429,
      1
    ],
    "PercentPhaseFieldOfView": 100,
    "PhaseEncodingDirection": "i",
    "PixelBandwidth": 122.07,
    "PixelSpacing": [
      0.4688,
      0.4688
    ],
    "ReceiveCoilName": "8HRBRAIN",
    "RepetitionTime": 0.0064,
    "Rows": 512,
    "SATFatWaterBone": 0,
    "ScanOptions": [
      "FAST_GEMS",
      "EDR_GEMS",
      "FILTERED_GEMS",
      "ACC_GEMS"
    ],
    "ScanningSequence": "GR",
    "SequenceVariant": [
      "SS",
      "SK"
    ],
    "SeriesDate": "18730219",
    "SeriesDescription": "Sag3D_T1_1mm3",
    "SeriesNumber": 2,
    "SeriesTime": "185022",
    "SliceThickness": 1,
    "SpacingBetweenSlices": 1,
    "StudyTime": "184838",
    "modality": "T1w",
    "session_id": "2",
    "subject_id": "9057"
  },
  "cjv": 0.34165465656096705,
  "cnr": 3.7746883890220237,
  "efc": 0.6156095702796556,
  "fber": 179.7115936279297,
  "fwhm_avg": 6.774403158740125,
  "fwhm_x": 4.22722,
  "fwhm_y": 8.284492174197624,
  "fwhm_z": 7.811497302022756,
  "icvs_csf": 0.2265790686500592,
  "icvs_gm": 0.4099131092146072,
  "icvs_wm": 0.3635078221353336,
  "inu_med": 1.1910163164138794,
  "inu_range": 0.455179825425148,
  "provenance": {
    "md5sum": "18f8953edc83b4bb79f4327c8560e3ab",
    "mriqc_pred": 0,
    "settings": {
      "testing": false
    },
    "software": "mriqc",
    "version": "0.9.6",
    "warnings": {
      "large_rot_frame": true,
      "small_air_mask": false
    }
  },
  "qi_1": 5.0611631554240423e-05,
  "qi_2": 0.00032746485948931215,
  "rpve_csf": 23.787794982719635,
  "rpve_gm": 13.38230810667326,
  "rpve_wm": 17.919393072208493,
  "size_x": 180,
  "size_y": 512,
  "size_z": 512,
  "snr_csf": 4.0795632560452555,
  "snr_gm": 13.215820136798323,
  "snr_total": 12.398697619468615,
  "snr_wm": 19.90070946556227,
  "snrd_csf": 19.03477569828743,
  "snrd_gm": 34.30281236759485,
  "snrd_total": 33.768646981071306,
  "snrd_wm": 47.96835287733163,
  "spacing_x": 1.0,
  "spacing_y": 0.46880000829696655,
  "spacing_z": 0.46880000829696655,
  "summary_bg_k": 5.099867416909472,
  "summary_bg_mad": 13.657723426818848,
  "summary_bg_mean": 48.20637130737305,
  "summary_bg_median": 46.1888313293457,
  "summary_bg_n": 10378973.0,
  "summary_bg_p05": 27.30347671508789,
  "summary_bg_p95": 75.96892852783203,
  "summary_bg_stdv": 15.595808982849121,
  "summary_csf_k": -0.40620575344925314,
  "summary_csf_mad": 109.98548889160156,
  "summary_csf_mean": 394.2424011230469,
  "summary_csf_median": 396.82073974609375,
  "summary_csf_n": 208681.0,
  "summary_csf_p05": 238.89291381835938,
  "summary_csf_p95": 544.6226806640625,
  "summary_csf_stdv": 97.2701644897461,
  "summary_gm_k": 0.45698118909121943,
  "summary_gm_mad": 51.09294891357422,
  "summary_gm_mean": 718.3284912109375,
  "summary_gm_median": 715.11572265625,
  "summary_gm_n": 194439.0,
  "summary_gm_p05": 635.4974670410156,
  "summary_gm_p95": 813.0776245117188,
  "summary_gm_stdv": 54.110443115234375,
  "summary_wm_k": 1.0470181298627947,
  "summary_wm_mad": 46.240196228027344,
  "summary_wm_mean": 1000.5872192382812,
  "summary_wm_median": 1000.0032348632812,
  "summary_wm_n": 1042979.0,
  "summary_wm_p05": 919.6598999023438,
  "summary_wm_p95": 1082.082958984375,
  "summary_wm_stdv": 50.249603271484375,
  "tpm_overlap_csf": 0.20382948219776154,
  "tpm_overlap_gm": 0.4887707233428955,
  "tpm_overlap_wm": 0.5471318364143372,
  "wm2max": 0.44990668674150613
}