{
  "bids_meta": {
    "AcquisitionDuration": 238.444688,
    "Columns": 512,
    "EchoTime": 0.00281,
    "EchoTrainLength": 1,
    "EffectiveEchoSpacing": 0,
    "FieldOfView": [
      240.03,
      240.03,
      180
    ],
    "FlipAngle": 11,
    "GEImageTypeRIMPCode": 0,
    "ImageType": "ORIGINAL/PRIMARY/OTHER",
    "ImagingFrequency": 127.765151,
    "InplanePhaseEncodingDirection": "ROW",
    "InversionTime": 0.45,
    "MRAcquisitionType": "3D",
    "MagneticFieldStrength": 3,
    "Manufacturer": "GE MEDICAL SYSTEMS",
    "ManufacturersModelName": "DISCOVERY MR750",
    "NumberOfAverages": 1,
    "NumberOfEPIShots": 0,
    "NumberOfEchoes": 1,
    "NumberOfSlices": 180,
    "ParallelImagingReductionFactors": [
      0.571429,
      1
    ],
    "PercentPhaseFieldOfView": 100,
    "PhaseEncodingDirection": "i",
    "PixelBandwidth": 122.07,
    "PixelSpacing": [
      0.4688,
      0.4688
    ],
    "ReceiveCoilName": "8HRBRAIN",
    "RepetitionTime": 0.0064,
    "Rows": 512,
    "SATFatWaterBone": 0,
    "ScanOptions": [
      "FAST_GEMS",
      "EDR_GEMS",
      "FILTERED_GEMS",
      "ACC_GEMS"
    ],
    "ScanningSequence": "GR",
    "SequenceVariant": [
      "SS",
      "SK"
    ],
    "SeriesDate": "18730324",
    "SeriesDescription": "Sag3D_T1_1mm3",
    "SeriesNumber": 2,
    "SeriesTime": "183944",
    "SliceThickness": 1,
    "SpacingBetweenSlices": 1,
    "StudyTime": "183813",
    "modality": "T1w",
    "session_id": "2",
    "subject_id": "9083"
  },
  "cjv": 0.35189024828497645,
  "cnr": 3.7212387294875326,
  "efc": 0.6709154295851705,
  "fber": 131.07081604003906,
  "fwhm_avg": 6.1335933378236005,
  "fwhm_x": 3.73459,
  "fwhm_y": 7.640528875014478,
  "fwhm_z": 7.025661138456323,
  "icvs_csf": 0.2112349005513756,
  "icvs_gm": 0.4213836574248994,
  "icvs_wm": 0.367381442023725,
  "inu_med": 1.1614869832992554,
  "inu_range": 0.4673856616020201,
  "provenance": {
    "md5sum": "dea53a6c1e260dd30cfcc1e1f4f27302",
    "mriqc_pred": 0,
    "settings": {
      "testing": false
    },
    "software": "mriqc",
    "version": "0.9.6",
    "warnings": {
      "large_rot_frame": true,
      "small_air_mask": false
    }
  },
  "qi_1": 0.0,
  "qi_2": 0.0003378065950434193,
  "rpve_csf": 21.868246910253244,
  "rpve_gm": 11.548311464161499,
  "rpve_wm": 15.719326708578382,
  "size_x": 180,
  "size_y": 512,
  "size_z": 512,
  "snr_csf": 3.4155075283097367,
  "snr_gm": 12.015495703485655,
  "snr_total": 11.329602403051219,
  "snr_wm": 18.557803977358265,
  "snrd_csf": 13.078580614247574,
  "snrd_gm": 29.65549988138667,
  "snrd_total": 28.413141453995024,
  "snrd_wm": 42.50534386635082,
  "spacing_x": 1.0,
  "spacing_y": 0.46880000829696655,
  "spacing_z": 0.46880000829696655,
  "summary_bg_k": 25.396754518427432,
  "summary_bg_mad": 15.413257598876953,
  "summary_bg_mean": 53.63587951660156,
  "summary_bg_median": 51.00965118408203,
  "summary_bg_n": 9457926.0,
  "summary_bg_p05": 29.99904441833496,
  "summary_bg_p95": 86.34306907653809,
  "summary_bg_stdv": 18.015804290771484,
  "summary_csf_k": 0.18515163074825347,
  "summary_csf_mad": 83.87324523925781,
  "summary_csf_mean": 318.024658203125,
  "summary_csf_median": 307.6970520019531,
  "summary_csf_n": 153702.0,
  "summary_csf_p05": 184.9763671875,
  "summary_csf_p95": 483.37211151123046,
  "summary_csf_stdv": 90.08794403076172,
  "summary_gm_k": 0.4201437126622003,
  "summary_gm_mad": 54.986183166503906,
  "summary_gm_mean": 701.5651245117188,
  "summary_gm_median": 697.6987915039062,
  "summary_gm_n": 256982.0,
  "summary_gm_p05": 613.3165313720702,
  "summary_gm_p95": 804.4577178955078,
  "summary_gm_stdv": 58.066471099853516,
  "summary_wm_k": 0.3720328577053671,
  "summary_wm_mad": 51.39573287963867,
  "summary_wm_mean": 1000.3795776367188,
  "summary_wm_median": 1000.014404296875,
  "summary_wm_n": 1223718.0,
  "summary_wm_p05": 912.0496612548828,
  "summary_wm_p95": 1089.4409912109375,
  "summary_wm_stdv": 53.88644027709961,
  "tpm_overlap_csf": 0.21139690279960632,
  "tpm_overlap_gm": 0.49272409081459045,
  "tpm_overlap_wm": 0.5645005702972412,
  "wm2max": 0.5222512409631083
}