{
  "bids_meta": {
    "AcquisitionDuration": 238.55128,
    "Columns": 512,
    "EchoTime": 0.00281,
    "EchoTrainLength": 1,
    "EffectiveEchoSpacing": 0,
    "FieldOfView": [
      240.03,
      240.03,
      180
    ],
    "FlipAngle": 11,
    "GEImageTypeRIMPCode": 0,
    "ImageType": "ORIGINAL/PRIMARY/OTHER",
    "ImagingFrequency": 127.765058,
    "InplanePhaseEncodingDirection": "ROW",
    "InversionTime": 0.45,
    "MRAcquisitionType": "3D",
    "MagneticFieldStrength": 3,
    "Manufacturer": "GE MEDICAL SYSTEMS",
    "ManufacturersModelName": "DISCOVERY MR750",
    "NumberOfAverages": 1,
    "NumberOfEPIShots": 0,
    "NumberOfEchoes": 1,
    "NumberOfSlices": 180,
    "ParallelImagingReductionFactors": [
      0.571429,
      1
    ],
    "PercentPhaseFieldOfView": 100,
    "PhaseEncodingDirection": "i",
    "PixelBandwidth": 122.07,
    "PixelSpacing": [
      0.4688,
      0.4688
    ],
    "ReceiveCoilName": "8HRBRAIN",
    "RepetitionTime": 0.0064,
    "Rows": 512,
    "SATFatWaterBone": 0,
    "ScanOptions": [
      "FAST_GEMS",
      "EDR_GEMS",
      "FILTERED_GEMS",
      "ACC_GEMS"
    ],
    "ScanningSequence": "GR",
    "SequenceVariant": [
      "SS",
      "SK"
    ],
    "SeriesDate": "18740111",
    "SeriesDescription": "Sag3D_T1_1mm3",
    "SeriesNumber": 2,
    "SeriesTime": "181634",
    "SliceThickness": 1,
    "SpacingBetweenSlices": 1,
    "StudyTime": "181424",
    "modality": "T1w",
    "session_id": "1",
    "subject_id": "9087"
  },
  "cjv": 0.47206145525328863,
  "cnr": 2.898402019427238,
  "efc": 0.64377634020412,
  "fber": 136.0487518310547,
  "fwhm_avg": 6.225139583340062,
  "fwhm_x": 3.97239,
  "fwhm_y": 7.521266931732722,
  "fwhm_z": 7.1817618182874625,
  "icvs_csf": 0.21760854952668707,
  "icvs_gm": 0.3901669488089495,
  "icvs_wm": 0.39222450166436346,
  "inu_med": 1.2804776430130005,
  "inu_range": 0.5939452707767485,
  "provenance": {
    "md5sum": "191f3ccefb2fbf173e7c474caaae806f",
    "mriqc_pred": 0,
    "settings": {
      "testing": false
    },
    "software": "mriqc",
    "version": "0.9.6",
    "warnings": {
      "large_rot_frame": true,
      "small_air_mask": false
    }
  },
  "qi_1": 1.2052468008983507e-06,
  "qi_2": 0.00031916492670224736,
  "rpve_csf": 24.063470720272708,
  "rpve_gm": 13.190711643513199,
  "rpve_wm": 15.864216536615357,
  "size_x": 180,
  "size_y": 512,
  "size_z": 512,
  "snr_csf": 3.9416420700249586,
  "snr_gm": 12.927172444974385,
  "snr_total": 10.995669543672198,
  "snr_wm": 16.11819411601725,
  "snrd_csf": 13.540967686172062,
  "snrd_gm": 29.668640043593168,
  "snrd_total": 27.613485242121925,
  "snrd_wm": 39.630847996600544,
  "spacing_x": 1.0,
  "spacing_y": 0.46880000829696655,
  "spacing_z": 0.46880000829696655,
  "summary_bg_k": 1.5230241096938162,
  "summary_bg_mad": 16.53118133544922,
  "summary_bg_mean": 56.99370574951172,
  "summary_bg_median": 55.30500030517578,
  "summary_bg_n": 9328904.0,
  "summary_bg_p05": 31.508579063415528,
  "summary_bg_p95": 88.40389556884764,
  "summary_bg_stdv": 17.86277961730957,
  "summary_csf_k": 0.14627942202987,
  "summary_csf_mad": 82.32197570800781,
  "summary_csf_mean": 351.3885192871094,
  "summary_csf_median": 341.68182373046875,
  "summary_csf_n": 185433.0,
  "summary_csf_p05": 223.9473815917969,
  "summary_csf_p95": 508.2671875,
  "summary_csf_stdv": 86.6849136352539,
  "summary_gm_k": 0.07100786421474314,
  "summary_gm_mad": 57.03096008300781,
  "summary_gm_mean": 749.242919921875,
  "summary_gm_median": 748.6344604492188,
  "summary_gm_n": 145347.0,
  "summary_gm_p05": 654.5159118652343,
  "summary_gm_p95": 845.7239013671874,
  "summary_gm_stdv": 57.911495208740234,
  "summary_wm_k": 0.24011522428002818,
  "summary_wm_mad": 61.63504409790039,
  "summary_wm_mean": 1003.3973999023438,
  "summary_wm_median": 1000.0127563476562,
  "summary_wm_n": 1128389.0,
  "summary_wm_p05": 907.9279052734375,
  "summary_wm_p95": 1110.27119140625,
  "summary_wm_stdv": 62.04245376586914,
  "tpm_overlap_csf": 0.20206573605537415,
  "tpm_overlap_gm": 0.44955867528915405,
  "tpm_overlap_wm": 0.5369570851325989,
  "wm2max": 0.37943753798030055
}