{
  "bids_meta": {
    "AcquisitionDuration": 238.55128,
    "Columns": 512,
    "EchoTime": 0.00281,
    "EchoTrainLength": 1,
    "EffectiveEchoSpacing": 0,
    "FieldOfView": [
      240.03,
      240.03,
      180
    ],
    "FlipAngle": 11,
    "GEImageTypeRIMPCode": 0,
    "ImageType": "ORIGINAL/PRIMARY/OTHER",
    "ImagingFrequency": 127.765153,
    "InplanePhaseEncodingDirection": "ROW",
    "InversionTime": 0.45,
    "MRAcquisitionType": "3D",
    "MagneticFieldStrength": 3,
    "Manufacturer": "GE MEDICAL SYSTEMS",
    "ManufacturersModelName": "DISCOVERY MR750",
    "NumberOfAverages": 1,
    "NumberOfEPIShots": 0,
    "NumberOfEchoes": 1,
    "NumberOfSlices": 180,
    "ParallelImagingReductionFactors": [
      0.571429,
      1
    ],
    "PercentPhaseFieldOfView": 100,
    "PhaseEncodingDirection": "i",
    "PixelBandwidth": 122.07,
    "PixelSpacing": [
      0.4688,
      0.4688
    ],
    "ReceiveCoilName": "8HRBRAIN",
    "RepetitionTime": 0.0064,
    "Rows": 512,
    "SATFatWaterBone": 0,
    "ScanOptions": [
      "FAST_GEMS",
      "EDR_GEMS",
      "FILTERED_GEMS",
      "ACC_GEMS"
    ],
    "ScanningSequence": "GR",
    "SequenceVariant": [
      "SS",
      "SK"
    ],
    "SeriesDate": "18740410",
    "SeriesDescription": "Sag3D_T1_1mm3",
    "SeriesNumber": 2,
    "SeriesTime": "182734",
    "SliceThickness": 1,
    "SpacingBetweenSlices": 1,
    "StudyTime": "182545",
    "modality": "T1w",
    "session_id": "1",
    "subject_id": "9047"
  },
  "cjv": 0.3895806659761254,
  "cnr": 3.4188917783882404,
  "efc": 0.657288099882077,
  "fber": 160.8992919921875,
  "fwhm_avg": 6.446364050794567,
  "fwhm_x": 4.03681,
  "fwhm_y": 7.748592013033685,
  "fwhm_z": 7.553690139350012,
  "icvs_csf": 0.21848347018285735,
  "icvs_gm": 0.40826962467330546,
  "icvs_wm": 0.3732469051438372,
  "inu_med": 1.285813331604004,
  "inu_range": 0.47532870769500724,
  "provenance": {
    "md5sum": "56e70d14620bfb4f469b9b455403972c",
    "mriqc_pred": 0,
    "settings": {
      "testing": false
    },
    "software": "mriqc",
    "version": "0.9.6",
    "warnings": {
      "large_rot_frame": true,
      "small_air_mask": false
    }
  },
  "qi_1": 2.459239387997785e-06,
  "qi_2": 0.0002699596520805128,
  "rpve_csf": 20.842053359821243,
  "rpve_gm": 11.47020594784404,
  "rpve_wm": 14.795807248839978,
  "size_x": 180,
  "size_y": 512,
  "size_z": 512,
  "snr_csf": 4.172999600953394,
  "snr_gm": 13.857407207936573,
  "snr_total": 11.952436975328633,
  "snr_wm": 17.826904117095932,
  "snrd_csf": 14.428697347237652,
  "snrd_gm": 32.916371780591255,
  "snrd_total": 30.803356389916292,
  "snrd_wm": 45.06500004191997,
  "spacing_x": 1.0,
  "spacing_y": 0.46880000829696655,
  "spacing_z": 0.46880000829696655,
  "summary_bg_k": 6.361714849084722,
  "summary_bg_mad": 14.537667274475098,
  "summary_bg_mean": 52.39406204223633,
  "summary_bg_median": 50.37820816040039,
  "summary_bg_n": 9137633.0,
  "summary_bg_p05": 29.564300537109375,
  "summary_bg_p95": 81.5937713623047,
  "summary_bg_stdv": 17.099773406982422,
  "summary_csf_k": 0.8132450742672606,
  "summary_csf_mad": 62.64546203613281,
  "summary_csf_mean": 334.4936828613281,
  "summary_csf_median": 320.177001953125,
  "summary_csf_n": 257702.0,
  "summary_csf_p05": 233.3255828857422,
  "summary_csf_p95": 487.5608505249022,
  "summary_csf_stdv": 76.72571563720703,
  "summary_gm_k": 0.18454043134889897,
  "summary_gm_mad": 51.568931579589844,
  "summary_gm_mean": 730.9061889648438,
  "summary_gm_median": 730.4238891601562,
  "summary_gm_n": 235049.0,
  "summary_gm_p05": 645.0946533203125,
  "summary_gm_p95": 818.3412719726562,
  "summary_gm_stdv": 52.70988464355469,
  "summary_wm_k": 0.5699250444789201,
  "summary_wm_mad": 53.45484924316406,
  "summary_wm_mean": 1001.400146484375,
  "summary_wm_median": 1000.0054931640625,
  "summary_wm_n": 1286516.0,
  "summary_wm_p05": 911.5767822265625,
  "summary_wm_p95": 1095.2024841308594,
  "summary_wm_stdv": 56.09527587890625,
  "tpm_overlap_csf": 0.21640034019947052,
  "tpm_overlap_gm": 0.4708707332611084,
  "tpm_overlap_wm": 0.527400016784668,
  "wm2max": 0.4194160326032641
}