{
  "bids_meta": {
    "AcquisitionDuration": 238.55128,
    "Columns": 512,
    "EchoTime": 0.00281,
    "EchoTrainLength": 1,
    "EffectiveEchoSpacing": 0,
    "FieldOfView": [
      240.03,
      240.03,
      180
    ],
    "FlipAngle": 11,
    "GEImageTypeRIMPCode": 0,
    "ImageType": "ORIGINAL/PRIMARY/OTHER",
    "ImagingFrequency": 127.76506,
    "InplanePhaseEncodingDirection": "ROW",
    "InversionTime": 0.45,
    "MRAcquisitionType": "3D",
    "MagneticFieldStrength": 3,
    "Manufacturer": "GE MEDICAL SYSTEMS",
    "ManufacturersModelName": "DISCOVERY MR750",
    "NumberOfAverages": 1,
    "NumberOfEPIShots": 0,
    "NumberOfEchoes": 1,
    "NumberOfSlices": 180,
    "ParallelImagingReductionFactors": [
      0.571429,
      1
    ],
    "PercentPhaseFieldOfView": 100,
    "PhaseEncodingDirection": "i",
    "PixelBandwidth": 122.07,
    "PixelSpacing": [
      0.4688,
      0.4688
    ],
    "ReceiveCoilName": "8HRBRAIN",
    "RepetitionTime": 0.0064,
    "Rows": 512,
    "SATFatWaterBone": 0,
    "ScanOptions": [
      "FAST_GEMS",
      "EDR_GEMS",
      "FILTERED_GEMS",
      "ACC_GEMS"
    ],
    "ScanningSequence": "GR",
    "SequenceVariant": [
      "SS",
      "SK"
    ],
    "SeriesDate": "18731212",
    "SeriesDescription": "Sag3D_T1_1mm3",
    "SeriesNumber": 2,
    "SeriesTime": "191420",
    "SliceThickness": 1,
    "SpacingBetweenSlices": 1,
    "StudyTime": "191229",
    "modality": "T1w",
    "session_id": "1",
    "subject_id": "9034"
  },
  "cjv": 0.39816007152719674,
  "cnr": 3.2465655112981824,
  "efc": 0.6313066273822288,
  "fber": 186.31565856933594,
  "fwhm_avg": 6.229583837811798,
  "fwhm_x": 3.92414,
  "fwhm_y": 7.6534128338308225,
  "fwhm_z": 7.11119867960457,
  "icvs_csf": 0.20048226188499976,
  "icvs_gm": 0.42891672966107647,
  "icvs_wm": 0.37060100845392374,
  "inu_med": 1.2089123725891113,
  "inu_range": 0.4693995684385299,
  "provenance": {
    "md5sum": "083e521dfe5421b3eb760cf77108cfad",
    "mriqc_pred": 0,
    "settings": {
      "testing": false
    },
    "software": "mriqc",
    "version": "0.9.6",
    "warnings": {
      "large_rot_frame": true,
      "small_air_mask": false
    }
  },
  "qi_1": 0.0,
  "qi_2": 0.00043382701175521114,
  "rpve_csf": 25.537127271913846,
  "rpve_gm": 12.754971809997322,
  "rpve_wm": 17.090219369251802,
  "size_x": 180,
  "size_y": 512,
  "size_z": 512,
  "snr_csf": 3.6387127616837995,
  "snr_gm": 13.352378845126477,
  "snr_total": 11.910082734389931,
  "snr_wm": 18.73915659635952,
  "snrd_csf": 16.844722536169996,
  "snrd_gm": 32.32769897931353,
  "snrd_total": 30.887985332223707,
  "snrd_wm": 43.49153448118759,
  "spacing_x": 1.0,
  "spacing_y": 0.46880000829696655,
  "spacing_z": 0.46880000829696655,
  "summary_bg_k": 3.6646700179894847,
  "summary_bg_mad": 15.063776016235352,
  "summary_bg_mean": 52.78532409667969,
  "summary_bg_median": 50.46455383300781,
  "summary_bg_n": 9997093.0,
  "summary_bg_p05": 29.470505142211913,
  "summary_bg_p95": 84.12488708496095,
  "summary_bg_stdv": 17.451725006103516,
  "summary_csf_k": -0.2554088751949264,
  "summary_csf_mad": 107.91170501708984,
  "summary_csf_mean": 401.5392761230469,
  "summary_csf_median": 387.3164978027344,
  "summary_csf_n": 143099.0,
  "summary_csf_p05": 244.876789855957,
  "summary_csf_p95": 586.6088989257813,
  "summary_csf_stdv": 106.44290161132812,
  "summary_gm_k": 0.8315920911367614,
  "summary_gm_mad": 50.66103744506836,
  "summary_gm_mean": 747.033935546875,
  "summary_gm_median": 743.3218994140625,
  "summary_gm_n": 204335.0,
  "summary_gm_p05": 662.7644409179687,
  "summary_gm_p95": 845.5159790039062,
  "summary_gm_stdv": 55.66948699951172,
  "summary_wm_k": 0.2876416179585841,
  "summary_wm_mad": 51.544227600097656,
  "summary_wm_mean": 1000.5409545898438,
  "summary_wm_median": 1000.0158081054688,
  "summary_wm_n": 1062863.0,
  "summary_wm_p05": 913.7926574707031,
  "summary_wm_p95": 1089.4114135742186,
  "summary_wm_stdv": 53.365013122558594,
  "tpm_overlap_csf": 0.20845866203308105,
  "tpm_overlap_gm": 0.4998731017112732,
  "tpm_overlap_wm": 0.5453575253486633,
  "wm2max": 0.4083978981380057
}