{
  "bids_meta": {
    "AcquisitionDuration": 238.55128,
    "Columns": 512,
    "EchoTime": 0.00281,
    "EchoTrainLength": 1,
    "EffectiveEchoSpacing": 0,
    "FieldOfView": [
      240.03,
      240.03,
      180
    ],
    "FlipAngle": 11,
    "GEImageTypeRIMPCode": 0,
    "ImageType": "ORIGINAL/PRIMARY/OTHER",
    "ImagingFrequency": 127.76507,
    "InplanePhaseEncodingDirection": "ROW",
    "InversionTime": 0.45,
    "MRAcquisitionType": "3D",
    "MagneticFieldStrength": 3,
    "Manufacturer": "GE MEDICAL SYSTEMS",
    "ManufacturersModelName": "DISCOVERY MR750",
    "NumberOfAverages": 1,
    "NumberOfEPIShots": 0,
    "NumberOfEchoes": 1,
    "NumberOfSlices": 180,
    "ParallelImagingReductionFactors": [
      0.571429,
      1
    ],
    "PercentPhaseFieldOfView": 100,
    "PhaseEncodingDirection": "i",
    "PixelBandwidth": 122.07,
    "PixelSpacing": [
      0.4688,
      0.4688
    ],
    "ReceiveCoilName": "8HRBRAIN",
    "RepetitionTime": 0.0064,
    "Rows": 512,
    "SATFatWaterBone": 0,
    "ScanOptions": [
      "FAST_GEMS",
      "EDR_GEMS",
      "FILTERED_GEMS",
      "ACC_GEMS"
    ],
    "ScanningSequence": "GR",
    "SequenceVariant": [
      "SS",
      "SK"
    ],
    "SeriesDate": "18740414",
    "SeriesDescription": "Sag3D_T1_1mm3",
    "SeriesNumber": 2,
    "SeriesTime": "195245",
    "SliceThickness": 1,
    "SpacingBetweenSlices": 1,
    "StudyTime": "195112",
    "modality": "T1w",
    "session_id": "1",
    "subject_id": "9028"
  },
  "cjv": 0.42937358921613994,
  "cnr": 3.1805156274214834,
  "efc": 0.68797636818114,
  "fber": 130.72265625,
  "fwhm_avg": 6.542274709306788,
  "fwhm_x": 4.09935,
  "fwhm_y": 8.042960608506453,
  "fwhm_z": 7.484513519413912,
  "icvs_csf": 0.2184787838874973,
  "icvs_gm": 0.41141827740614767,
  "icvs_wm": 0.370102938706355,
  "inu_med": 1.2226146459579468,
  "inu_range": 0.5085608005523676,
  "provenance": {
    "md5sum": "94670dc7fbab3765d472289c07faeb46",
    "mriqc_pred": 0,
    "settings": {
      "testing": false
    },
    "software": "mriqc",
    "version": "0.9.6",
    "warnings": {
      "large_rot_frame": true,
      "small_air_mask": false
    }
  },
  "qi_1": 0.0,
  "qi_2": 0.00028506372173622325,
  "rpve_csf": 20.718185777865305,
  "rpve_gm": 11.375539706187599,
  "rpve_wm": 15.096229217723025,
  "size_x": 180,
  "size_y": 512,
  "size_z": 512,
  "snr_csf": 4.1933802981505,
  "snr_gm": 12.770455532640321,
  "snr_total": 11.2939566350284,
  "snr_wm": 16.918034074294372,
  "snrd_csf": 16.972142938844986,
  "snrd_gm": 29.256192296768678,
  "snrd_total": 28.73708000664658,
  "snrd_wm": 39.98290478432608,
  "spacing_x": 1.0,
  "spacing_y": 0.46880000829696655,
  "spacing_z": 0.46880000829696655,
  "summary_bg_k": 1.8653938126585228,
  "summary_bg_mad": 16.385658264160156,
  "summary_bg_mean": 56.115196228027344,
  "summary_bg_median": 53.901851654052734,
  "summary_bg_n": 7539816.0,
  "summary_bg_p05": 30.735711574554443,
  "summary_bg_p95": 89.14626693725586,
  "summary_bg_stdv": 18.396324157714844,
  "summary_csf_k": -0.06676681790718764,
  "summary_csf_mad": 102.42234802246094,
  "summary_csf_mean": 413.29425048828125,
  "summary_csf_median": 424.4913635253906,
  "summary_csf_n": 194253.0,
  "summary_csf_p05": 231.7953918457031,
  "summary_csf_p95": 559.5233032226563,
  "summary_csf_stdv": 101.2286605834961,
  "summary_gm_k": 0.08980190789734577,
  "summary_gm_mad": 56.28721618652344,
  "summary_gm_mean": 733.6322021484375,
  "summary_gm_median": 731.728515625,
  "summary_gm_n": 229882.0,
  "summary_gm_p05": 642.5628906249999,
  "summary_gm_p95": 831.7734497070312,
  "summary_gm_stdv": 57.29841995239258,
  "summary_wm_k": 0.08149737246845579,
  "summary_wm_mad": 58.907920837402344,
  "summary_wm_mean": 1001.686279296875,
  "summary_wm_median": 1000.0150146484375,
  "summary_wm_n": 1247908.0,
  "summary_wm_p05": 907.3191192626953,
  "summary_wm_p95": 1101.2777099609375,
  "summary_wm_stdv": 59.1093864440918,
  "tpm_overlap_csf": 0.17811229825019836,
  "tpm_overlap_gm": 0.47704067826271057,
  "tpm_overlap_wm": 0.528430163860321,
  "wm2max": 0.4741504541236829
}