{
  "bids_meta": {
    "AcquisitionDuration": 238.444688,
    "Columns": 512,
    "EchoTime": 0.00281,
    "EchoTrainLength": 1,
    "EffectiveEchoSpacing": 0,
    "FieldOfView": [
      240.03,
      240.03,
      180
    ],
    "FlipAngle": 11,
    "GEImageTypeRIMPCode": 0,
    "ImageType": "ORIGINAL/PRIMARY/OTHER",
    "ImagingFrequency": 127.76516,
    "InplanePhaseEncodingDirection": "ROW",
    "InversionTime": 0.45,
    "MRAcquisitionType": "3D",
    "MagneticFieldStrength": 3,
    "Manufacturer": "GE MEDICAL SYSTEMS",
    "ManufacturersModelName": "DISCOVERY MR750",
    "NumberOfAverages": 1,
    "NumberOfEPIShots": 0,
    "NumberOfEchoes": 1,
    "NumberOfSlices": 180,
    "ParallelImagingReductionFactors": [
      0.571429,
      1
    ],
    "PercentPhaseFieldOfView": 100,
    "PhaseEncodingDirection": "i",
    "PixelBandwidth": 122.07,
    "PixelSpacing": [
      0.4688,
      0.4688
    ],
    "ReceiveCoilName": "8HRBRAIN",
    "RepetitionTime": 0.0064,
    "Rows": 512,
    "SATFatWaterBone": 0,
    "ScanOptions": [
      "FAST_GEMS",
      "EDR_GEMS",
      "FILTERED_GEMS",
      "ACC_GEMS"
    ],
    "ScanningSequence": "GR",
    "SequenceVariant": [
      "SS",
      "SK"
    ],
    "SeriesDate": "18730311",
    "SeriesDescription": "Sag3D_T1_1mm3",
    "SeriesNumber": 2,
    "SeriesTime": "182249",
    "SliceThickness": 1,
    "SpacingBetweenSlices": 1,
    "StudyTime": "182112",
    "modality": "T1w",
    "session_id": "1",
    "subject_id": "9001"
  },
  "cjv": 0.3792392771305769,
  "cnr": 3.4762826806682456,
  "efc": 0.6511394128238881,
  "fber": 162.89096069335938,
  "fwhm_avg": 6.54309541488142,
  "fwhm_x": 4.1404,
  "fwhm_y": 7.985196104409332,
  "fwhm_z": 7.5036901402349265,
  "icvs_csf": 0.20127362771435706,
  "icvs_gm": 0.42332770100894324,
  "icvs_wm": 0.3753986712766997,
  "inu_med": 1.1470649242401123,
  "inu_range": 0.5559349238872526,
  "provenance": {
    "md5sum": "7406e27e4a2427a3c7e56be287aab093",
    "mriqc_pred": 0,
    "settings": {
      "testing": false
    },
    "software": "mriqc",
    "version": "0.9.6",
    "warnings": {
      "large_rot_frame": true,
      "small_air_mask": false
    }
  },
  "qi_1": 8.836431084673971e-06,
  "qi_2": 0.0006699271975779898,
  "rpve_csf": 25.777813282500365,
  "rpve_gm": 13.208828613685165,
  "rpve_wm": 17.675310177582254,
  "size_x": 180,
  "size_y": 512,
  "size_z": 512,
  "snr_csf": 3.5177007496570254,
  "snr_gm": 12.707181346673448,
  "snr_total": 11.577857432260119,
  "snr_wm": 18.508690200449887,
  "snrd_csf": 14.019912496606317,
  "snrd_gm": 28.107103785408807,
  "snrd_total": 27.048023226782536,
  "snrd_wm": 39.01705339833249,
  "spacing_x": 1.0,
  "spacing_y": 0.46880000829696655,
  "spacing_z": 0.46880000829696655,
  "summary_bg_k": 2.1237658275328366,
  "summary_bg_mad": 16.791240692138672,
  "summary_bg_mean": 54.823856353759766,
  "summary_bg_median": 52.5255126953125,
  "summary_bg_n": 9135471.0,
  "summary_bg_p05": 29.561908721923828,
  "summary_bg_p95": 88.13702011108398,
  "summary_bg_stdv": 18.3607234954834,
  "summary_csf_k": -0.6352573388996112,
  "summary_csf_mad": 113.61758422851562,
  "summary_csf_mean": 373.7645568847656,
  "summary_csf_median": 359.3323974609375,
  "summary_csf_n": 130126.0,
  "summary_csf_p05": 226.4731101989746,
  "summary_csf_p95": 544.3010101318359,
  "summary_csf_stdv": 102.14939880371094,
  "summary_gm_k": 0.4593018986690587,
  "summary_gm_mad": 53.19786071777344,
  "summary_gm_mean": 724.1258544921875,
  "summary_gm_median": 720.38916015625,
  "summary_gm_n": 210228.0,
  "summary_gm_p05": 637.866860961914,
  "summary_gm_p95": 824.8098693847656,
  "summary_gm_stdv": 56.69136428833008,
  "summary_wm_k": 0.14890406402721545,
  "summary_wm_mad": 52.84638977050781,
  "summary_wm_mean": 999.486572265625,
  "summary_wm_median": 1000.0127563476562,
  "summary_wm_n": 1082067.0,
  "summary_wm_p05": 908.7753662109375,
  "summary_wm_p95": 1087.3617797851562,
  "summary_wm_stdv": 54.02933883666992,
  "tpm_overlap_csf": 0.20906561613082886,
  "tpm_overlap_gm": 0.49662625789642334,
  "tpm_overlap_wm": 0.5465068817138672,
  "wm2max": 0.49408057282453655
}