{
  "bids_meta": {
    "AcquisitionDuration": 238.55128,
    "Columns": 512,
    "EchoTime": 0.00281,
    "EchoTrainLength": 1,
    "EffectiveEchoSpacing": 0,
    "FieldOfView": [
      240.03,
      240.03,
      180
    ],
    "FlipAngle": 11,
    "GEImageTypeRIMPCode": 0,
    "ImageType": "ORIGINAL/PRIMARY/OTHER",
    "ImagingFrequency": 127.765134,
    "InplanePhaseEncodingDirection": "ROW",
    "InversionTime": 0.45,
    "MRAcquisitionType": "3D",
    "MagneticFieldStrength": 3,
    "Manufacturer": "GE MEDICAL SYSTEMS",
    "ManufacturersModelName": "DISCOVERY MR750",
    "NumberOfAverages": 1,
    "NumberOfEPIShots": 0,
    "NumberOfEchoes": 1,
    "NumberOfSlices": 180,
    "ParallelImagingReductionFactors": [
      0.571429,
      1
    ],
    "PercentPhaseFieldOfView": 100,
    "PhaseEncodingDirection": "i",
    "PixelBandwidth": 122.07,
    "PixelSpacing": [
      0.4688,
      0.4688
    ],
    "ReceiveCoilName": "8HRBRAIN",
    "RepetitionTime": 0.0064,
    "Rows": 512,
    "SATFatWaterBone": 0,
    "ScanOptions": [
      "FAST_GEMS",
      "EDR_GEMS",
      "FILTERED_GEMS",
      "ACC_GEMS"
    ],
    "ScanningSequence": "GR",
    "SequenceVariant": [
      "SS",
      "SK"
    ],
    "SeriesDate": "18740413",
    "SeriesDescription": "Sag3D_T1_1mm3",
    "SeriesNumber": 2,
    "SeriesTime": "200827",
    "SliceThickness": 1,
    "SpacingBetweenSlices": 1,
    "StudyTime": "200641",
    "modality": "T1w",
    "session_id": "1",
    "subject_id": "9025"
  },
  "cjv": 0.3879849219105947,
  "cnr": 3.4763720486178227,
  "efc": 0.6103009876776394,
  "fber": 167.61441040039062,
  "fwhm_avg": 5.939225172667203,
  "fwhm_x": 3.69675,
  "fwhm_y": 7.326621030740764,
  "fwhm_z": 6.794304487260842,
  "icvs_csf": 0.23081173137037547,
  "icvs_gm": 0.40598386644687834,
  "icvs_wm": 0.3632044021827462,
  "inu_med": 1.223341703414917,
  "inu_range": 0.40385422706604013,
  "provenance": {
    "md5sum": "961750697c430d6d37a587aba8d97462",
    "mriqc_pred": 0,
    "settings": {
      "testing": false
    },
    "software": "mriqc",
    "version": "0.9.6",
    "warnings": {
      "large_rot_frame": true,
      "small_air_mask": false
    }
  },
  "qi_1": 8.920622376497028e-05,
  "qi_2": 0.0004588832300692872,
  "rpve_csf": 25.20231971309661,
  "rpve_gm": 14.33143051435861,
  "rpve_wm": 18.879914092004693,
  "size_x": 180,
  "size_y": 512,
  "size_z": 512,
  "snr_csf": 4.015882797635643,
  "snr_gm": 13.386309575897334,
  "snr_total": 12.131473106860604,
  "snr_wm": 18.99222694704883,
  "snrd_csf": 14.9606578651707,
  "snrd_gm": 34.993585903602295,
  "snrd_total": 32.60824179474576,
  "snrd_wm": 47.870481615464264,
  "spacing_x": 1.0,
  "spacing_y": 0.46880000829696655,
  "spacing_z": 0.46880000829696655,
  "summary_bg_k": 2.5788043934260205,
  "summary_bg_mad": 13.685758590698242,
  "summary_bg_mean": 51.102474212646484,
  "summary_bg_median": 49.52339172363281,
  "summary_bg_n": 9581861.0,
  "summary_bg_p05": 29.71350860595703,
  "summary_bg_p95": 78.13333892822266,
  "summary_bg_stdv": 15.262256622314453,
  "summary_csf_k": 1.0826996268422144,
  "summary_csf_mad": 61.817405700683594,
  "summary_csf_mean": 325.3779602050781,
  "summary_csf_median": 312.5272216796875,
  "summary_csf_n": 228502.0,
  "summary_csf_p05": 220.0527069091797,
  "summary_csf_p95": 482.753903198242,
  "summary_csf_stdv": 77.82262420654297,
  "summary_gm_k": 0.15094572977077947,
  "summary_gm_mad": 53.648048400878906,
  "summary_gm_mean": 733.250244140625,
  "summary_gm_median": 731.0138549804688,
  "summary_gm_n": 179671.0,
  "summary_gm_p05": 647.8141479492188,
  "summary_gm_p95": 827.1274719238281,
  "summary_gm_stdv": 54.60891342163086,
  "summary_wm_k": 0.6172040084081374,
  "summary_wm_mad": 50.71894836425781,
  "summary_wm_mean": 1001.4566040039062,
  "summary_wm_median": 1000.0114135742188,
  "summary_wm_n": 990850.0,
  "summary_wm_p05": 917.3439208984375,
  "summary_wm_p95": 1090.2445922851562,
  "summary_wm_stdv": 52.65369415283203,
  "tpm_overlap_csf": 0.21567952632904053,
  "tpm_overlap_gm": 0.467207133769989,
  "tpm_overlap_wm": 0.5382032990455627,
  "wm2max": 0.41587100584180364
}