{
  "bids_meta": {
    "AcquisitionDuration": 238.444688,
    "Columns": 512,
    "EchoTime": 0.00281,
    "EchoTrainLength": 1,
    "EffectiveEchoSpacing": 0,
    "FieldOfView": [
      240.03,
      240.03,
      180
    ],
    "FlipAngle": 11,
    "GEImageTypeRIMPCode": 0,
    "ImageType": "ORIGINAL/PRIMARY/OTHER",
    "ImagingFrequency": 127.76523,
    "InplanePhaseEncodingDirection": "ROW",
    "InversionTime": 0.45,
    "MRAcquisitionType": "3D",
    "MagneticFieldStrength": 3,
    "Manufacturer": "GE MEDICAL SYSTEMS",
    "ManufacturersModelName": "DISCOVERY MR750",
    "NumberOfAverages": 1,
    "NumberOfEPIShots": 0,
    "NumberOfEchoes": 1,
    "NumberOfSlices": 180,
    "ParallelImagingReductionFactors": [
      0.571429,
      1
    ],
    "PercentPhaseFieldOfView": 100,
    "PhaseEncodingDirection": "i",
    "PixelBandwidth": 122.07,
    "PixelSpacing": [
      0.4688,
      0.4688
    ],
    "ReceiveCoilName": "8HRBRAIN",
    "RepetitionTime": 0.0064,
    "Rows": 512,
    "SATFatWaterBone": 0,
    "ScanOptions": [
      "FAST_GEMS",
      "EDR_GEMS",
      "FILTERED_GEMS",
      "ACC_GEMS"
    ],
    "ScanningSequence": "GR",
    "SequenceVariant": [
      "SS",
      "SK"
    ],
    "SeriesDate": "18730407",
    "SeriesDescription": "Sag3D_T1_1mm3",
    "SeriesNumber": 2,
    "SeriesTime": "202710",
    "SliceThickness": 1,
    "SpacingBetweenSlices": 1,
    "StudyTime": "202546",
    "modality": "T1w",
    "session_id": "2",
    "subject_id": "9007"
  },
  "cjv": 0.3620092044370244,
  "cnr": 3.619532498856442,
  "efc": 0.6797507463963094,
  "fber": 134.08302307128906,
  "fwhm_avg": 6.274878569772927,
  "fwhm_x": 3.94313,
  "fwhm_y": 7.765912831839763,
  "fwhm_z": 7.115592877479018,
  "icvs_csf": 0.20453739509888913,
  "icvs_gm": 0.4115888435323708,
  "icvs_wm": 0.3838737613687401,
  "inu_med": 1.1638046503067017,
  "inu_range": 0.5797763943672178,
  "provenance": {
    "md5sum": "a868d164b90e5efdb2c8a81afb012227",
    "mriqc_pred": 0,
    "settings": {
      "testing": false
    },
    "software": "mriqc",
    "version": "0.9.6",
    "warnings": {
      "large_rot_frame": true,
      "small_air_mask": false
    }
  },
  "qi_1": 0.0,
  "qi_2": 0.00031629027033284253,
  "rpve_csf": 20.76498143786409,
  "rpve_gm": 10.819418728759961,
  "rpve_wm": 13.930390400820723,
  "size_x": 180,
  "size_y": 512,
  "size_z": 512,
  "snr_csf": 3.183721567083241,
  "snr_gm": 12.278518326130351,
  "snr_total": 11.117904479433081,
  "snr_wm": 17.89147354508565,
  "snrd_csf": 13.427451995136522,
  "snrd_gm": 27.907558079051274,
  "snrd_total": 27.009502606480485,
  "snrd_wm": 39.69349774525366,
  "spacing_x": 1.0,
  "spacing_y": 0.46880000829696655,
  "spacing_z": 0.46880000829696655,
  "summary_bg_k": 1.2937556263662788,
  "summary_bg_mad": 16.505165100097656,
  "summary_bg_mean": 54.6725959777832,
  "summary_bg_median": 52.333438873291016,
  "summary_bg_n": 9726914.0,
  "summary_bg_p05": 29.836077976226807,
  "summary_bg_p95": 87.59723434448242,
  "summary_bg_stdv": 18.077457427978516,
  "summary_csf_k": -0.5150938734319643,
  "summary_csf_mad": 114.31954956054688,
  "summary_csf_mean": 348.4171142578125,
  "summary_csf_median": 338.28424072265625,
  "summary_csf_n": 141721.0,
  "summary_csf_p05": 186.75558471679688,
  "summary_csf_p95": 528.2796020507812,
  "summary_csf_stdv": 106.25396728515625,
  "summary_gm_k": 0.46104260491864313,
  "summary_gm_mad": 53.84866714477539,
  "summary_gm_mean": 705.8544921875,
  "summary_gm_median": 703.0885009765625,
  "summary_gm_n": 250183.0,
  "summary_gm_p05": 616.7913391113282,
  "summary_gm_p95": 805.6437561035156,
  "summary_gm_stdv": 57.261558532714844,
  "summary_wm_k": 0.3683247094248534,
  "summary_wm_mad": 53.642303466796875,
  "summary_wm_mean": 1000.9573974609375,
  "summary_wm_median": 1000.017333984375,
  "summary_wm_n": 1347874.0,
  "summary_wm_p05": 910.8698120117188,
  "summary_wm_p95": 1094.3790405273435,
  "summary_wm_stdv": 55.89349365234375,
  "tpm_overlap_csf": 0.19658851623535156,
  "tpm_overlap_gm": 0.4720197319984436,
  "tpm_overlap_wm": 0.5311042070388794,
  "wm2max": 0.5388881580142106
}