{
  "bids_meta": {
    "AcquisitionDuration": 238.55128,
    "Columns": 512,
    "EchoTime": 0.00281,
    "EchoTrainLength": 1,
    "EffectiveEchoSpacing": 0,
    "FieldOfView": [
      240.03,
      240.03,
      180
    ],
    "FlipAngle": 11,
    "GEImageTypeRIMPCode": 0,
    "ImageType": "ORIGINAL/PRIMARY/OTHER",
    "ImagingFrequency": 127.765023,
    "InplanePhaseEncodingDirection": "ROW",
    "InversionTime": 0.45,
    "MRAcquisitionType": "3D",
    "MagneticFieldStrength": 3,
    "Manufacturer": "GE MEDICAL SYSTEMS",
    "ManufacturersModelName": "DISCOVERY MR750",
    "NumberOfAverages": 1,
    "NumberOfEPIShots": 0,
    "NumberOfEchoes": 1,
    "NumberOfSlices": 180,
    "ParallelImagingReductionFactors": [
      0.571429,
      1
    ],
    "PercentPhaseFieldOfView": 100,
    "PhaseEncodingDirection": "i",
    "PixelBandwidth": 122.07,
    "PixelSpacing": [
      0.4688,
      0.4688
    ],
    "ReceiveCoilName": "8HRBRAIN",
    "RepetitionTime": 0.0064,
    "Rows": 512,
    "SATFatWaterBone": 0,
    "ScanOptions": [
      "FAST_GEMS",
      "EDR_GEMS",
      "FILTERED_GEMS",
      "ACC_GEMS"
    ],
    "ScanningSequence": "GR",
    "SequenceVariant": [
      "SS",
      "SK"
    ],
    "SeriesDate": "18740310",
    "SeriesDescription": "Sag3D_T1_1mm3",
    "SeriesNumber": 2,
    "SeriesTime": "181739",
    "SliceThickness": 1,
    "SpacingBetweenSlices": 1,
    "StudyTime": "181605",
    "modality": "T1w",
    "session_id": "2",
    "subject_id": "9079"
  },
  "cjv": 0.44470090650146304,
  "cnr": 2.5656250256230066,
  "efc": 0.6661196133092804,
  "fber": 88.12035369873047,
  "fwhm_avg": 6.065708356974517,
  "fwhm_x": 3.88454,
  "fwhm_y": 7.1676193270701845,
  "fwhm_z": 7.1449657438533665,
  "icvs_csf": 0.23365949402572797,
  "icvs_gm": 0.39212201007603925,
  "icvs_wm": 0.3742184958982328,
  "inu_med": 1.3129847049713135,
  "inu_range": 0.3934447765350342,
  "provenance": {
    "md5sum": "69e1ca0750acfab482effdb32d1e4fc5",
    "mriqc_pred": 0,
    "settings": {
      "testing": false
    },
    "software": "mriqc",
    "version": "0.9.6",
    "warnings": {
      "large_rot_frame": true,
      "small_air_mask": false
    }
  },
  "qi_1": 0.0031801186792722045,
  "qi_2": 0.00023193466661030474,
  "rpve_csf": 22.683856796736453,
  "rpve_gm": 13.030400887648307,
  "rpve_wm": 16.29790042288253,
  "size_x": 180,
  "size_y": 512,
  "size_z": 512,
  "snr_csf": 4.133951415454516,
  "snr_gm": 12.592756634690092,
  "snr_total": 10.416139461161023,
  "snr_wm": 14.521710333338463,
  "snrd_csf": 8.035679844601287,
  "snrd_gm": 17.63805204166084,
  "snrd_total": 16.737252463249717,
  "snrd_wm": 24.53802550348702,
  "spacing_x": 1.0,
  "spacing_y": 0.46880000829696655,
  "spacing_z": 0.46880000829696655,
  "summary_bg_k": 15.527244809976228,
  "summary_bg_mad": 26.699180603027344,
  "summary_bg_mean": 84.13252258300781,
  "summary_bg_median": 66.10748291015625,
  "summary_bg_n": 9431822.0,
  "summary_bg_p05": 33.42081127166748,
  "summary_bg_p95": 209.53607330322245,
  "summary_bg_stdv": 63.34251022338867,
  "summary_csf_k": 0.1345431312281078,
  "summary_csf_mad": 76.54450225830078,
  "summary_csf_mean": 335.0997619628906,
  "summary_csf_median": 327.4830627441406,
  "summary_csf_n": 234187.0,
  "summary_csf_p05": 216.63762664794922,
  "summary_csf_p95": 477.5528411865234,
  "summary_csf_stdv": 79.21775817871094,
  "summary_gm_k": 0.02461384886295237,
  "summary_gm_mad": 56.644290924072266,
  "summary_gm_mean": 719.146484375,
  "summary_gm_median": 718.8145141601562,
  "summary_gm_n": 116645.0,
  "summary_gm_p05": 625.2329711914062,
  "summary_gm_p95": 813.2062866210937,
  "summary_gm_stdv": 57.08134078979492,
  "summary_wm_k": 0.26297080950352614,
  "summary_wm_mad": 68.40512084960938,
  "summary_wm_mean": 1002.2760009765625,
  "summary_wm_median": 1000.013427734375,
  "summary_wm_n": 1058343.0,
  "summary_wm_p05": 893.2926818847657,
  "summary_wm_p95": 1118.7385620117186,
  "summary_wm_stdv": 68.8633041381836,
  "tpm_overlap_csf": 0.204542875289917,
  "tpm_overlap_gm": 0.44737833738327026,
  "tpm_overlap_wm": 0.5196837186813354,
  "wm2max": 0.4234825540346989
}