{
  "bids_meta": {
    "AcquisitionDuration": 238.55128,
    "Columns": 512,
    "EchoTime": 0.00281,
    "EchoTrainLength": 1,
    "EffectiveEchoSpacing": 0,
    "FieldOfView": [
      240.03,
      240.03,
      180
    ],
    "FlipAngle": 11,
    "GEImageTypeRIMPCode": 0,
    "ImageType": "ORIGINAL/PRIMARY/OTHER",
    "ImagingFrequency": 127.765146,
    "InplanePhaseEncodingDirection": "ROW",
    "InversionTime": 0.45,
    "MRAcquisitionType": "3D",
    "MagneticFieldStrength": 3,
    "Manufacturer": "GE MEDICAL SYSTEMS",
    "ManufacturersModelName": "DISCOVERY MR750",
    "NumberOfAverages": 1,
    "NumberOfEPIShots": 0,
    "NumberOfEchoes": 1,
    "NumberOfSlices": 180,
    "ParallelImagingReductionFactors": [
      0.571429,
      1
    ],
    "PercentPhaseFieldOfView": 100,
    "PhaseEncodingDirection": "i",
    "PixelBandwidth": 122.07,
    "PixelSpacing": [
      0.4688,
      0.4688
    ],
    "ReceiveCoilName": "8HRBRAIN",
    "RepetitionTime": 0.0064,
    "Rows": 512,
    "SATFatWaterBone": 0,
    "ScanOptions": [
      "FAST_GEMS",
      "EDR_GEMS",
      "FILTERED_GEMS",
      "ACC_GEMS"
    ],
    "ScanningSequence": "GR",
    "SequenceVariant": [
      "SS",
      "SK"
    ],
    "SeriesDate": "18731118",
    "SeriesDescription": "Sag3D_T1_1mm3",
    "SeriesNumber": 2,
    "SeriesTime": "203634",
    "SliceThickness": 1,
    "SpacingBetweenSlices": 1,
    "StudyTime": "203409",
    "modality": "T1w",
    "session_id": "1",
    "subject_id": "9059"
  },
  "cjv": 0.3305828841085286,
  "cnr": 3.9385351504391193,
  "efc": 0.6039024344158387,
  "fber": 190.09693908691406,
  "fwhm_avg": 6.251912711418803,
  "fwhm_x": 3.97195,
  "fwhm_y": 7.581591162746996,
  "fwhm_z": 7.202196971509412,
  "icvs_csf": 0.2167282982645852,
  "icvs_gm": 0.43369692214202527,
  "icvs_wm": 0.34957477959338956,
  "inu_med": 1.2268352508544922,
  "inu_range": 0.4970398783683777,
  "provenance": {
    "md5sum": "fde35403167f744b92e3cc12c698704f",
    "mriqc_pred": 0,
    "settings": {
      "testing": false
    },
    "software": "mriqc",
    "version": "0.9.6",
    "warnings": {
      "large_rot_frame": true,
      "small_air_mask": false
    }
  },
  "qi_1": 0.0,
  "qi_2": 0.0004071791555105165,
  "rpve_csf": 25.336343550099972,
  "rpve_gm": 13.364116451645003,
  "rpve_wm": 19.017185288866624,
  "size_x": 180,
  "size_y": 512,
  "size_z": 512,
  "snr_csf": 3.596653347096799,
  "snr_gm": 13.769647703455846,
  "snr_total": 12.616020845736253,
  "snr_wm": 20.481761486656115,
  "snrd_csf": 18.85975367306119,
  "snrd_gm": 35.45048017002092,
  "snrd_total": 34.6598851690307,
  "snrd_wm": 49.669421664009995,
  "spacing_x": 1.0,
  "spacing_y": 0.46880000829696655,
  "spacing_z": 0.46880000829696655,
  "summary_bg_k": 1.8700509794246774,
  "summary_bg_mad": 13.19001579284668,
  "summary_bg_mean": 47.8934211730957,
  "summary_bg_median": 46.06309509277344,
  "summary_bg_n": 12003569.0,
  "summary_bg_p05": 27.90876655578613,
  "summary_bg_p95": 74.28546905517578,
  "summary_bg_stdv": 14.581167221069336,
  "summary_csf_k": -0.7384804607371636,
  "summary_csf_mad": 125.29696655273438,
  "summary_csf_mean": 384.9549865722656,
  "summary_csf_median": 379.7078857421875,
  "summary_csf_n": 168678.0,
  "summary_csf_p05": 228.76861572265625,
  "summary_csf_p95": 555.5498565673828,
  "summary_csf_stdv": 105.5722427368164,
  "summary_gm_k": 0.5229119260537232,
  "summary_gm_mad": 48.1967887878418,
  "summary_gm_mean": 716.758056640625,
  "summary_gm_median": 713.73291015625,
  "summary_gm_n": 220490.0,
  "summary_gm_p05": 636.9327758789062,
  "summary_gm_p95": 807.8308349609374,
  "summary_gm_stdv": 51.83366394042969,
  "summary_wm_k": 0.38340090401897164,
  "summary_wm_mad": 46.440269470214844,
  "summary_wm_mean": 998.2561645507812,
  "summary_wm_median": 1000.0062255859375,
  "summary_wm_n": 934755.0,
  "summary_wm_p05": 914.3917114257813,
  "summary_wm_p95": 1075.339709472656,
  "summary_wm_stdv": 48.82420349121094,
  "tpm_overlap_csf": 0.2072506844997406,
  "tpm_overlap_gm": 0.5003938674926758,
  "tpm_overlap_wm": 0.5367271900177002,
  "wm2max": 0.42354988761251233
}