{
  "bids_meta": {
    "AcquisitionDuration": 238.55128,
    "Columns": 512,
    "EchoTime": 0.00281,
    "EchoTrainLength": 1,
    "EffectiveEchoSpacing": 0,
    "FieldOfView": [
      240.03,
      240.03,
      180
    ],
    "FlipAngle": 11,
    "GEImageTypeRIMPCode": 0,
    "ImageType": "ORIGINAL/PRIMARY/OTHER",
    "ImagingFrequency": 127.7651,
    "InplanePhaseEncodingDirection": "ROW",
    "InversionTime": 0.45,
    "MRAcquisitionType": "3D",
    "MagneticFieldStrength": 3,
    "Manufacturer": "GE MEDICAL SYSTEMS",
    "ManufacturersModelName": "DISCOVERY MR750",
    "NumberOfAverages": 1,
    "NumberOfEPIShots": 0,
    "NumberOfEchoes": 1,
    "NumberOfSlices": 180,
    "ParallelImagingReductionFactors": [
      0.571429,
      1
    ],
    "PercentPhaseFieldOfView": 100,
    "PhaseEncodingDirection": "i",
    "PixelBandwidth": 122.07,
    "PixelSpacing": [
      0.4688,
      0.4688
    ],
    "ReceiveCoilName": "8HRBRAIN",
    "RepetitionTime": 0.0064,
    "Rows": 512,
    "SATFatWaterBone": 0,
    "ScanOptions": [
      "FAST_GEMS",
      "EDR_GEMS",
      "FILTERED_GEMS",
      "ACC_GEMS"
    ],
    "ScanningSequence": "GR",
    "SequenceVariant": [
      "SS",
      "SK"
    ],
    "SeriesDate": "18740413",
    "SeriesDescription": "Sag3D_T1_1mm3",
    "SeriesNumber": 2,
    "SeriesTime": "194512",
    "SliceThickness": 1,
    "SpacingBetweenSlices": 1,
    "StudyTime": "194328",
    "modality": "T1w",
    "session_id": "1",
    "subject_id": "9065"
  },
  "cjv": 0.45206712113568664,
  "cnr": 3.0197439768294734,
  "efc": 0.6488119800696551,
  "fber": 149.520263671875,
  "fwhm_avg": 6.232911289407287,
  "fwhm_x": 3.92495,
  "fwhm_y": 7.514163689537618,
  "fwhm_z": 7.259620178684245,
  "icvs_csf": 0.20778127301770866,
  "icvs_gm": 0.39044287886976364,
  "icvs_wm": 0.4017758481125277,
  "inu_med": 1.204694151878357,
  "inu_range": 0.5569304287433623,
  "provenance": {
    "md5sum": "106ba1dc9de698785b636a57a9f807b8",
    "mriqc_pred": 0,
    "settings": {
      "testing": false
    },
    "software": "mriqc",
    "version": "0.9.6",
    "warnings": {
      "large_rot_frame": true,
      "small_air_mask": false
    }
  },
  "qi_1": 7.591754376950807e-05,
  "qi_2": 0.000295418858850036,
  "rpve_csf": 23.720278940819313,
  "rpve_gm": 12.423327758794098,
  "rpve_wm": 14.383904311208921,
  "size_x": 180,
  "size_y": 512,
  "size_z": 512,
  "snr_csf": 3.982343869312093,
  "snr_gm": 13.4125510761085,
  "snr_total": 11.277045258460063,
  "snr_wm": 16.436240829959594,
  "snrd_csf": 13.653623245868557,
  "snrd_gm": 31.55456936995044,
  "snrd_total": 29.179429832559904,
  "snrd_wm": 42.33009688186072,
  "spacing_x": 1.0,
  "spacing_y": 0.46880000829696655,
  "spacing_z": 0.46880000829696655,
  "summary_bg_k": 3.952213542130309,
  "summary_bg_mad": 15.476940155029297,
  "summary_bg_mean": 53.20189666748047,
  "summary_bg_median": 50.8863639831543,
  "summary_bg_n": 10198573.0,
  "summary_bg_p05": 29.387145233154296,
  "summary_bg_p95": 84.73469543457031,
  "summary_bg_stdv": 17.767993927001953,
  "summary_csf_k": 0.8804958859038257,
  "summary_csf_mad": 69.11524200439453,
  "summary_csf_mean": 335.9503479003906,
  "summary_csf_median": 322.55316162109375,
  "summary_csf_n": 199417.0,
  "summary_csf_p05": 226.10186767578128,
  "summary_csf_p95": 495.69013671874995,
  "summary_csf_stdv": 80.99560546875,
  "summary_gm_k": 0.12367419120122047,
  "summary_gm_mad": 54.65376281738281,
  "summary_gm_mean": 746.7691650390625,
  "summary_gm_median": 745.445068359375,
  "summary_gm_n": 136737.0,
  "summary_gm_p05": 657.5363159179688,
  "summary_gm_p95": 840.1580444335937,
  "summary_gm_stdv": 55.57796859741211,
  "summary_wm_k": 0.08188055646954062,
  "summary_wm_mad": 60.42491149902344,
  "summary_wm_mean": 1001.421142578125,
  "summary_wm_median": 1000.006103515625,
  "summary_wm_n": 1129450.0,
  "summary_wm_p05": 903.9051177978515,
  "summary_wm_p95": 1103.6822082519532,
  "summary_wm_stdv": 60.84150695800781,
  "tpm_overlap_csf": 0.20793147385120392,
  "tpm_overlap_gm": 0.44547951221466064,
  "tpm_overlap_wm": 0.5295861959457397,
  "wm2max": 0.40073800858320147
}