{
  "bids_meta": {
    "AcquisitionDuration": 238.444688,
    "Columns": 512,
    "EchoTime": 0.00281,
    "EchoTrainLength": 1,
    "EffectiveEchoSpacing": 0,
    "FieldOfView": [
      240.03,
      240.03,
      180
    ],
    "FlipAngle": 11,
    "GEImageTypeRIMPCode": 0,
    "ImageType": "ORIGINAL/PRIMARY/OTHER",
    "ImagingFrequency": 127.765185,
    "InplanePhaseEncodingDirection": "ROW",
    "InversionTime": 0.45,
    "MRAcquisitionType": "3D",
    "MagneticFieldStrength": 3,
    "Manufacturer": "GE MEDICAL SYSTEMS",
    "ManufacturersModelName": "DISCOVERY MR750",
    "NumberOfAverages": 1,
    "NumberOfEPIShots": 0,
    "NumberOfEchoes": 1,
    "NumberOfSlices": 180,
    "ParallelImagingReductionFactors": [
      0.571429,
      1
    ],
    "PercentPhaseFieldOfView": 100,
    "PhaseEncodingDirection": "i",
    "PixelBandwidth": 122.07,
    "PixelSpacing": [
      0.4688,
      0.4688
    ],
    "ReceiveCoilName": "8HRBRAIN",
    "RepetitionTime": 0.0064,
    "Rows": 512,
    "SATFatWaterBone": 0,
    "ScanOptions": [
      "FAST_GEMS",
      "EDR_GEMS",
      "FILTERED_GEMS",
      "ACC_GEMS"
    ],
    "ScanningSequence": "GR",
    "SequenceVariant": [
      "SS",
      "SK"
    ],
    "SeriesDate": "18730311",
    "SeriesDescription": "Sag3D_T1_1mm3",
    "SeriesNumber": 2,
    "SeriesTime": "184947",
    "SliceThickness": 1,
    "SpacingBetweenSlices": 1,
    "StudyTime": "184814",
    "modality": "T1w",
    "session_id": "1",
    "subject_id": "9013"
  },
  "cjv": 0.4168611418720312,
  "cnr": 3.1320214103006205,
  "efc": 0.6701262892344017,
  "fber": 145.06680297851562,
  "fwhm_avg": 6.41012347126782,
  "fwhm_x": 4.04302,
  "fwhm_y": 7.968749858966614,
  "fwhm_z": 7.218600554836844,
  "icvs_csf": 0.2109231364692184,
  "icvs_gm": 0.412540971557397,
  "icvs_wm": 0.3765358919733846,
  "inu_med": 1.1690987348556519,
  "inu_range": 0.5716752231121061,
  "provenance": {
    "md5sum": "2ec14fdd00b7336ee9bac8e9fdfbb1fa",
    "mriqc_pred": 0,
    "settings": {
      "testing": false
    },
    "software": "mriqc",
    "version": "0.9.6",
    "warnings": {
      "large_rot_frame": true,
      "small_air_mask": false
    }
  },
  "qi_1": 3.7621677911786192e-06,
  "qi_2": 0.0008129827268463712,
  "rpve_csf": 19.383641755245485,
  "rpve_gm": 10.28635893118899,
  "rpve_wm": 13.448290205999173,
  "size_x": 180,
  "size_y": 512,
  "size_z": 512,
  "snr_csf": 3.6704855756881534,
  "snr_gm": 12.881317237853498,
  "snr_total": 11.344343744557483,
  "snr_wm": 17.481228420130797,
  "snrd_csf": 16.10656549559838,
  "snrd_gm": 30.163148139964207,
  "snrd_total": 29.18612420751693,
  "snrd_wm": 41.288658986988196,
  "spacing_x": 1.0,
  "spacing_y": 0.46880000829696655,
  "spacing_z": 0.46880000829696655,
  "summary_bg_k": 4555.130198556302,
  "summary_bg_mad": 15.867555618286133,
  "summary_bg_mean": 52.560096740722656,
  "summary_bg_median": 50.57460021972656,
  "summary_bg_n": 7347282.0,
  "summary_bg_p05": 27.89671201705933,
  "summary_bg_p95": 82.31230163574219,
  "summary_bg_stdv": 30.215534210205078,
  "summary_csf_k": -0.6318780476074903,
  "summary_csf_mad": 121.90283966064453,
  "summary_csf_mean": 387.1736145019531,
  "summary_csf_median": 390.1047668457031,
  "summary_csf_n": 184750.0,
  "summary_csf_p05": 213.32656326293943,
  "summary_csf_p95": 551.5413208007812,
  "summary_csf_stdv": 106.2812271118164,
  "summary_gm_k": 0.03273980702498447,
  "summary_gm_mad": 56.06207275390625,
  "summary_gm_mean": 732.5630493164062,
  "summary_gm_median": 730.5584716796875,
  "summary_gm_n": 253326.0,
  "summary_gm_p05": 642.4325256347656,
  "summary_gm_p95": 829.5798034667969,
  "summary_gm_stdv": 56.7144660949707,
  "summary_wm_k": 0.23761629201558998,
  "summary_wm_mad": 56.266357421875,
  "summary_wm_mean": 1001.6383666992188,
  "summary_wm_median": 1000.0209350585938,
  "summary_wm_n": 1378732.0,
  "summary_wm_p05": 910.6624603271484,
  "summary_wm_p95": 1098.1477111816407,
  "summary_wm_stdv": 57.20539474487305,
  "tpm_overlap_csf": 0.1936742514371872,
  "tpm_overlap_gm": 0.4796423316001892,
  "tpm_overlap_wm": 0.5363704562187195,
  "wm2max": 0.440965101695576
}