{
  "bids_meta": {
    "AcquisitionDuration": 238.55128,
    "Columns": 512,
    "EchoTime": 0.00281,
    "EchoTrainLength": 1,
    "EffectiveEchoSpacing": 0,
    "FieldOfView": [
      240.03,
      240.03,
      180
    ],
    "FlipAngle": 11,
    "GEImageTypeRIMPCode": 0,
    "ImageType": "ORIGINAL/PRIMARY/OTHER",
    "ImagingFrequency": 127.765197,
    "InplanePhaseEncodingDirection": "ROW",
    "InversionTime": 0.45,
    "MRAcquisitionType": "3D",
    "MagneticFieldStrength": 3,
    "Manufacturer": "GE MEDICAL SYSTEMS",
    "ManufacturersModelName": "DISCOVERY MR750",
    "NumberOfAverages": 1,
    "NumberOfEPIShots": 0,
    "NumberOfEchoes": 1,
    "NumberOfSlices": 180,
    "ParallelImagingReductionFactors": [
      0.571429,
      1
    ],
    "PercentPhaseFieldOfView": 100,
    "PhaseEncodingDirection": "i",
    "PixelBandwidth": 122.07,
    "PixelSpacing": [
      0.4688,
      0.4688
    ],
    "ReceiveCoilName": "8HRBRAIN",
    "RepetitionTime": 0.0064,
    "Rows": 512,
    "SATFatWaterBone": 0,
    "ScanOptions": [
      "FAST_GEMS",
      "EDR_GEMS",
      "FILTERED_GEMS",
      "ACC_GEMS"
    ],
    "ScanningSequence": "GR",
    "SequenceVariant": [
      "SS",
      "SK"
    ],
    "SeriesDate": "18731229",
    "SeriesDescription": "Sag3D_T1_1mm3",
    "SeriesNumber": 2,
    "SeriesTime": "181237",
    "SliceThickness": 1,
    "SpacingBetweenSlices": 1,
    "StudyTime": "181044",
    "modality": "T1w",
    "session_id": "2",
    "subject_id": "9085"
  },
  "cjv": 0.2946871639580417,
  "cnr": 4.422273292098117,
  "efc": 0.6178715132040877,
  "fber": 212.81939697265625,
  "fwhm_avg": 6.823346162208968,
  "fwhm_x": 4.38352,
  "fwhm_y": 8.328562139287966,
  "fwhm_z": 7.757956347338942,
  "icvs_csf": 0.19533629914231473,
  "icvs_gm": 0.4332930927158921,
  "icvs_wm": 0.3713706081417932,
  "inu_med": 1.1345784664154053,
  "inu_range": 0.50771564245224,
  "provenance": {
    "md5sum": "2ef16a9397d7fc0e4b5d2d7ffb80cf2c",
    "mriqc_pred": 0,
    "settings": {
      "testing": false
    },
    "software": "mriqc",
    "version": "0.9.6",
    "warnings": {
      "large_rot_frame": true,
      "small_air_mask": false
    }
  },
  "qi_1": 0.0,
  "qi_2": 0.00042685215991879666,
  "rpve_csf": 24.545204428304576,
  "rpve_gm": 12.154953826643906,
  "rpve_wm": 16.52529337262383,
  "size_x": 180,
  "size_y": 512,
  "size_z": 512,
  "snr_csf": 3.6106510364449624,
  "snr_gm": 13.964027627473468,
  "snr_total": 13.416312688344357,
  "snr_wm": 22.674259401114643,
  "snrd_csf": 19.085464957745614,
  "snrd_gm": 38.78009985057758,
  "snrd_total": 37.77698124683482,
  "snrd_wm": 55.465378932181274,
  "spacing_x": 1.0,
  "spacing_y": 0.46880000829696655,
  "spacing_z": 0.46880000829696655,
  "summary_bg_k": 2.036956767051927,
  "summary_bg_mad": 11.811653137207031,
  "summary_bg_mean": 43.95976638793945,
  "summary_bg_median": 42.45893859863281,
  "summary_bg_n": 9509234.0,
  "summary_bg_p05": 25.638763904571533,
  "summary_bg_p95": 67.68167915344237,
  "summary_bg_stdv": 13.240260124206543,
  "summary_csf_k": -0.14474625067108127,
  "summary_csf_mad": 92.70384216308594,
  "summary_csf_mean": 354.8863525390625,
  "summary_csf_median": 344.09765625,
  "summary_csf_n": 119108.0,
  "summary_csf_p05": 209.7998245239258,
  "summary_csf_p95": 520.9987274169922,
  "summary_csf_stdv": 95.30032348632812,
  "summary_gm_k": 0.4436082886211863,
  "summary_gm_mad": 47.079681396484375,
  "summary_gm_mean": 701.5303344726562,
  "summary_gm_median": 699.17822265625,
  "summary_gm_n": 242588.0,
  "summary_gm_p05": 623.2460632324219,
  "summary_gm_p95": 787.9806549072266,
  "summary_gm_stdv": 50.06985092163086,
  "summary_wm_k": 0.607616267298031,
  "summary_wm_mad": 41.56928253173828,
  "summary_wm_mean": 999.8167724609375,
  "summary_wm_median": 1000.002197265625,
  "summary_wm_n": 1124084.0,
  "summary_wm_p05": 927.0314025878906,
  "summary_wm_p95": 1071.5131225585935,
  "summary_wm_stdv": 44.10295104980469,
  "tpm_overlap_csf": 0.20482411980628967,
  "tpm_overlap_gm": 0.4940073788166046,
  "tpm_overlap_wm": 0.5297178626060486,
  "wm2max": 0.43815487602329667
}