{
  "bids_meta": {
    "AcquisitionDuration": 238.55128,
    "Columns": 512,
    "EchoTime": 0.00281,
    "EchoTrainLength": 1,
    "EffectiveEchoSpacing": 0,
    "FieldOfView": [
      240.03,
      240.03,
      180
    ],
    "FlipAngle": 11,
    "GEImageTypeRIMPCode": 0,
    "ImageType": "ORIGINAL/PRIMARY/OTHER",
    "ImagingFrequency": 127.765112,
    "InplanePhaseEncodingDirection": "ROW",
    "InversionTime": 0.45,
    "MRAcquisitionType": "3D",
    "MagneticFieldStrength": 3,
    "Manufacturer": "GE MEDICAL SYSTEMS",
    "ManufacturersModelName": "DISCOVERY MR750",
    "NumberOfAverages": 1,
    "NumberOfEPIShots": 0,
    "NumberOfEchoes": 1,
    "NumberOfSlices": 180,
    "ParallelImagingReductionFactors": [
      0.571429,
      1
    ],
    "PercentPhaseFieldOfView": 100,
    "PhaseEncodingDirection": "i",
    "PixelBandwidth": 122.07,
    "PixelSpacing": [
      0.4688,
      0.4688
    ],
    "ReceiveCoilName": "8HRBRAIN",
    "RepetitionTime": 0.0064,
    "Rows": 512,
    "SATFatWaterBone": 0,
    "ScanOptions": [
      "FAST_GEMS",
      "EDR_GEMS",
      "FILTERED_GEMS",
      "ACC_GEMS"
    ],
    "ScanningSequence": "GR",
    "SequenceVariant": [
      "SS",
      "SK"
    ],
    "SeriesDate": "18731214",
    "SeriesDescription": "Sag3D_T1_1mm3",
    "SeriesNumber": 2,
    "SeriesTime": "181047",
    "SliceThickness": 1,
    "SpacingBetweenSlices": 1,
    "StudyTime": "180803",
    "modality": "T1w",
    "session_id": "1",
    "subject_id": "9055"
  },
  "cjv": 0.33160784479575894,
  "cnr": 3.8908622169789613,
  "efc": 0.6541917449587143,
  "fber": 146.92149353027344,
  "fwhm_avg": 6.50300183133276,
  "fwhm_x": 4.03183,
  "fwhm_y": 8.06040941365839,
  "fwhm_z": 7.416766080339889,
  "icvs_csf": 0.22441934648245074,
  "icvs_gm": 0.4394554979845097,
  "icvs_wm": 0.3361251555330395,
  "inu_med": 1.1918953657150269,
  "inu_range": 0.6545544981956481,
  "provenance": {
    "md5sum": "ed925e8a5309f7f16497e3ba35397169",
    "mriqc_pred": 0,
    "settings": {
      "testing": false
    },
    "software": "mriqc",
    "version": "0.9.6",
    "warnings": {
      "large_rot_frame": true,
      "small_air_mask": false
    }
  },
  "qi_1": 0.0,
  "qi_2": 0.0007207551063650342,
  "rpve_csf": 25.34324264773156,
  "rpve_gm": 13.513813243769642,
  "rpve_wm": 20.002219918819275,
  "size_x": 180,
  "size_y": 512,
  "size_z": 512,
  "snr_csf": 3.7944768002569913,
  "snr_gm": 12.574745632686136,
  "snr_total": 11.009141859242632,
  "snr_wm": 16.658203144784768,
  "snrd_csf": 13.241849644584532,
  "snrd_gm": 30.09419772048875,
  "snrd_total": 29.205778930440527,
  "snrd_wm": 44.28128942624829,
  "spacing_x": 1.0,
  "spacing_y": 0.46880000829696655,
  "spacing_z": 0.46880000829696655,
  "summary_bg_k": 1.9502175703930789,
  "summary_bg_mad": 14.794989585876465,
  "summary_bg_mean": 50.30290222167969,
  "summary_bg_median": 48.44839859008789,
  "summary_bg_n": 9321903.0,
  "summary_bg_p05": 27.954195785522465,
  "summary_bg_p95": 79.09868392944337,
  "summary_bg_stdv": 15.993266105651855,
  "summary_csf_k": 0.5455610878777084,
  "summary_csf_mad": 68.710205078125,
  "summary_csf_mean": 311.4765319824219,
  "summary_csf_median": 299.0415954589844,
  "summary_csf_n": 153755.0,
  "summary_csf_p05": 202.80367279052734,
  "summary_csf_p95": 463.52309570312474,
  "summary_csf_stdv": 78.8094482421875,
  "summary_gm_k": 0.46294706205075764,
  "summary_gm_mad": 50.824554443359375,
  "summary_gm_mean": 681.3963012695312,
  "summary_gm_median": 679.6193237304688,
  "summary_gm_n": 202614.0,
  "summary_gm_p05": 595.7958129882812,
  "summary_gm_p95": 773.7388610839844,
  "summary_gm_stdv": 54.046234130859375,
  "summary_wm_k": 0.632863849752499,
  "summary_wm_mad": 55.41864013671875,
  "summary_wm_mean": 997.4560546875,
  "summary_wm_median": 1000.0073852539062,
  "summary_wm_n": 831894.0,
  "summary_wm_p05": 892.2295532226562,
  "summary_wm_p95": 1090.7213623046873,
  "summary_wm_stdv": 60.03089141845703,
  "tpm_overlap_csf": 0.19866731762886047,
  "tpm_overlap_gm": 0.4844338893890381,
  "tpm_overlap_wm": 0.5056758522987366,
  "wm2max": 0.5551927271220248
}