{
  "bids_meta": {
    "AcquisitionDuration": 393.092192,
    "Columns": 512,
    "EchoTime": 0.12561,
    "EchoTrainLength": 140,
    "EffectiveEchoSpacing": 0,
    "FieldOfView": [
      240.03,
      240.03,
      87.6
    ],
    "FlipAngle": 90,
    "GEImageTypeRIMPCode": 0,
    "ImageType": "ORIGINAL/PRIMARY/OTHER",
    "ImagingFrequency": 127.765239,
    "InplanePhaseEncodingDirection": "ROW",
    "InversionTime": 1.865,
    "MRAcquisitionType": "3D",
    "MagneticFieldStrength": 3,
    "Manufacturer": "GE MEDICAL SYSTEMS",
    "ManufacturersModelName": "DISCOVERY MR750",
    "NumberOfAverages": 1,
    "NumberOfEPIShots": 1,
    "NumberOfEchoes": 1,
    "NumberOfSlices": 146,
    "ParallelImagingReductionFactors": [
      0.5,
      0.5
    ],
    "PercentPhaseFieldOfView": 100,
    "PhaseEncodingDirection": "i",
    "PixelBandwidth": 122.07,
    "PixelSpacing": [
      0.4688,
      0.4688
    ],
    "ReceiveCoilName": "8HRBRAIN",
    "RepetitionTime": 6,
    "Rows": 512,
    "SATFatWaterBone": 0,
    "ScanOptions": [
      "EDR_GEMS",
      "FILTERED_GEMS",
      "ACC_GEMS"
    ],
    "ScanningSequence": [
      "SE",
      "IR"
    ],
    "SequenceVariant": "SK",
    "SeriesDate": "18740108",
    "SeriesDescription": "Sag CUBE T2 flair",
    "SeriesNumber": 11,
    "SeriesTime": "213354",
    "SliceThickness": 1.2,
    "SpacingBetweenSlices": 0.600002,
    "StudyTime": "201308",
    "modality": "T2w",
    "session_id": "1",
    "subject_id": "9088"
  },
  "cjv": 0.7248347837388898,
  "cnr": 1.2839609824075062,
  "efc": 0.5844578390612397,
  "fber": 625.4417114257812,
  "fwhm_avg": 5.116686394728451,
  "fwhm_x": 4.558399818865466,
  "fwhm_y": 5.628263552266394,
  "fwhm_z": 5.163395813053493,
  "icvs_csf": 0.4494480623206147,
  "icvs_gm": 0.4245794875574622,
  "icvs_wm": 0.1259724501219231,
  "inu_med": 1.1085540056228638,
  "inu_range": 0.6473937749862668,
  "provenance": {
    "md5sum": "8ba783747cfeb354fa718942847496d0",
    "settings": {
      "testing": false
    },
    "software": "mriqc",
    "version": "0.9.6",
    "warnings": {
      "large_rot_frame": true,
      "small_air_mask": false
    }
  },
  "qi_1": 0.0,
  "qi_2": 0.0011453379053371505,
  "rpve_csf": 13.145799856143734,
  "rpve_gm": 12.98714371102028,
  "rpve_wm": 39.33839665236357,
  "size_x": 292,
  "size_y": 512,
  "size_z": 512,
  "snr_csf": 15.603302538883169,
  "snr_gm": 15.259901871133643,
  "snr_total": 11.06519719573843,
  "snr_wm": 2.3323871771984828,
  "snrd_csf": 70.08845013220532,
  "snrd_gm": 59.3139312635904,
  "snrd_total": 55.75360772315104,
  "snrd_wm": 37.85844177365738,
  "spacing_x": 0.6000000238418579,
  "spacing_y": 0.46880000829696655,
  "spacing_z": 0.46880000829696655,
  "summary_bg_k": 6.928096112503168,
  "summary_bg_mad": 17.292978286743164,
  "summary_bg_mean": 53.23469543457031,
  "summary_bg_median": 49.40749740600586,
  "summary_bg_n": 17881043.0,
  "summary_bg_p05": 26.7999137878418,
  "summary_bg_p95": 92.83856964111328,
  "summary_bg_stdv": 21.537229537963867,
  "summary_csf_k": 0.6829154016784926,
  "summary_csf_mad": 112.27164459228516,
  "summary_csf_mean": 1860.5714111328125,
  "summary_csf_median": 1850.0545654296875,
  "summary_csf_n": 1065531.0,
  "summary_csf_p05": 1685.3231201171875,
  "summary_csf_p95": 2071.8564453125,
  "summary_csf_stdv": 118.56808471679688,
  "summary_gm_k": 0.04884045413090865,
  "summary_gm_mad": 102.90910339355469,
  "summary_gm_mean": 1572.4827880859375,
  "summary_gm_median": 1565.650390625,
  "summary_gm_n": 490421.0,
  "summary_gm_p05": 1416.55712890625,
  "summary_gm_p95": 1752.5938720703125,
  "summary_gm_stdv": 102.598876953125,
  "summary_wm_k": 9.749097272293776,
  "summary_wm_mad": 307.5931396484375,
  "summary_wm_mean": 957.985595703125,
  "summary_wm_median": 999.3113403320312,
  "summary_wm_n": 109066.0,
  "summary_wm_p05": 287.7958679199219,
  "summary_wm_p95": 1359.5433959960938,
  "summary_wm_stdv": 428.44805908203125,
  "tpm_overlap_csf": 0.1046709194779396,
  "tpm_overlap_gm": 0.3109442889690399,
  "tpm_overlap_wm": 0.10021795332431793,
  "wm2max": 0.23955900082191167
}