{
  "bids_meta": {
    "AcquisitionDuration": 238.55128,
    "Columns": 512,
    "EchoTime": 0.00281,
    "EchoTrainLength": 1,
    "EffectiveEchoSpacing": 0,
    "FieldOfView": [
      240.03,
      240.03,
      180
    ],
    "FlipAngle": 11,
    "GEImageTypeRIMPCode": 0,
    "ImageType": "ORIGINAL/PRIMARY/OTHER",
    "ImagingFrequency": 127.76516,
    "InplanePhaseEncodingDirection": "ROW",
    "InversionTime": 0.45,
    "MRAcquisitionType": "3D",
    "MagneticFieldStrength": 3,
    "Manufacturer": "GE MEDICAL SYSTEMS",
    "ManufacturersModelName": "DISCOVERY MR750",
    "NumberOfAverages": 1,
    "NumberOfEPIShots": 0,
    "NumberOfEchoes": 1,
    "NumberOfSlices": 180,
    "ParallelImagingReductionFactors": [
      0.571429,
      1
    ],
    "PercentPhaseFieldOfView": 100,
    "PhaseEncodingDirection": "i",
    "PixelBandwidth": 122.07,
    "PixelSpacing": [
      0.4688,
      0.4688
    ],
    "ReceiveCoilName": "8HRBRAIN",
    "RepetitionTime": 0.0064,
    "Rows": 512,
    "SATFatWaterBone": 0,
    "ScanOptions": [
      "FAST_GEMS",
      "EDR_GEMS",
      "FILTERED_GEMS",
      "ACC_GEMS"
    ],
    "ScanningSequence": "GR",
    "SequenceVariant": [
      "SS",
      "SK"
    ],
    "SeriesDate": "18740112",
    "SeriesDescription": "Sag3D_T1_1mm3",
    "SeriesNumber": 2,
    "SeriesTime": "181540",
    "SliceThickness": 1,
    "SpacingBetweenSlices": 1,
    "StudyTime": "181346",
    "modality": "T1w",
    "session_id": "2",
    "subject_id": "9042"
  },
  "cjv": 0.34609246087575773,
  "cnr": 3.7799227797492487,
  "efc": 0.643843735505124,
  "fber": 168.0395050048828,
  "fwhm_avg": 6.4684576230753885,
  "fwhm_x": 4.10981,
  "fwhm_y": 7.963289108210018,
  "fwhm_z": 7.332273761016148,
  "icvs_csf": 0.20622159598125062,
  "icvs_gm": 0.422708777421773,
  "icvs_wm": 0.3710696265969764,
  "inu_med": 1.1332942247390747,
  "inu_range": 0.44125059247016896,
  "provenance": {
    "md5sum": "3c5f684affa497bc0d132f918eb59a80",
    "mriqc_pred": 0,
    "settings": {
      "testing": false
    },
    "software": "mriqc",
    "version": "0.9.6",
    "warnings": {
      "large_rot_frame": true,
      "small_air_mask": false
    }
  },
  "qi_1": 6.960267051526233e-05,
  "qi_2": 0.0003689213037025611,
  "rpve_csf": 22.768399833827903,
  "rpve_gm": 11.875915661330025,
  "rpve_wm": 15.972759434485313,
  "size_x": 180,
  "size_y": 512,
  "size_z": 512,
  "snr_csf": 3.7914326882948757,
  "snr_gm": 13.049507449791756,
  "snr_total": 12.667177917247121,
  "snr_wm": 21.16059361365473,
  "snrd_csf": 18.00212766013661,
  "snrd_gm": 33.74696768864152,
  "snrd_total": 32.89754956369094,
  "snrd_wm": 46.94355334229469,
  "spacing_x": 1.0,
  "spacing_y": 0.46880000829696655,
  "spacing_z": 0.46880000829696655,
  "summary_bg_k": 4.868193830657599,
  "summary_bg_mad": 13.955938339233398,
  "summary_bg_mean": 50.57644271850586,
  "summary_bg_median": 48.550811767578125,
  "summary_bg_n": 9799568.0,
  "summary_bg_p05": 28.857725143432617,
  "summary_bg_p95": 79.17491645812989,
  "summary_bg_stdv": 16.216018676757812,
  "summary_csf_k": -0.4978120462882569,
  "summary_csf_mad": 111.9490966796875,
  "summary_csf_mean": 390.63720703125,
  "summary_csf_median": 383.4874572753906,
  "summary_csf_n": 150368.0,
  "summary_csf_p05": 233.5886169433594,
  "summary_csf_p95": 555.7062713623046,
  "summary_csf_stdv": 101.14545440673828,
  "summary_gm_k": 0.37150719242075825,
  "summary_gm_mad": 52.16617202758789,
  "summary_gm_mean": 722.2813720703125,
  "summary_gm_median": 718.889404296875,
  "summary_gm_n": 248699.0,
  "summary_gm_p05": 637.8816406249999,
  "summary_gm_p95": 819.7352600097655,
  "summary_gm_stdv": 55.08927917480469,
  "summary_wm_k": 0.35668552889261607,
  "summary_wm_mad": 45.126705169677734,
  "summary_wm_mean": 999.88525390625,
  "summary_wm_median": 1000.007568359375,
  "summary_wm_n": 1222272.0,
  "summary_wm_p05": 921.7469543457031,
  "summary_wm_p95": 1077.2640441894532,
  "summary_wm_stdv": 47.257991790771484,
  "tpm_overlap_csf": 0.19532878696918488,
  "tpm_overlap_gm": 0.4912746548652649,
  "tpm_overlap_wm": 0.5496494770050049,
  "wm2max": 0.4538858599802661
}