{
  "bids_meta": {
    "AcquisitionDuration": 238.55128,
    "Columns": 512,
    "EchoTime": 0.00281,
    "EchoTrainLength": 1,
    "EffectiveEchoSpacing": 0,
    "FieldOfView": [
      240.03,
      240.03,
      180
    ],
    "FlipAngle": 11,
    "GEImageTypeRIMPCode": 0,
    "ImageType": "ORIGINAL/PRIMARY/OTHER",
    "ImagingFrequency": 127.765162,
    "InplanePhaseEncodingDirection": "ROW",
    "InversionTime": 0.45,
    "MRAcquisitionType": "3D",
    "MagneticFieldStrength": 3,
    "Manufacturer": "GE MEDICAL SYSTEMS",
    "ManufacturersModelName": "DISCOVERY MR750",
    "NumberOfAverages": 1,
    "NumberOfEPIShots": 0,
    "NumberOfEchoes": 1,
    "NumberOfSlices": 180,
    "ParallelImagingReductionFactors": [
      0.571429,
      1
    ],
    "PercentPhaseFieldOfView": 100,
    "PhaseEncodingDirection": "i",
    "PixelBandwidth": 122.07,
    "PixelSpacing": [
      0.4688,
      0.4688
    ],
    "ReceiveCoilName": "8HRBRAIN",
    "RepetitionTime": 0.0064,
    "Rows": 512,
    "SATFatWaterBone": 0,
    "ScanOptions": [
      "FAST_GEMS",
      "EDR_GEMS",
      "FILTERED_GEMS",
      "ACC_GEMS"
    ],
    "ScanningSequence": "GR",
    "SequenceVariant": [
      "SS",
      "SK"
    ],
    "SeriesDate": "18740219",
    "SeriesDescription": "Sag3D_T1_1mm3",
    "SeriesNumber": 2,
    "SeriesTime": "203158",
    "SliceThickness": 1,
    "SpacingBetweenSlices": 1,
    "StudyTime": "203022",
    "modality": "T1w",
    "session_id": "2",
    "subject_id": "9081"
  },
  "cjv": 0.4065184259983307,
  "cnr": 3.3019330040820303,
  "efc": 0.6571190827937515,
  "fber": 141.0639190673828,
  "fwhm_avg": 6.264849776405029,
  "fwhm_x": 4.03446,
  "fwhm_y": 7.446394919405953,
  "fwhm_z": 7.313694409809134,
  "icvs_csf": 0.23527926330581314,
  "icvs_gm": 0.41789671740611,
  "icvs_wm": 0.3468240192880769,
  "inu_med": 1.170950174331665,
  "inu_range": 0.47119802236557007,
  "provenance": {
    "md5sum": "2bf11bdac385aff5921e3e4158effe60",
    "mriqc_pred": 0,
    "settings": {
      "testing": false
    },
    "software": "mriqc",
    "version": "0.9.6",
    "warnings": {
      "large_rot_frame": true,
      "small_air_mask": false
    }
  },
  "qi_1": 0.0,
  "qi_2": 0.00030484649023894856,
  "rpve_csf": 19.632228652780526,
  "rpve_gm": 11.288971369783368,
  "rpve_wm": 15.96441386029585,
  "size_x": 180,
  "size_y": 512,
  "size_z": 512,
  "snr_csf": 3.8568446605901667,
  "snr_gm": 12.911223018658259,
  "snr_total": 11.338830455349532,
  "snr_wm": 17.24842368680017,
  "snrd_csf": 15.163740960672953,
  "snrd_gm": 31.44869518485217,
  "snrd_total": 29.965125697156736,
  "snrd_wm": 43.282940945945086,
  "spacing_x": 1.0,
  "spacing_y": 0.46880000829696655,
  "spacing_z": 0.46880000829696655,
  "summary_bg_k": 5.4448070228325065,
  "summary_bg_mad": 15.136323928833008,
  "summary_bg_mean": 52.14677429199219,
  "summary_bg_median": 49.32577896118164,
  "summary_bg_n": 10434300.0,
  "summary_bg_p05": 28.86297740936279,
  "summary_bg_p95": 85.06199684143066,
  "summary_bg_stdv": 18.124296188354492,
  "summary_csf_k": 0.02050114558242866,
  "summary_csf_mad": 88.35054779052734,
  "summary_csf_mean": 361.409912109375,
  "summary_csf_median": 350.34429931640625,
  "summary_csf_n": 223026.0,
  "summary_csf_p05": 228.4016456604004,
  "summary_csf_p95": 523.9566345214844,
  "summary_csf_stdv": 90.83682250976562,
  "summary_gm_k": 0.08591397534931078,
  "summary_gm_mad": 55.73956298828125,
  "summary_gm_mean": 728.7099609375,
  "summary_gm_median": 726.5932006835938,
  "summary_gm_n": 220883.0,
  "summary_gm_p05": 639.4664245605469,
  "summary_gm_p95": 824.3999511718749,
  "summary_gm_stdv": 56.27596664428711,
  "summary_wm_k": 0.3980543989215448,
  "summary_wm_mad": 55.41044998168945,
  "summary_wm_mean": 1000.9620971679688,
  "summary_wm_median": 1000.0125732421875,
  "summary_wm_n": 1164339.0,
  "summary_wm_p05": 906.4950866699219,
  "summary_wm_p95": 1097.6915405273437,
  "summary_wm_stdv": 57.97701644897461,
  "tpm_overlap_csf": 0.19802719354629517,
  "tpm_overlap_gm": 0.4700363576412201,
  "tpm_overlap_wm": 0.5191429257392883,
  "wm2max": 0.47489577537027633
}