{
  "bids_meta": {
    "AcquisitionDuration": 238.444688,
    "Columns": 512,
    "EchoTime": 0.00281,
    "EchoTrainLength": 1,
    "EffectiveEchoSpacing": 0,
    "FieldOfView": [
      240.03,
      240.03,
      180
    ],
    "FlipAngle": 11,
    "GEImageTypeRIMPCode": 0,
    "ImageType": "ORIGINAL/PRIMARY/OTHER",
    "ImagingFrequency": 127.765239,
    "InplanePhaseEncodingDirection": "ROW",
    "InversionTime": 0.45,
    "MRAcquisitionType": "3D",
    "MagneticFieldStrength": 3,
    "Manufacturer": "GE MEDICAL SYSTEMS",
    "ManufacturersModelName": "DISCOVERY MR750",
    "NumberOfAverages": 1,
    "NumberOfEPIShots": 0,
    "NumberOfEchoes": 1,
    "NumberOfSlices": 180,
    "ParallelImagingReductionFactors": [
      0.571429,
      1
    ],
    "PercentPhaseFieldOfView": 100,
    "PhaseEncodingDirection": "i",
    "PixelBandwidth": 122.07,
    "PixelSpacing": [
      0.4688,
      0.4688
    ],
    "ReceiveCoilName": "8HRBRAIN",
    "RepetitionTime": 0.0064,
    "Rows": 512,
    "SATFatWaterBone": 0,
    "ScanOptions": [
      "FAST_GEMS",
      "EDR_GEMS",
      "FILTERED_GEMS",
      "ACC_GEMS"
    ],
    "ScanningSequence": "GR",
    "SequenceVariant": [
      "SS",
      "SK"
    ],
    "SeriesDate": "18730416",
    "SeriesDescription": "Sag3D_T1_1mm3",
    "SeriesNumber": 2,
    "SeriesTime": "203802",
    "SliceThickness": 1,
    "SpacingBetweenSlices": 1,
    "StudyTime": "203621",
    "modality": "T1w",
    "session_id": "1",
    "subject_id": "9067"
  },
  "cjv": 0.4211786921133035,
  "cnr": 3.1636234815808653,
  "efc": 0.6561812603059061,
  "fber": 135.9380340576172,
  "fwhm_avg": 6.808866730209776,
  "fwhm_x": 4.19983,
  "fwhm_y": 8.107615044222246,
  "fwhm_z": 8.119155146407085,
  "icvs_csf": 0.21036785010218445,
  "icvs_gm": 0.4144209514895917,
  "icvs_wm": 0.37521119840822387,
  "inu_med": 1.254145860671997,
  "inu_range": 0.5671300888061525,
  "provenance": {
    "md5sum": "50d9f237bc641f3b9f3d7212f0cd18e6",
    "mriqc_pred": 0,
    "settings": {
      "testing": false
    },
    "software": "mriqc",
    "version": "0.9.6",
    "warnings": {
      "large_rot_frame": true,
      "small_air_mask": false
    }
  },
  "qi_1": 0.0,
  "qi_2": 0.0004042953683238583,
  "rpve_csf": 25.634811469820658,
  "rpve_gm": 13.401946880579468,
  "rpve_wm": 17.289991780644804,
  "size_x": 180,
  "size_y": 512,
  "size_z": 512,
  "snr_csf": 3.6007443146968963,
  "snr_gm": 12.428816079873732,
  "snr_total": 10.757328134166123,
  "snr_wm": 16.24242400792774,
  "snrd_csf": 13.889963979912435,
  "snrd_gm": 26.91278037125545,
  "snrd_total": 26.009750144929665,
  "snrd_wm": 37.226506083621096,
  "spacing_x": 1.0,
  "spacing_y": 0.46880000829696655,
  "spacing_z": 0.46880000829696655,
  "summary_bg_k": 5.807532155284701,
  "summary_bg_mad": 17.598793029785156,
  "summary_bg_mean": 60.0595703125,
  "summary_bg_median": 56.77742004394531,
  "summary_bg_n": 8987483.0,
  "summary_bg_p05": 31.9941837310791,
  "summary_bg_p95": 99.04949188232422,
  "summary_bg_stdv": 22.25859260559082,
  "summary_csf_k": -0.22039224432369053,
  "summary_csf_mad": 106.27427673339844,
  "summary_csf_mean": 374.9501647949219,
  "summary_csf_median": 373.12322998046875,
  "summary_csf_n": 138458.0,
  "summary_csf_p05": 203.86985778808594,
  "summary_csf_p95": 544.4508422851562,
  "summary_csf_stdv": 103.62354278564453,
  "summary_gm_k": 0.21209014652193314,
  "summary_gm_mad": 56.65379333496094,
  "summary_gm_mean": 724.9322509765625,
  "summary_gm_median": 722.9524536132812,
  "summary_gm_n": 140575.0,
  "summary_gm_p05": 633.4308288574218,
  "summary_gm_p95": 824.7426330566406,
  "summary_gm_stdv": 58.167236328125,
  "summary_wm_k": 0.2625352644961949,
  "summary_wm_mad": 60.03607177734375,
  "summary_wm_mean": 1001.8685302734375,
  "summary_wm_median": 1000.0079345703125,
  "summary_wm_n": 1011344.0,
  "summary_wm_p05": 903.8522888183594,
  "summary_wm_p95": 1106.3345642089844,
  "summary_wm_stdv": 61.567623138427734,
  "tpm_overlap_csf": 0.2073558121919632,
  "tpm_overlap_gm": 0.48621276021003723,
  "tpm_overlap_wm": 0.5376033186912537,
  "wm2max": 0.48738370117427626
}