{
  "bids_meta": {
    "AcquisitionDuration": 238.55128,
    "Columns": 512,
    "EchoTime": 0.00281,
    "EchoTrainLength": 1,
    "EffectiveEchoSpacing": 0,
    "FieldOfView": [
      240.03,
      240.03,
      180
    ],
    "FlipAngle": 11,
    "GEImageTypeRIMPCode": 0,
    "ImageType": "ORIGINAL/PRIMARY/OTHER",
    "ImagingFrequency": 127.765115,
    "InplanePhaseEncodingDirection": "ROW",
    "InversionTime": 0.45,
    "MRAcquisitionType": "3D",
    "MagneticFieldStrength": 3,
    "Manufacturer": "GE MEDICAL SYSTEMS",
    "ManufacturersModelName": "DISCOVERY MR750",
    "NumberOfAverages": 1,
    "NumberOfEPIShots": 0,
    "NumberOfEchoes": 1,
    "NumberOfSlices": 180,
    "ParallelImagingReductionFactors": [
      0.571429,
      1
    ],
    "PercentPhaseFieldOfView": 100,
    "PhaseEncodingDirection": "i",
    "PixelBandwidth": 122.07,
    "PixelSpacing": [
      0.4688,
      0.4688
    ],
    "ReceiveCoilName": "8HRBRAIN",
    "RepetitionTime": 0.0064,
    "Rows": 512,
    "SATFatWaterBone": 0,
    "ScanOptions": [
      "FAST_GEMS",
      "EDR_GEMS",
      "FILTERED_GEMS",
      "ACC_GEMS"
    ],
    "ScanningSequence": "GR",
    "SequenceVariant": [
      "SS",
      "SK"
    ],
    "SeriesDate": "18731216",
    "SeriesDescription": "Sag3D_T1_1mm3",
    "SeriesNumber": 2,
    "SeriesTime": "200445",
    "SliceThickness": 1,
    "SpacingBetweenSlices": 1,
    "StudyTime": "200225",
    "modality": "T1w",
    "session_id": "1",
    "subject_id": "9018"
  },
  "cjv": 0.3894450570315288,
  "cnr": 3.4591865469960537,
  "efc": 0.6148315179648653,
  "fber": 141.28501892089844,
  "fwhm_avg": 7.310529919811752,
  "fwhm_x": 4.48223,
  "fwhm_y": 9.033126973234744,
  "fwhm_z": 8.416232786200508,
  "icvs_csf": 0.207198352186666,
  "icvs_gm": 0.4402913742747946,
  "icvs_wm": 0.3525102735385394,
  "inu_med": 1.206761121749878,
  "inu_range": 0.5827452182769775,
  "provenance": {
    "md5sum": "673f277404f471b1108c6af358e1e73e",
    "mriqc_pred": 0,
    "settings": {
      "testing": false
    },
    "software": "mriqc",
    "version": "0.9.6",
    "warnings": {
      "large_rot_frame": true,
      "small_air_mask": false
    }
  },
  "qi_1": 0.0,
  "qi_2": 0.0003022837874545931,
  "rpve_csf": 28.42037265814428,
  "rpve_gm": 14.366030859413252,
  "rpve_wm": 20.2294505688081,
  "size_x": 180,
  "size_y": 512,
  "size_z": 512,
  "snr_csf": 3.8212405244742014,
  "snr_gm": 13.175411430098878,
  "snr_total": 11.073937874409685,
  "snr_wm": 16.22516166865597,
  "snrd_csf": 16.022893176376208,
  "snrd_gm": 31.8364828850554,
  "snrd_total": 30.87524517245996,
  "snrd_wm": 44.766359455948276,
  "spacing_x": 1.0,
  "spacing_y": 0.46880000829696655,
  "spacing_z": 0.46880000829696655,
  "summary_bg_k": 4.269458609574115,
  "summary_bg_mad": 14.63460922241211,
  "summary_bg_mean": 52.16585159301758,
  "summary_bg_median": 50.38071060180664,
  "summary_bg_n": 10900826.0,
  "summary_bg_p05": 29.81134033203125,
  "summary_bg_p95": 80.65895652770996,
  "summary_bg_stdv": 16.11179542541504,
  "summary_csf_k": -0.27237976170315203,
  "summary_csf_mad": 99.78585815429688,
  "summary_csf_mean": 362.12213134765625,
  "summary_csf_median": 357.9236145019531,
  "summary_csf_n": 142330.0,
  "summary_csf_p05": 216.4352600097656,
  "summary_csf_p95": 517.5130737304687,
  "summary_csf_stdv": 93.66653442382812,
  "summary_gm_k": 0.10252343557843924,
  "summary_gm_mad": 52.99266815185547,
  "summary_gm_mean": 711.8203735351562,
  "summary_gm_median": 711.1717529296875,
  "summary_gm_n": 197484.0,
  "summary_gm_p05": 623.9634735107422,
  "summary_gm_p95": 802.590640258789,
  "summary_gm_stdv": 53.97705841064453,
  "summary_wm_k": 0.18644320393631109,
  "summary_wm_mad": 59.49113464355469,
  "summary_wm_mean": 999.4165649414062,
  "summary_wm_median": 1000.0027465820312,
  "summary_wm_n": 854181.0,
  "summary_wm_p05": 895.5969848632812,
  "summary_wm_p95": 1099.805419921875,
  "summary_wm_stdv": 61.6328010559082,
  "tpm_overlap_csf": 0.2082182765007019,
  "tpm_overlap_gm": 0.5036467909812927,
  "tpm_overlap_wm": 0.5255727767944336,
  "wm2max": 0.45748365423211224
}