{
  "bids_meta": {
    "AcquisitionDuration": 238.55128,
    "Columns": 512,
    "EchoTime": 0.00281,
    "EchoTrainLength": 1,
    "EffectiveEchoSpacing": 0,
    "FieldOfView": [
      240.03,
      240.03,
      180
    ],
    "FlipAngle": 11,
    "GEImageTypeRIMPCode": 0,
    "ImageType": "ORIGINAL/PRIMARY/OTHER",
    "ImagingFrequency": 127.765128,
    "InplanePhaseEncodingDirection": "ROW",
    "InversionTime": 0.45,
    "MRAcquisitionType": "3D",
    "MagneticFieldStrength": 3,
    "Manufacturer": "GE MEDICAL SYSTEMS",
    "ManufacturersModelName": "DISCOVERY MR750",
    "NumberOfAverages": 1,
    "NumberOfEPIShots": 0,
    "NumberOfEchoes": 1,
    "NumberOfSlices": 180,
    "ParallelImagingReductionFactors": [
      0.571429,
      1
    ],
    "PercentPhaseFieldOfView": 100,
    "PhaseEncodingDirection": "i",
    "PixelBandwidth": 122.07,
    "PixelSpacing": [
      0.4688,
      0.4688
    ],
    "ReceiveCoilName": "8HRBRAIN",
    "RepetitionTime": 0.0064,
    "Rows": 512,
    "SATFatWaterBone": 0,
    "ScanOptions": [
      "FAST_GEMS",
      "EDR_GEMS",
      "FILTERED_GEMS",
      "ACC_GEMS"
    ],
    "ScanningSequence": "GR",
    "SequenceVariant": [
      "SS",
      "SK"
    ],
    "SeriesDate": "18740508",
    "SeriesDescription": "Sag3D_T1_1mm3",
    "SeriesNumber": 2,
    "SeriesTime": "175549",
    "SliceThickness": 1,
    "SpacingBetweenSlices": 1,
    "StudyTime": "175416",
    "modality": "T1w",
    "session_id": "2",
    "subject_id": "9047"
  },
  "cjv": 0.3750176810027142,
  "cnr": 3.5743217519915036,
  "efc": 0.6605825555136348,
  "fber": 157.64723205566406,
  "fwhm_avg": 6.215785009829214,
  "fwhm_x": 3.92195,
  "fwhm_y": 7.439888946824851,
  "fwhm_z": 7.285516082662792,
  "icvs_csf": 0.20620477613150187,
  "icvs_gm": 0.40721755975400126,
  "icvs_wm": 0.3865776641144969,
  "inu_med": 1.3602029085159302,
  "inu_range": 0.49860379099845886,
  "provenance": {
    "md5sum": "8001af76d2a0b0730f7b1c56880ffce0",
    "mriqc_pred": 0,
    "settings": {
      "testing": false
    },
    "software": "mriqc",
    "version": "0.9.6",
    "warnings": {
      "large_rot_frame": true,
      "small_air_mask": false
    }
  },
  "qi_1": 0.0,
  "qi_2": 0.0002466058790484516,
  "rpve_csf": 22.464663425055186,
  "rpve_gm": 11.812100397701174,
  "rpve_wm": 14.72610687830288,
  "size_x": 180,
  "size_y": 512,
  "size_z": 512,
  "snr_csf": 3.7654515800207675,
  "snr_gm": 13.585913431614845,
  "snr_total": 12.03000163160464,
  "snr_wm": 18.7386398831783,
  "snrd_csf": 13.708891431186526,
  "snrd_gm": 30.809765069878484,
  "snrd_total": 29.0361421814688,
  "snrd_wm": 42.58977004334139,
  "spacing_x": 1.0,
  "spacing_y": 0.46880000829696655,
  "spacing_z": 0.46880000829696655,
  "summary_bg_k": 4.277450936899701,
  "summary_bg_mad": 15.382518768310547,
  "summary_bg_mean": 53.80797576904297,
  "summary_bg_median": 51.74988555908203,
  "summary_bg_n": 9045353.0,
  "summary_bg_p05": 29.911844635009764,
  "summary_bg_p95": 84.5994369506836,
  "summary_bg_stdv": 17.465593338012695,
  "summary_csf_k": 11.30684342961068,
  "summary_csf_mad": 75.86941528320312,
  "summary_csf_mean": 336.89569091796875,
  "summary_csf_median": 321.8830261230469,
  "summary_csf_n": 180116.0,
  "summary_csf_p05": 221.65314483642578,
  "summary_csf_p95": 496.4969024658203,
  "summary_csf_stdv": 85.4830093383789,
  "summary_gm_k": 0.16843317163118554,
  "summary_gm_mad": 52.05219650268555,
  "summary_gm_mean": 723.431884765625,
  "summary_gm_median": 723.4093627929688,
  "summary_gm_n": 211416.0,
  "summary_gm_p05": 636.073974609375,
  "summary_gm_p95": 811.2241973876953,
  "summary_gm_stdv": 53.246891021728516,
  "summary_wm_k": 0.5042610553952191,
  "summary_wm_mad": 51.67507553100586,
  "summary_wm_mean": 1001.4080200195312,
  "summary_wm_median": 1000.0023803710938,
  "summary_wm_n": 1275055.0,
  "summary_wm_p05": 916.6956604003906,
  "summary_wm_p95": 1090.1056640625002,
  "summary_wm_stdv": 53.36577224731445,
  "tpm_overlap_csf": 0.20867770910263062,
  "tpm_overlap_gm": 0.46903538703918457,
  "tpm_overlap_wm": 0.5320488810539246,
  "wm2max": 0.40026039992338147
}