{
  "bids_meta": {
    "AcquisitionDuration": 238.55128,
    "Columns": 512,
    "EchoTime": 0.00281,
    "EchoTrainLength": 1,
    "EffectiveEchoSpacing": 0,
    "FieldOfView": [
      240.03,
      240.03,
      180
    ],
    "FlipAngle": 11,
    "GEImageTypeRIMPCode": 0,
    "ImageType": "ORIGINAL/PRIMARY/OTHER",
    "ImagingFrequency": 127.765098,
    "InplanePhaseEncodingDirection": "ROW",
    "InversionTime": 0.45,
    "MRAcquisitionType": "3D",
    "MagneticFieldStrength": 3,
    "Manufacturer": "GE MEDICAL SYSTEMS",
    "ManufacturersModelName": "DISCOVERY MR750",
    "NumberOfAverages": 1,
    "NumberOfEPIShots": 0,
    "NumberOfEchoes": 1,
    "NumberOfSlices": 180,
    "ParallelImagingReductionFactors": [
      0.571429,
      1
    ],
    "PercentPhaseFieldOfView": 100,
    "PhaseEncodingDirection": "i",
    "PixelBandwidth": 122.07,
    "PixelSpacing": [
      0.4688,
      0.4688
    ],
    "ReceiveCoilName": "8HRBRAIN",
    "RepetitionTime": 0.0064,
    "Rows": 512,
    "SATFatWaterBone": 0,
    "ScanOptions": [
      "FAST_GEMS",
      "EDR_GEMS",
      "FILTERED_GEMS",
      "ACC_GEMS"
    ],
    "ScanningSequence": "GR",
    "SequenceVariant": [
      "SS",
      "SK"
    ],
    "SeriesDate": "18740406",
    "SeriesDescription": "Sag3D_T1_1mm3",
    "SeriesNumber": 2,
    "SeriesTime": "195007",
    "SliceThickness": 1,
    "SpacingBetweenSlices": 1,
    "StudyTime": "194825",
    "modality": "T1w",
    "session_id": "1",
    "subject_id": "9093"
  },
  "cjv": 0.40260749497230225,
  "cnr": 3.3539722464677593,
  "efc": 0.6262771426950443,
  "fber": 118.17755889892578,
  "fwhm_avg": 5.93263401236008,
  "fwhm_x": 3.69434,
  "fwhm_y": 7.464888946382394,
  "fwhm_z": 6.638673090697849,
  "icvs_csf": 0.21284989921946243,
  "icvs_gm": 0.4014531755383493,
  "icvs_wm": 0.38569692524218824,
  "inu_med": 1.33876633644104,
  "inu_range": 0.467921471595764,
  "provenance": {
    "md5sum": "ad3b74bb2719bdc43a5190725b836bbf",
    "mriqc_pred": 0,
    "settings": {
      "testing": false
    },
    "software": "mriqc",
    "version": "0.9.6",
    "warnings": {
      "large_rot_frame": true,
      "small_air_mask": false
    }
  },
  "qi_1": 6.394897724269064e-06,
  "qi_2": 0.0002982543562920387,
  "rpve_csf": 27.002659528478397,
  "rpve_gm": 14.531733668263207,
  "rpve_wm": 18.086425376395223,
  "size_x": 180,
  "size_y": 512,
  "size_z": 512,
  "snr_csf": 3.7710355144627226,
  "snr_gm": 12.99101162561189,
  "snr_total": 11.13449575188296,
  "snr_wm": 16.64144011557427,
  "snrd_csf": 13.286648726574855,
  "snrd_gm": 29.628312086001714,
  "snrd_total": 28.03400061450252,
  "snrd_wm": 41.187041030931,
  "spacing_x": 1.0,
  "spacing_y": 0.46880000829696655,
  "spacing_z": 0.46880000829696655,
  "summary_bg_k": 4.324348655561108,
  "summary_bg_mad": 15.906455039978027,
  "summary_bg_mean": 56.4557991027832,
  "summary_bg_median": 54.42383575439453,
  "summary_bg_n": 9717976.0,
  "summary_bg_p05": 31.838992595672607,
  "summary_bg_p95": 87.82416534423828,
  "summary_bg_stdv": 18.005043029785156,
  "summary_csf_k": 0.23529256671711796,
  "summary_csf_mad": 79.41984558105469,
  "summary_csf_mean": 333.94256591796875,
  "summary_csf_median": 322.5946350097656,
  "summary_csf_n": 133587.0,
  "summary_csf_p05": 210.84005889892578,
  "summary_csf_p95": 493.38968200683587,
  "summary_csf_stdv": 85.54505157470703,
  "summary_gm_k": 0.032848895479813844,
  "summary_gm_mad": 55.04292297363281,
  "summary_gm_mean": 720.2741088867188,
  "summary_gm_median": 719.3638305664062,
  "summary_gm_n": 158360.0,
  "summary_gm_p05": 630.9324798583984,
  "summary_gm_p95": 813.1837371826172,
  "summary_gm_stdv": 55.3737907409668,
  "summary_wm_k": 0.36135211051408866,
  "summary_wm_mad": 57.94541549682617,
  "summary_wm_mean": 1002.57666015625,
  "summary_wm_median": 1000.0052490234375,
  "summary_wm_n": 1045438.0,
  "summary_wm_p05": 908.4465759277343,
  "summary_wm_p95": 1105.6944763183592,
  "summary_wm_stdv": 60.09123992919922,
  "tpm_overlap_csf": 0.20363500714302063,
  "tpm_overlap_gm": 0.4586571753025055,
  "tpm_overlap_wm": 0.541283369064331,
  "wm2max": 0.3742099499812286
}