{
  "bids_meta": {
    "AcquisitionDuration": 238.55128,
    "Columns": 512,
    "EchoTime": 0.00281,
    "EchoTrainLength": 1,
    "EffectiveEchoSpacing": 0,
    "FieldOfView": [
      240.03,
      240.03,
      180
    ],
    "FlipAngle": 11,
    "GEImageTypeRIMPCode": 0,
    "ImageType": "ORIGINAL/PRIMARY/OTHER",
    "ImagingFrequency": 127.765077,
    "InplanePhaseEncodingDirection": "ROW",
    "InversionTime": 0.45,
    "MRAcquisitionType": "3D",
    "MagneticFieldStrength": 3,
    "Manufacturer": "GE MEDICAL SYSTEMS",
    "ManufacturersModelName": "DISCOVERY MR750",
    "NumberOfAverages": 1,
    "NumberOfEPIShots": 0,
    "NumberOfEchoes": 1,
    "NumberOfSlices": 180,
    "ParallelImagingReductionFactors": [
      0.571429,
      1
    ],
    "PercentPhaseFieldOfView": 100,
    "PhaseEncodingDirection": "i",
    "PixelBandwidth": 122.07,
    "PixelSpacing": [
      0.4688,
      0.4688
    ],
    "ReceiveCoilName": "8HRBRAIN",
    "RepetitionTime": 0.0064,
    "Rows": 512,
    "SATFatWaterBone": 0,
    "ScanOptions": [
      "FAST_GEMS",
      "EDR_GEMS",
      "FILTERED_GEMS",
      "ACC_GEMS"
    ],
    "ScanningSequence": "GR",
    "SequenceVariant": [
      "SS",
      "SK"
    ],
    "SeriesDate": "18740508",
    "SeriesDescription": "Sag3D_T1_1mm3",
    "SeriesNumber": 2,
    "SeriesTime": "195830",
    "SliceThickness": 1,
    "SpacingBetweenSlices": 1,
    "StudyTime": "195651",
    "modality": "T1w",
    "session_id": "2",
    "subject_id": "9008"
  },
  "cjv": 0.38853743795842766,
  "cnr": 3.4974794352688945,
  "efc": 0.6453348697316044,
  "fber": 141.25030517578125,
  "fwhm_avg": 6.244444076685544,
  "fwhm_x": 3.96294,
  "fwhm_y": 7.549146624072063,
  "fwhm_z": 7.221245605984571,
  "icvs_csf": 0.200712002702492,
  "icvs_gm": 0.40827823353161313,
  "icvs_wm": 0.39100976376589486,
  "inu_med": 1.3209770917892456,
  "inu_range": 0.6229164123535154,
  "provenance": {
    "md5sum": "8c491c7b950298f2356aaca7980bada8",
    "mriqc_pred": 0,
    "settings": {
      "testing": false
    },
    "software": "mriqc",
    "version": "0.9.6",
    "warnings": {
      "large_rot_frame": true,
      "small_air_mask": false
    }
  },
  "qi_1": 0.0,
  "qi_2": 0.00037596430534999465,
  "rpve_csf": 24.168368774554597,
  "rpve_gm": 12.21353393513523,
  "rpve_wm": 14.960446302616974,
  "size_x": 180,
  "size_y": 512,
  "size_z": 512,
  "snr_csf": 4.39170232831979,
  "snr_gm": 13.489528688770331,
  "snr_total": 11.762302417700687,
  "snr_wm": 17.40567623601194,
  "snrd_csf": 13.187161475701563,
  "snrd_gm": 29.501264478686775,
  "snrd_total": 27.905367742534995,
  "snrd_wm": 41.027677273216646,
  "spacing_x": 1.0,
  "spacing_y": 0.46880000829696655,
  "spacing_z": 0.46880000829696655,
  "summary_bg_k": 1.7438750285685654,
  "summary_bg_mad": 15.968164443969727,
  "summary_bg_mean": 55.5783576965332,
  "summary_bg_median": 53.723480224609375,
  "summary_bg_n": 8760981.0,
  "summary_bg_p05": 30.75358772277832,
  "summary_bg_p95": 86.93685913085938,
  "summary_bg_stdv": 17.614133834838867,
  "summary_csf_k": 7.654366450736159,
  "summary_csf_mad": 62.82212448120117,
  "summary_csf_mean": 331.34332275390625,
  "summary_csf_median": 321.4212646484375,
  "summary_csf_n": 200138.0,
  "summary_csf_p05": 229.9940559387207,
  "summary_csf_p95": 470.1104019165038,
  "summary_csf_stdv": 73.18812561035156,
  "summary_gm_k": 0.13913723734733585,
  "summary_gm_mad": 52.179290771484375,
  "summary_gm_mean": 719.3782348632812,
  "summary_gm_median": 719.0579833984375,
  "summary_gm_n": 200687.0,
  "summary_gm_p05": 631.9897705078125,
  "summary_gm_p95": 807.358154296875,
  "summary_gm_stdv": 53.30476760864258,
  "summary_wm_k": 0.13893169264951233,
  "summary_wm_mad": 56.97739028930664,
  "summary_wm_mean": 1000.2612915039062,
  "summary_wm_median": 1000.00048828125,
  "summary_wm_n": 1189985.0,
  "summary_wm_p05": 906.3362915039063,
  "summary_wm_p95": 1094.8832275390625,
  "summary_wm_stdv": 57.4525260925293,
  "tpm_overlap_csf": 0.21875876188278198,
  "tpm_overlap_gm": 0.4653029441833496,
  "tpm_overlap_wm": 0.5361150503158569,
  "wm2max": 0.38860468898547185
}