{
  "bids_meta": {
    "AcquisitionDuration": 238.444688,
    "Columns": 512,
    "EchoTime": 0.00281,
    "EchoTrainLength": 1,
    "EffectiveEchoSpacing": 0,
    "FieldOfView": [
      240.03,
      240.03,
      180
    ],
    "FlipAngle": 11,
    "GEImageTypeRIMPCode": 0,
    "ImageType": "ORIGINAL/PRIMARY/OTHER",
    "ImagingFrequency": 127.765216,
    "InplanePhaseEncodingDirection": "ROW",
    "InversionTime": 0.45,
    "MRAcquisitionType": "3D",
    "MagneticFieldStrength": 3,
    "Manufacturer": "GE MEDICAL SYSTEMS",
    "ManufacturersModelName": "DISCOVERY MR750",
    "NumberOfAverages": 1,
    "NumberOfEPIShots": 0,
    "NumberOfEchoes": 1,
    "NumberOfSlices": 180,
    "ParallelImagingReductionFactors": [
      0.571429,
      1
    ],
    "PercentPhaseFieldOfView": 100,
    "PhaseEncodingDirection": "i",
    "PixelBandwidth": 122.07,
    "PixelSpacing": [
      0.4688,
      0.4688
    ],
    "ReceiveCoilName": "8HRBRAIN",
    "RepetitionTime": 0.0064,
    "Rows": 512,
    "SATFatWaterBone": 0,
    "ScanOptions": [
      "FAST_GEMS",
      "EDR_GEMS",
      "FILTERED_GEMS",
      "ACC_GEMS"
    ],
    "ScanningSequence": "GR",
    "SequenceVariant": [
      "SS",
      "SK"
    ],
    "SeriesDate": "18730427",
    "SeriesDescription": "Sag3D_T1_1mm3",
    "SeriesNumber": 2,
    "SeriesTime": "202308",
    "SliceThickness": 1,
    "SpacingBetweenSlices": 1,
    "StudyTime": "202133",
    "modality": "T1w",
    "session_id": "2",
    "subject_id": "9012"
  },
  "cjv": 0.4149818309137715,
  "cnr": 3.279197386984819,
  "efc": 0.6698342509616286,
  "fber": 125.13170623779297,
  "fwhm_avg": 6.832083498692568,
  "fwhm_x": 4.17236,
  "fwhm_y": 8.557508380969793,
  "fwhm_z": 7.766382115107908,
  "icvs_csf": 0.22545425468051772,
  "icvs_gm": 0.39289572520500304,
  "icvs_wm": 0.38165002011447924,
  "inu_med": 1.1989915370941162,
  "inu_range": 0.5970603227615356,
  "provenance": {
    "md5sum": "e66d0abe95fc86eceb3b9b92d403f67d",
    "mriqc_pred": 0,
    "settings": {
      "testing": false
    },
    "software": "mriqc",
    "version": "0.9.6",
    "warnings": {
      "large_rot_frame": true,
      "small_air_mask": false
    }
  },
  "qi_1": 0.0,
  "qi_2": 0.00030151581782226805,
  "rpve_csf": 20.435844038165676,
  "rpve_gm": 11.738177122451937,
  "rpve_wm": 14.64599714238129,
  "size_x": 180,
  "size_y": 512,
  "size_z": 512,
  "snr_csf": 3.654002211182167,
  "snr_gm": 12.559710454020884,
  "snr_total": 10.638465056773894,
  "snr_wm": 15.70168250511863,
  "snrd_csf": 13.699647979184315,
  "snrd_gm": 28.0303488681659,
  "snrd_total": 27.00434043376356,
  "snrd_wm": 39.28302445394046,
  "spacing_x": 1.0,
  "spacing_y": 0.46880000829696655,
  "spacing_z": 0.46880000829696655,
  "summary_bg_k": 1.9325420281670391,
  "summary_bg_mad": 16.677536010742188,
  "summary_bg_mean": 56.60658264160156,
  "summary_bg_median": 54.16245651245117,
  "summary_bg_n": 9065924.0,
  "summary_bg_p05": 31.25823793411255,
  "summary_bg_p95": 90.46509132385249,
  "summary_bg_stdv": 18.628400802612305,
  "summary_csf_k": 2.7375920455960587,
  "summary_csf_mad": 101.88836669921875,
  "summary_csf_mean": 350.9969787597656,
  "summary_csf_median": 348.74627685546875,
  "summary_csf_n": 186067.0,
  "summary_csf_p05": 200.30027770996097,
  "summary_csf_p95": 506.8126800537109,
  "summary_csf_stdv": 95.4420166015625,
  "summary_gm_k": 0.20052526534065862,
  "summary_gm_mad": 55.84263610839844,
  "summary_gm_mean": 713.6060180664062,
  "summary_gm_median": 713.5570068359375,
  "summary_gm_n": 183840.0,
  "summary_gm_p05": 620.4519439697266,
  "summary_gm_p95": 806.2230560302734,
  "summary_gm_stdv": 56.813018798828125,
  "summary_wm_k": 0.1565241666461219,
  "summary_wm_mad": 63.03086471557617,
  "summary_wm_mean": 1001.8905639648438,
  "summary_wm_median": 1000.01171875,
  "summary_wm_n": 1275205.0,
  "summary_wm_p05": 900.7702758789062,
  "summary_wm_p95": 1109.576904296875,
  "summary_wm_stdv": 63.68816375732422,
  "tpm_overlap_csf": 0.19337965548038483,
  "tpm_overlap_gm": 0.4571990370750427,
  "tpm_overlap_wm": 0.5433470010757446,
  "wm2max": 0.4493445103110626
}