{
  "bids_meta": {
    "AcquisitionDuration": 238.55128,
    "Columns": 512,
    "EchoTime": 0.00281,
    "EchoTrainLength": 1,
    "EffectiveEchoSpacing": 0,
    "FieldOfView": [
      240.03,
      240.03,
      180
    ],
    "FlipAngle": 11,
    "GEImageTypeRIMPCode": 0,
    "ImageType": "ORIGINAL/PRIMARY/OTHER",
    "ImagingFrequency": 127.765087,
    "InplanePhaseEncodingDirection": "ROW",
    "InversionTime": 0.45,
    "MRAcquisitionType": "3D",
    "MagneticFieldStrength": 3,
    "Manufacturer": "GE MEDICAL SYSTEMS",
    "ManufacturersModelName": "DISCOVERY MR750",
    "NumberOfAverages": 1,
    "NumberOfEPIShots": 0,
    "NumberOfEchoes": 1,
    "NumberOfSlices": 180,
    "ParallelImagingReductionFactors": [
      0.571429,
      1
    ],
    "PercentPhaseFieldOfView": 100,
    "PhaseEncodingDirection": "i",
    "PixelBandwidth": 122.07,
    "PixelSpacing": [
      0.4688,
      0.4688
    ],
    "ReceiveCoilName": "8HRBRAIN",
    "RepetitionTime": 0.0064,
    "Rows": 512,
    "SATFatWaterBone": 0,
    "ScanOptions": [
      "FAST_GEMS",
      "EDR_GEMS",
      "FILTERED_GEMS",
      "ACC_GEMS"
    ],
    "ScanningSequence": "GR",
    "SequenceVariant": [
      "SS",
      "SK"
    ],
    "SeriesDate": "18740401",
    "SeriesDescription": "Sag3D_T1_1mm3",
    "SeriesNumber": 2,
    "SeriesTime": "181715",
    "SliceThickness": 1,
    "SpacingBetweenSlices": 1,
    "StudyTime": "181519",
    "modality": "T1w",
    "session_id": "1",
    "subject_id": "9062"
  },
  "cjv": 0.33827676533778217,
  "cnr": 3.959488603933973,
  "efc": 0.6403615119026205,
  "fber": 179.7565155029297,
  "fwhm_avg": 6.953789185890585,
  "fwhm_x": 4.35371,
  "fwhm_y": 8.620882953227012,
  "fwhm_z": 7.886774604444741,
  "icvs_csf": 0.21565710056035492,
  "icvs_gm": 0.4161207912444176,
  "icvs_wm": 0.3682221081952275,
  "inu_med": 1.1647090911865234,
  "inu_range": 0.49814355969429003,
  "provenance": {
    "md5sum": "73f93d8e07f6234063ddd82393494e98",
    "mriqc_pred": 0,
    "settings": {
      "testing": false
    },
    "software": "mriqc",
    "version": "0.9.6",
    "warnings": {
      "large_rot_frame": true,
      "small_air_mask": false
    }
  },
  "qi_1": 8.570602295403194e-07,
  "qi_2": 0.00036304966954228126,
  "rpve_csf": 24.065547655726622,
  "rpve_gm": 13.055910699917966,
  "rpve_wm": 17.574576339224247,
  "size_x": 180,
  "size_y": 512,
  "size_z": 512,
  "snr_csf": 4.099366474765752,
  "snr_gm": 14.29424431997937,
  "snr_total": 13.143873090736255,
  "snr_wm": 21.038008477463638,
  "snrd_csf": 19.270899761117185,
  "snrd_gm": 34.4247910732406,
  "snrd_total": 33.86231790954052,
  "snrd_wm": 47.89126289426379,
  "spacing_x": 1.0,
  "spacing_y": 0.46880000829696655,
  "spacing_z": 0.46880000829696655,
  "summary_bg_k": 5.637287232006244,
  "summary_bg_mad": 13.679752349853516,
  "summary_bg_mean": 47.83656311035156,
  "summary_bg_median": 45.91553497314453,
  "summary_bg_n": 7603234.0,
  "summary_bg_p05": 26.180424308776853,
  "summary_bg_p95": 76.0415828704834,
  "summary_bg_stdv": 15.974811553955078,
  "summary_csf_k": -0.48229506506248265,
  "summary_csf_mad": 109.62223815917969,
  "summary_csf_mean": 398.59820556640625,
  "summary_csf_median": 402.3912353515625,
  "summary_csf_n": 145880.0,
  "summary_csf_p05": 236.38840103149414,
  "summary_csf_p95": 549.7829528808594,
  "summary_csf_stdv": 98.1590347290039,
  "summary_gm_k": 0.18124689762579482,
  "summary_gm_mad": 49.17829895019531,
  "summary_gm_mean": 720.4801635742188,
  "summary_gm_median": 718.816162109375,
  "summary_gm_n": 195008.0,
  "summary_gm_p05": 640.6048004150391,
  "summary_gm_p95": 805.8747344970702,
  "summary_gm_stdv": 50.2869758605957,
  "summary_wm_k": 0.28897890210316124,
  "summary_wm_mad": 45.94184875488281,
  "summary_wm_mean": 999.99267578125,
  "summary_wm_median": 1000.0064697265625,
  "summary_wm_n": 1104181.0,
  "summary_wm_p05": 921.8120727539062,
  "summary_wm_p95": 1077.87451171875,
  "summary_wm_stdv": 47.533302307128906,
  "tpm_overlap_csf": 0.19251802563667297,
  "tpm_overlap_gm": 0.49128028750419617,
  "tpm_overlap_wm": 0.5560654997825623,
  "wm2max": 0.42970876066125474
}