{
  "bids_meta": {
    "AcquisitionDuration": 393.10624,
    "Columns": 512,
    "EchoTime": 0.12743,
    "EchoTrainLength": 140,
    "EffectiveEchoSpacing": 0,
    "FieldOfView": [
      240.03,
      240.03,
      87.6
    ],
    "FlipAngle": 90,
    "GEImageTypeRIMPCode": 0,
    "ImageType": "ORIGINAL/PRIMARY/OTHER",
    "ImagingFrequency": 127.765253,
    "InplanePhaseEncodingDirection": "ROW",
    "InversionTime": 1.861,
    "MRAcquisitionType": "3D",
    "MagneticFieldStrength": 3,
    "Manufacturer": "GE MEDICAL SYSTEMS",
    "ManufacturersModelName": "DISCOVERY MR750",
    "NumberOfAverages": 1,
    "NumberOfEPIShots": 1,
    "NumberOfEchoes": 1,
    "NumberOfSlices": 146,
    "ParallelImagingReductionFactors": [
      0.5,
      0.5
    ],
    "PercentPhaseFieldOfView": 100,
    "PhaseEncodingDirection": "i",
    "PixelBandwidth": 122.07,
    "PixelSpacing": [
      0.4688,
      0.4688
    ],
    "ReceiveCoilName": "8HRBRAIN",
    "RepetitionTime": 6,
    "Rows": 512,
    "SATFatWaterBone": 0,
    "ScanOptions": [
      "EDR_GEMS",
      "FILTERED_GEMS",
      "ACC_GEMS"
    ],
    "ScanningSequence": [
      "SE",
      "IR"
    ],
    "SequenceVariant": "SK",
    "SeriesDate": "18730304",
    "SeriesDescription": "Sag CUBE T2 flair",
    "SeriesNumber": 11,
    "SeriesTime": "200259",
    "SliceThickness": 1.2,
    "SpacingBetweenSlices": 0.600002,
    "StudyTime": "185038",
    "modality": "T2w",
    "session_id": "1",
    "subject_id": "9053"
  },
  "cjv": 0.6659885984831944,
  "cnr": 1.5022762609046805,
  "efc": 0.6224616905098818,
  "fber": 327.5306701660156,
  "fwhm_avg": 5.466703280985542,
  "fwhm_x": 4.796099809420117,
  "fwhm_y": 6.0993599603110376,
  "fwhm_z": 5.504650073225474,
  "icvs_csf": 0.45294582901640806,
  "icvs_gm": 0.4209327029997253,
  "icvs_wm": 0.12612146798386661,
  "inu_med": 1.0202187299728394,
  "inu_range": 0.7224645256996155,
  "provenance": {
    "md5sum": "56c31ae6ab7282726b13bae7a0e0766d",
    "settings": {
      "testing": false
    },
    "software": "mriqc",
    "version": "0.9.6",
    "warnings": {
      "large_rot_frame": true,
      "small_air_mask": false
    }
  },
  "qi_1": 0.0,
  "qi_2": 0.0007400107826650729,
  "rpve_csf": 12.668936479944588,
  "rpve_gm": 12.62234020868819,
  "rpve_wm": 38.614672931924886,
  "size_x": 292,
  "size_y": 512,
  "size_z": 512,
  "snr_csf": 15.889984868866936,
  "snr_gm": 16.37388247264972,
  "snr_total": 11.52269383542911,
  "snr_wm": 2.30421416477067,
  "snrd_csf": 56.256159648037865,
  "snrd_gm": 47.77502506418891,
  "snrd_total": 44.20448452240191,
  "snrd_wm": 28.582268854978945,
  "spacing_x": 0.6000000238418579,
  "spacing_y": 0.46880000829696655,
  "spacing_z": 0.46880000829696655,
  "summary_bg_k": 77.84233314931812,
  "summary_bg_mad": 22.899826049804688,
  "summary_bg_mean": 66.64212036132812,
  "summary_bg_median": 60.04081344604492,
  "summary_bg_n": 13893643.0,
  "summary_bg_p05": 31.205572891235352,
  "summary_bg_p95": 124.10633163452138,
  "summary_bg_stdv": 32.05622482299805,
  "summary_csf_k": 0.6718090357597446,
  "summary_csf_mad": 117.6256332397461,
  "summary_csf_mean": 1975.540771484375,
  "summary_csf_median": 1966.39404296875,
  "summary_csf_n": 963581.0,
  "summary_csf_p05": 1790.0504150390625,
  "summary_csf_p95": 2193.09765625,
  "summary_csf_stdv": 123.7504653930664,
  "summary_gm_k": 0.10867466170946649,
  "summary_gm_mad": 100.75180053710938,
  "summary_gm_mean": 1675.498291015625,
  "summary_gm_median": 1669.9420166015625,
  "summary_gm_n": 391417.0,
  "summary_gm_p05": 1517.6994873046876,
  "summary_gm_p95": 1853.1557861328124,
  "summary_gm_stdv": 101.98802185058594,
  "summary_wm_k": 7.581998264836269,
  "summary_wm_mad": 346.0393981933594,
  "summary_wm_mean": 953.0443115234375,
  "summary_wm_median": 999.0728759765625,
  "summary_wm_n": 103251.0,
  "summary_wm_p05": 266.5819854736328,
  "summary_wm_p95": 1395.9317626953125,
  "summary_wm_stdv": 433.5829772949219,
  "tpm_overlap_csf": 0.09738077968358994,
  "tpm_overlap_gm": 0.3054853081703186,
  "tpm_overlap_wm": 0.09789017587900162,
  "wm2max": 0.235177898889109
}