{
  "bids_meta": {
    "AcquisitionDuration": 393.119296,
    "Columns": 512,
    "EchoTime": 0.12924,
    "EchoTrainLength": 140,
    "EffectiveEchoSpacing": 0,
    "FieldOfView": [
      240.03,
      240.03,
      87.6
    ],
    "FlipAngle": 90,
    "GEImageTypeRIMPCode": 0,
    "ImageType": "ORIGINAL/PRIMARY/OTHER",
    "ImagingFrequency": 127.765231,
    "InplanePhaseEncodingDirection": "ROW",
    "InversionTime": 1.856,
    "MRAcquisitionType": "3D",
    "MagneticFieldStrength": 3,
    "Manufacturer": "GE MEDICAL SYSTEMS",
    "ManufacturersModelName": "DISCOVERY MR750",
    "NumberOfAverages": 1,
    "NumberOfEPIShots": 1,
    "NumberOfEchoes": 1,
    "NumberOfSlices": 146,
    "ParallelImagingReductionFactors": [
      0.5,
      0.5
    ],
    "PercentPhaseFieldOfView": 100,
    "PhaseEncodingDirection": "i",
    "PixelBandwidth": 122.07,
    "PixelSpacing": [
      0.4688,
      0.4688
    ],
    "ReceiveCoilName": "8HRBRAIN",
    "RepetitionTime": 6,
    "Rows": 512,
    "SATFatWaterBone": 0,
    "ScanOptions": [
      "EDR_GEMS",
      "FILTERED_GEMS",
      "ACC_GEMS"
    ],
    "ScanningSequence": [
      "SE",
      "IR"
    ],
    "SequenceVariant": "SK",
    "SeriesDate": "18730226",
    "SeriesDescription": "Sag CUBE T2 flair",
    "SeriesNumber": 16,
    "SeriesTime": "215222",
    "SliceThickness": 1.2,
    "SpacingBetweenSlices": 0.600002,
    "StudyTime": "200348",
    "modality": "T2w",
    "session_id": "1",
    "subject_id": "9044"
  },
  "cjv": 0.6951185434782663,
  "cnr": 1.717064570337308,
  "efc": 0.6428733883407058,
  "fber": 364.3529968261719,
  "fwhm_avg": 5.504882706644945,
  "fwhm_x": 4.938283137103592,
  "fwhm_y": 6.000085218040729,
  "fwhm_z": 5.576279764790515,
  "icvs_csf": 0.4655148149444548,
  "icvs_gm": 0.40386715337862655,
  "icvs_wm": 0.13061803167691866,
  "inu_med": 1.0699472427368164,
  "inu_range": 0.7364240735769272,
  "provenance": {
    "md5sum": "ae4a0a7a9fde609d5a42016dc78a6f22",
    "settings": {
      "testing": false
    },
    "software": "mriqc",
    "version": "0.9.6",
    "warnings": {
      "large_rot_frame": true,
      "small_air_mask": false
    }
  },
  "qi_1": 0.0,
  "qi_2": 0.0006561724781157825,
  "rpve_csf": 11.854366553395232,
  "rpve_gm": 12.381897853670004,
  "rpve_wm": 35.151606028933266,
  "size_x": 292,
  "size_y": 512,
  "size_z": 512,
  "snr_csf": 15.807781260209097,
  "snr_gm": 14.128275081340655,
  "snr_total": 10.800946609341828,
  "snr_wm": 2.4667834864757303,
  "snrd_csf": 62.515355087225565,
  "snrd_gm": 54.58996612714962,
  "snrd_total": 49.56188477054163,
  "snrd_wm": 31.580333097249706,
  "spacing_x": 0.6000000238418579,
  "spacing_y": 0.46880000829696655,
  "spacing_z": 0.46880000829696655,
  "summary_bg_k": 43.210511706435604,
  "summary_bg_mad": 20.727977752685547,
  "summary_bg_mean": 62.59385681152344,
  "summary_bg_median": 57.884761810302734,
  "summary_bg_n": 16934055.0,
  "summary_bg_p05": 30.60852336883545,
  "summary_bg_p95": 109.60133056640623,
  "summary_bg_stdv": 27.39218521118164,
  "summary_csf_k": 1.148919591642839,
  "summary_csf_mad": 115.6636962890625,
  "summary_csf_mean": 1988.485107421875,
  "summary_csf_median": 1977.9345703125,
  "summary_csf_n": 1277082.0,
  "summary_csf_p05": 1803.8695373535156,
  "summary_csf_p95": 2208.461901855469,
  "summary_csf_stdv": 125.12406158447266,
  "summary_gm_k": -0.06341743124725552,
  "summary_gm_mad": 124.5323486328125,
  "summary_gm_mean": 1732.747802734375,
  "summary_gm_median": 1727.1817626953125,
  "summary_gm_n": 493240.0,
  "summary_gm_p05": 1542.6297912597656,
  "summary_gm_p95": 1942.3794067382814,
  "summary_gm_stdv": 122.24988555908203,
  "summary_wm_k": 1.928081028987342,
  "summary_wm_mad": 381.51806640625,
  "summary_wm_mean": 945.7120361328125,
  "summary_wm_median": 999.1758422851562,
  "summary_wm_n": 146315.0,
  "summary_wm_p05": 242.09771881103518,
  "summary_wm_p95": 1428.4689453125,
  "summary_wm_stdv": 405.05072021484375,
  "tpm_overlap_csf": 0.0979466661810875,
  "tpm_overlap_gm": 0.3033732771873474,
  "tpm_overlap_wm": 0.10421133786439896,
  "wm2max": 0.26126770387371784
}