{
  "bids_meta": {
    "AcquisitionDuration": 238.55128,
    "Columns": 512,
    "EchoTime": 0.00281,
    "EchoTrainLength": 1,
    "EffectiveEchoSpacing": 0,
    "FieldOfView": [
      240.03,
      240.03,
      180
    ],
    "FlipAngle": 11,
    "GEImageTypeRIMPCode": 0,
    "ImageType": "ORIGINAL/PRIMARY/OTHER",
    "ImagingFrequency": 127.76508,
    "InplanePhaseEncodingDirection": "ROW",
    "InversionTime": 0.45,
    "MRAcquisitionType": "3D",
    "MagneticFieldStrength": 3,
    "Manufacturer": "GE MEDICAL SYSTEMS",
    "ManufacturersModelName": "DISCOVERY MR750",
    "NumberOfAverages": 1,
    "NumberOfEPIShots": 0,
    "NumberOfEchoes": 1,
    "NumberOfSlices": 180,
    "ParallelImagingReductionFactors": [
      0.571429,
      1
    ],
    "PercentPhaseFieldOfView": 100,
    "PhaseEncodingDirection": "i",
    "PixelBandwidth": 122.07,
    "PixelSpacing": [
      0.4688,
      0.4688
    ],
    "ReceiveCoilName": "8HRBRAIN",
    "RepetitionTime": 0.0064,
    "Rows": 512,
    "SATFatWaterBone": 0,
    "ScanOptions": [
      "FAST_GEMS",
      "EDR_GEMS",
      "FILTERED_GEMS",
      "ACC_GEMS"
    ],
    "ScanningSequence": "GR",
    "SequenceVariant": [
      "SS",
      "SK"
    ],
    "SeriesDate": "18740427",
    "SeriesDescription": "Sag3D_T1_1mm3",
    "SeriesNumber": 2,
    "SeriesTime": "180845",
    "SliceThickness": 1,
    "SpacingBetweenSlices": 1,
    "StudyTime": "180658",
    "modality": "T1w",
    "session_id": "2",
    "subject_id": "9046"
  },
  "cjv": 0.45980984755359955,
  "cnr": 2.9674272907972994,
  "efc": 0.6317184957488615,
  "fber": 147.833984375,
  "fwhm_avg": 5.933366834511123,
  "fwhm_x": 3.82589,
  "fwhm_y": 7.126706358510998,
  "fwhm_z": 6.84750414502237,
  "icvs_csf": 0.2154274066355784,
  "icvs_gm": 0.3891783685627527,
  "icvs_wm": 0.3953942248016689,
  "inu_med": 1.4767088890075684,
  "inu_range": 0.6052789688110352,
  "provenance": {
    "md5sum": "bc1d20d2dbf251e74e74e0aa3b40c1f2",
    "mriqc_pred": 0,
    "settings": {
      "testing": false
    },
    "software": "mriqc",
    "version": "0.9.6",
    "warnings": {
      "large_rot_frame": true,
      "small_air_mask": false
    }
  },
  "qi_1": 0.0,
  "qi_2": 0.0005828228944629829,
  "rpve_csf": 26.93197295325417,
  "rpve_gm": 14.57568025132208,
  "rpve_wm": 16.970421064841666,
  "size_x": 180,
  "size_y": 512,
  "size_z": 512,
  "snr_csf": 4.724960100637467,
  "snr_gm": 12.831033875105204,
  "snr_total": 11.06780548417485,
  "snr_wm": 15.647422476781879,
  "snrd_csf": 13.144097845902536,
  "snrd_gm": 28.029720654233294,
  "snrd_total": 26.382527241301577,
  "snrd_wm": 37.973763223768906,
  "spacing_x": 1.0,
  "spacing_y": 0.46880000829696655,
  "spacing_z": 0.46880000829696655,
  "summary_bg_k": 20.630761563196053,
  "summary_bg_mad": 17.25238800048828,
  "summary_bg_mean": 54.71138381958008,
  "summary_bg_median": 51.89055252075195,
  "summary_bg_n": 9712883.0,
  "summary_bg_p05": 29.0205940246582,
  "summary_bg_p95": 89.43471450805664,
  "summary_bg_stdv": 19.84653091430664,
  "summary_csf_k": 62.379993933843764,
  "summary_csf_mad": 60.937110900878906,
  "summary_csf_mean": 352.6941833496094,
  "summary_csf_median": 346.13720703125,
  "summary_csf_n": 230448.0,
  "summary_csf_p05": 252.240763092041,
  "summary_csf_p95": 477.73937072753904,
  "summary_csf_stdv": 73.25701141357422,
  "summary_gm_k": 0.10917295126694704,
  "summary_gm_mad": 55.880638122558594,
  "summary_gm_mean": 739.2012939453125,
  "summary_gm_median": 738.1358032226562,
  "summary_gm_n": 146827.0,
  "summary_gm_p05": 645.0401184082032,
  "summary_gm_p95": 835.7092346191405,
  "summary_gm_stdv": 57.52718734741211,
  "summary_wm_k": 0.007763401871313302,
  "summary_wm_mad": 64.52830505371094,
  "summary_wm_mean": 1002.7756958007812,
  "summary_wm_median": 1000.0026245117188,
  "summary_wm_n": 983379.0,
  "summary_wm_p05": 902.9556823730469,
  "summary_wm_p95": 1112.6690795898437,
  "summary_wm_stdv": 63.908424377441406,
  "tpm_overlap_csf": 0.20543161034584045,
  "tpm_overlap_gm": 0.4272330105304718,
  "tpm_overlap_wm": 0.5251227617263794,
  "wm2max": 0.3591248306087808
}