{
  "bids_meta": {
    "AcquisitionDuration": 238.444688,
    "Columns": 512,
    "EchoTime": 0.00281,
    "EchoTrainLength": 1,
    "EffectiveEchoSpacing": 0,
    "FieldOfView": [
      240.03,
      240.03,
      180
    ],
    "FlipAngle": 11,
    "GEImageTypeRIMPCode": 0,
    "ImageType": "ORIGINAL/PRIMARY/OTHER",
    "ImagingFrequency": 127.76516,
    "InplanePhaseEncodingDirection": "ROW",
    "InversionTime": 0.45,
    "MRAcquisitionType": "3D",
    "MagneticFieldStrength": 3,
    "Manufacturer": "GE MEDICAL SYSTEMS",
    "ManufacturersModelName": "DISCOVERY MR750",
    "NumberOfAverages": 1,
    "NumberOfEPIShots": 0,
    "NumberOfEchoes": 1,
    "NumberOfSlices": 180,
    "ParallelImagingReductionFactors": [
      0.571429,
      1
    ],
    "PercentPhaseFieldOfView": 100,
    "PhaseEncodingDirection": "i",
    "PixelBandwidth": 122.07,
    "PixelSpacing": [
      0.4688,
      0.4688
    ],
    "ReceiveCoilName": "8HRBRAIN",
    "RepetitionTime": 0.0064,
    "Rows": 512,
    "SATFatWaterBone": 0,
    "ScanOptions": [
      "FAST_GEMS",
      "EDR_GEMS",
      "FILTERED_GEMS",
      "ACC_GEMS"
    ],
    "ScanningSequence": "GR",
    "SequenceVariant": [
      "SS",
      "SK"
    ],
    "SeriesDate": "18730215",
    "SeriesDescription": "Sag3D_T1_1mm3",
    "SeriesNumber": 2,
    "SeriesTime": "182307",
    "SliceThickness": 1,
    "SpacingBetweenSlices": 1,
    "StudyTime": "182136",
    "modality": "T1w",
    "session_id": "2",
    "subject_id": "9017"
  },
  "cjv": 0.38838975042531704,
  "cnr": 3.4627925008227884,
  "efc": 0.6521375671129761,
  "fber": 136.5894317626953,
  "fwhm_avg": 6.219107853815373,
  "fwhm_x": 3.90566,
  "fwhm_y": 7.654394062482399,
  "fwhm_z": 7.097269498963721,
  "icvs_csf": 0.20885457988619893,
  "icvs_gm": 0.4179406890980827,
  "icvs_wm": 0.3732047310157184,
  "inu_med": 1.3552415370941162,
  "inu_range": 0.43682266473770137,
  "provenance": {
    "md5sum": "61275127af1dce1273098095e202a4e5",
    "mriqc_pred": 0,
    "settings": {
      "testing": false
    },
    "software": "mriqc",
    "version": "0.9.6",
    "warnings": {
      "large_rot_frame": true,
      "small_air_mask": false
    }
  },
  "qi_1": 0.0,
  "qi_2": 0.00026704762079260305,
  "rpve_csf": 22.74079097408435,
  "rpve_gm": 12.001155322857612,
  "rpve_wm": 15.995599229181757,
  "size_x": 180,
  "size_y": 512,
  "size_z": 512,
  "snr_csf": 3.7836379459628287,
  "snr_gm": 13.424025686265882,
  "snr_total": 11.418750316827959,
  "snr_wm": 17.04858731825517,
  "snrd_csf": 13.784480965310188,
  "snrd_gm": 28.153409562867775,
  "snrd_total": 27.068280148634216,
  "snrd_wm": 39.26694991772468,
  "spacing_x": 1.0,
  "spacing_y": 0.46880000829696655,
  "spacing_z": 0.46880000829696655,
  "summary_bg_k": 64.90822342915529,
  "summary_bg_mad": 16.6843204498291,
  "summary_bg_mean": 56.28166198730469,
  "summary_bg_median": 53.652137756347656,
  "summary_bg_n": 10291743.0,
  "summary_bg_p05": 30.861147117614745,
  "summary_bg_p95": 90.33840255737307,
  "summary_bg_stdv": 19.678050994873047,
  "summary_csf_k": -0.28056446757648024,
  "summary_csf_mad": 98.80724334716797,
  "summary_csf_mean": 359.2996826171875,
  "summary_csf_median": 351.048583984375,
  "summary_csf_n": 140927.0,
  "summary_csf_p05": 221.36874237060547,
  "summary_csf_p95": 517.3276916503905,
  "summary_csf_stdv": 92.7803726196289,
  "summary_gm_k": 0.1422240260099108,
  "summary_gm_mad": 51.94944763183594,
  "summary_gm_mean": 718.681884765625,
  "summary_gm_median": 716.9812622070312,
  "summary_gm_n": 240288.0,
  "summary_gm_p05": 633.4352050781249,
  "summary_gm_p95": 809.6951202392578,
  "summary_gm_stdv": 53.41019058227539,
  "summary_wm_k": 0.177255737464324,
  "summary_wm_mad": 57.975685119628906,
  "summary_wm_mean": 1000.4857788085938,
  "summary_wm_median": 1000.0091552734375,
  "summary_wm_n": 1193288.0,
  "summary_wm_p05": 905.479412841797,
  "summary_wm_p95": 1097.3505004882813,
  "summary_wm_stdv": 58.65639877319336,
  "tpm_overlap_csf": 0.20857971906661987,
  "tpm_overlap_gm": 0.4905948042869568,
  "tpm_overlap_wm": 0.55379718542099,
  "wm2max": 0.4134213775288995
}