{
  "bids_meta": {
    "AcquisitionDuration": 238.55128,
    "Columns": 512,
    "EchoTime": 0.00281,
    "EchoTrainLength": 1,
    "EffectiveEchoSpacing": 0,
    "FieldOfView": [
      240.03,
      240.03,
      180
    ],
    "FlipAngle": 11,
    "GEImageTypeRIMPCode": 0,
    "ImageType": "ORIGINAL/PRIMARY/OTHER",
    "ImagingFrequency": 127.765131,
    "InplanePhaseEncodingDirection": "ROW",
    "InversionTime": 0.45,
    "MRAcquisitionType": "3D",
    "MagneticFieldStrength": 3,
    "Manufacturer": "GE MEDICAL SYSTEMS",
    "ManufacturersModelName": "DISCOVERY MR750",
    "NumberOfAverages": 1,
    "NumberOfEPIShots": 0,
    "NumberOfEchoes": 1,
    "NumberOfSlices": 180,
    "ParallelImagingReductionFactors": [
      0.571429,
      1
    ],
    "PercentPhaseFieldOfView": 100,
    "PhaseEncodingDirection": "i",
    "PixelBandwidth": 122.07,
    "PixelSpacing": [
      0.4688,
      0.4688
    ],
    "ReceiveCoilName": "8HRBRAIN",
    "RepetitionTime": 0.0064,
    "Rows": 512,
    "SATFatWaterBone": 0,
    "ScanOptions": [
      "FAST_GEMS",
      "EDR_GEMS",
      "FILTERED_GEMS",
      "ACC_GEMS"
    ],
    "ScanningSequence": "GR",
    "SequenceVariant": [
      "SS",
      "SK"
    ],
    "SeriesDate": "18731212",
    "SeriesDescription": "Sag3D_T1_1mm3",
    "SeriesNumber": 2,
    "SeriesTime": "181144",
    "SliceThickness": 1,
    "SpacingBetweenSlices": 1,
    "StudyTime": "181002",
    "modality": "T1w",
    "session_id": "2",
    "subject_id": "9056"
  },
  "cjv": 0.39043690051108504,
  "cnr": 3.4521870757193454,
  "efc": 0.6640323849848858,
  "fber": 160.697998046875,
  "fwhm_avg": 6.555181626225654,
  "fwhm_x": 4.13261,
  "fwhm_y": 8.05290088136807,
  "fwhm_z": 7.480033997308891,
  "icvs_csf": 0.20861307107675223,
  "icvs_gm": 0.40719981596952093,
  "icvs_wm": 0.3841871129537268,
  "inu_med": 1.142056941986084,
  "inu_range": 0.5191806256771088,
  "provenance": {
    "md5sum": "9df11fe64410fce42385ac3d081a722e",
    "mriqc_pred": 0,
    "settings": {
      "testing": false
    },
    "software": "mriqc",
    "version": "0.9.6",
    "warnings": {
      "large_rot_frame": true,
      "small_air_mask": false
    }
  },
  "qi_1": 0.0002753295213636638,
  "qi_2": 0.00030419450529247543,
  "rpve_csf": 21.46653719803923,
  "rpve_gm": 11.451386480281446,
  "rpve_wm": 14.529223096692192,
  "size_x": 180,
  "size_y": 512,
  "size_z": 512,
  "snr_csf": 3.6779688150492156,
  "snr_gm": 13.386691371861446,
  "snr_total": 12.204362522246385,
  "snr_wm": 19.548427379828496,
  "snrd_csf": 15.714324939652643,
  "snrd_gm": 31.720468112345078,
  "snrd_total": 30.21665304288449,
  "snrd_wm": 43.215166076655755,
  "spacing_x": 1.0,
  "spacing_y": 0.46880000829696655,
  "spacing_z": 0.46880000829696655,
  "summary_bg_k": 7.463192747927442,
  "summary_bg_mad": 15.160018920898438,
  "summary_bg_mean": 52.79994583129883,
  "summary_bg_median": 50.62522506713867,
  "summary_bg_n": 9431075.0,
  "summary_bg_p05": 29.16103057861328,
  "summary_bg_p95": 83.51306076049802,
  "summary_bg_stdv": 17.69865608215332,
  "summary_csf_k": 2.6240904929369018,
  "summary_csf_mad": 106.05768585205078,
  "summary_csf_mean": 375.8750915527344,
  "summary_csf_median": 363.6333923339844,
  "summary_csf_n": 187911.0,
  "summary_csf_p05": 231.86357879638672,
  "summary_csf_p95": 543.7959899902344,
  "summary_csf_stdv": 98.86772918701172,
  "summary_gm_k": 0.16634950150932104,
  "summary_gm_mad": 53.23550033569336,
  "summary_gm_mean": 737.3449096679688,
  "summary_gm_median": 734.01953125,
  "summary_gm_n": 224517.0,
  "summary_gm_p05": 653.0006103515625,
  "summary_gm_p95": 834.1703002929687,
  "summary_gm_stdv": 54.831912994384766,
  "summary_wm_k": 0.11638585041897676,
  "summary_wm_mad": 50.616878509521484,
  "summary_wm_mean": 1000.7957153320312,
  "summary_wm_median": 1000.0097045898438,
  "summary_wm_n": 1313359.0,
  "summary_wm_p05": 918.1212341308594,
  "summary_wm_p95": 1086.1908935546874,
  "summary_wm_stdv": 51.155487060546875,
  "tpm_overlap_csf": 0.20508049428462982,
  "tpm_overlap_gm": 0.47625023126602173,
  "tpm_overlap_wm": 0.5358215570449829,
  "wm2max": 0.485108836230473
}