{
  "bids_meta": {
    "AcquisitionDuration": 238.55128,
    "Columns": 512,
    "EchoTime": 0.00281,
    "EchoTrainLength": 1,
    "EffectiveEchoSpacing": 0,
    "FieldOfView": [
      240.03,
      240.03,
      180
    ],
    "FlipAngle": 11,
    "GEImageTypeRIMPCode": 0,
    "ImageType": "ORIGINAL/PRIMARY/OTHER",
    "ImagingFrequency": 127.765031,
    "InplanePhaseEncodingDirection": "ROW",
    "InversionTime": 0.45,
    "MRAcquisitionType": "3D",
    "MagneticFieldStrength": 3,
    "Manufacturer": "GE MEDICAL SYSTEMS",
    "ManufacturersModelName": "DISCOVERY MR750",
    "NumberOfAverages": 1,
    "NumberOfEPIShots": 0,
    "NumberOfEchoes": 1,
    "NumberOfSlices": 180,
    "ParallelImagingReductionFactors": [
      0.571429,
      1
    ],
    "PercentPhaseFieldOfView": 100,
    "PhaseEncodingDirection": "i",
    "PixelBandwidth": 122.07,
    "PixelSpacing": [
      0.4688,
      0.4688
    ],
    "ReceiveCoilName": "8HRBRAIN",
    "RepetitionTime": 0.0064,
    "Rows": 512,
    "SATFatWaterBone": 0,
    "ScanOptions": [
      "FAST_GEMS",
      "EDR_GEMS",
      "FILTERED_GEMS",
      "ACC_GEMS"
    ],
    "ScanningSequence": "GR",
    "SequenceVariant": [
      "SS",
      "SK"
    ],
    "SeriesDate": "18740525",
    "SeriesDescription": "Sag3D_T1_1mm3",
    "SeriesNumber": 2,
    "SeriesTime": "200006",
    "SliceThickness": 1,
    "SpacingBetweenSlices": 1,
    "StudyTime": "195822",
    "modality": "T1w",
    "session_id": "1",
    "subject_id": "9096"
  },
  "cjv": 0.376817656411954,
  "cnr": 3.60822286972215,
  "efc": 0.6258568478499273,
  "fber": 141.9972686767578,
  "fwhm_avg": 6.059717548956947,
  "fwhm_x": 3.81885,
  "fwhm_y": 7.549551914167279,
  "fwhm_z": 6.810750732703561,
  "icvs_csf": 0.21252213046134852,
  "icvs_gm": 0.41556697256761965,
  "icvs_wm": 0.3719108969710318,
  "inu_med": 1.369173526763916,
  "inu_range": 0.39960339665412903,
  "provenance": {
    "md5sum": "9d1d551589e48f72ab7515a45e114d68",
    "mriqc_pred": 0,
    "settings": {
      "testing": false
    },
    "software": "mriqc",
    "version": "0.9.6",
    "warnings": {
      "large_rot_frame": true,
      "small_air_mask": false
    }
  },
  "qi_1": 0.0,
  "qi_2": 0.00028881588179459935,
  "rpve_csf": 27.783067449741033,
  "rpve_gm": 14.67290000728302,
  "rpve_wm": 19.251541523796067,
  "size_x": 180,
  "size_y": 512,
  "size_z": 512,
  "snr_csf": 4.05441979735134,
  "snr_gm": 13.47940767256955,
  "snr_total": 11.995842883095222,
  "snr_wm": 18.45370117936477,
  "snrd_csf": 14.317785071381715,
  "snrd_gm": 32.133520186927875,
  "snrd_total": 30.384727514301662,
  "snrd_wm": 44.7028772845954,
  "spacing_x": 1.0,
  "spacing_y": 0.46880000829696655,
  "spacing_z": 0.46880000829696655,
  "summary_bg_k": 46.29017105822744,
  "summary_bg_mad": 14.655492782592773,
  "summary_bg_mean": 53.10628890991211,
  "summary_bg_median": 51.27454376220703,
  "summary_bg_n": 8770941.0,
  "summary_bg_p05": 30.040430068969727,
  "summary_bg_p95": 82.12002563476562,
  "summary_bg_stdv": 17.09337615966797,
  "summary_csf_k": 0.5077333217096909,
  "summary_csf_mad": 69.33638000488281,
  "summary_csf_mean": 331.615234375,
  "summary_csf_median": 320.2908630371094,
  "summary_csf_n": 168940.0,
  "summary_csf_p05": 220.36774673461915,
  "summary_csf_p95": 485.66244049072264,
  "summary_csf_stdv": 78.99771881103516,
  "summary_gm_k": 0.03689969628665013,
  "summary_gm_mad": 53.009002685546875,
  "summary_gm_mean": 719.6427612304688,
  "summary_gm_median": 718.8313598632812,
  "summary_gm_n": 191243.0,
  "summary_gm_p05": 633.2565063476562,
  "summary_gm_p95": 808.5582397460937,
  "summary_gm_stdv": 53.327972412109375,
  "summary_wm_k": 0.22362907403268517,
  "summary_wm_mad": 52.943939208984375,
  "summary_wm_mean": 1000.9542236328125,
  "summary_wm_median": 1000.0096435546875,
  "summary_wm_n": 990904.0,
  "summary_wm_p05": 913.8050567626952,
  "summary_wm_p95": 1091.641583251953,
  "summary_wm_stdv": 54.19016647338867,
  "tpm_overlap_csf": 0.203962504863739,
  "tpm_overlap_gm": 0.4707504212856293,
  "tpm_overlap_wm": 0.540990948677063,
  "wm2max": 0.3861484597484933
}