{
  "bids_meta": {
    "AcquisitionDuration": 393.099328,
    "Columns": 512,
    "EchoTime": 0.12663,
    "EchoTrainLength": 140,
    "EffectiveEchoSpacing": 0,
    "FieldOfView": [
      240.03,
      240.03,
      87.6
    ],
    "FlipAngle": 90,
    "GEImageTypeRIMPCode": 0,
    "ImageType": "ORIGINAL/PRIMARY/OTHER",
    "ImagingFrequency": 127.765058,
    "InplanePhaseEncodingDirection": "ROW",
    "InversionTime": 1.862,
    "MRAcquisitionType": "3D",
    "MagneticFieldStrength": 3,
    "Manufacturer": "GE MEDICAL SYSTEMS",
    "ManufacturersModelName": "DISCOVERY MR750",
    "NumberOfAverages": 1,
    "NumberOfEPIShots": 1,
    "NumberOfEchoes": 1,
    "NumberOfSlices": 146,
    "ParallelImagingReductionFactors": [
      0.5,
      0.5
    ],
    "PercentPhaseFieldOfView": 100,
    "PhaseEncodingDirection": "i",
    "PixelBandwidth": 122.07,
    "PixelSpacing": [
      0.4688,
      0.4688
    ],
    "ReceiveCoilName": "8HRBRAIN",
    "RepetitionTime": 6,
    "Rows": 512,
    "SATFatWaterBone": 0,
    "ScanOptions": [
      "EDR_GEMS",
      "FILTERED_GEMS",
      "ACC_GEMS"
    ],
    "ScanningSequence": [
      "SE",
      "IR"
    ],
    "SequenceVariant": "SK",
    "SeriesDate": "18740111",
    "SeriesDescription": "Sag CUBE T2 flair",
    "SeriesNumber": 11,
    "SeriesTime": "193551",
    "SliceThickness": 1.2,
    "SpacingBetweenSlices": 0.600002,
    "StudyTime": "181424",
    "modality": "T2w",
    "session_id": "1",
    "subject_id": "9087"
  },
  "cjv": 0.48073383383396673,
  "cnr": 0.7454569465940595,
  "efc": 0.6377338393788556,
  "fber": 56.315006256103516,
  "fwhm_avg": 4.735385245880077,
  "fwhm_x": 4.419466491052846,
  "fwhm_y": 5.004415440440556,
  "fwhm_z": 4.78227380614683,
  "icvs_csf": 0.39787757971208787,
  "icvs_gm": 0.4605022568957114,
  "icvs_wm": 0.14162016339220077,
  "inu_med": 1.333130121231079,
  "inu_range": 0.7363831281661988,
  "provenance": {
    "md5sum": "ca5d20ffef2ec2f8f3f9c004ed5c6b8a",
    "settings": {
      "testing": false
    },
    "software": "mriqc",
    "version": "0.9.6",
    "warnings": {
      "large_rot_frame": true,
      "small_air_mask": false
    }
  },
  "qi_1": 0.0,
  "qi_2": 0.00037787788491882267,
  "rpve_csf": 15.90091451409154,
  "rpve_gm": 13.469884617603267,
  "rpve_wm": 39.118285809061135,
  "size_x": 292,
  "size_y": 512,
  "size_z": 512,
  "snr_csf": 12.45150199634786,
  "snr_gm": 13.253994532285668,
  "snr_total": 8.840847565564195,
  "snr_wm": 0.8170461680590572,
  "snrd_csf": 25.346140534113825,
  "snrd_gm": 20.13686746416537,
  "snrd_total": 18.656866072239648,
  "snrd_wm": 10.487590218439754,
  "spacing_x": 0.6000000238418579,
  "spacing_y": 0.46880000829696655,
  "spacing_z": 0.46880000829696655,
  "summary_bg_k": 2.1635477949288697,
  "summary_bg_mad": 62.43965530395508,
  "summary_bg_mean": 190.46153259277344,
  "summary_bg_median": 184.01910400390625,
  "summary_bg_n": 16449710.0,
  "summary_bg_p05": 95.3487289428711,
  "summary_bg_p95": 307.0477020263671,
  "summary_bg_stdv": 66.09117126464844,
  "summary_csf_k": 0.43879600027608134,
  "summary_csf_mad": 187.0319366455078,
  "summary_csf_mean": 2430.81103515625,
  "summary_csf_median": 2415.686767578125,
  "summary_csf_n": 793155.0,
  "summary_csf_p05": 2140.2170166015626,
  "summary_csf_p95": 2773.26494140625,
  "summary_csf_stdv": 194.00753784179688,
  "summary_gm_k": 0.34959187489012056,
  "summary_gm_mad": 139.52496337890625,
  "summary_gm_mean": 1912.5404052734375,
  "summary_gm_median": 1919.2020263671875,
  "summary_gm_n": 495157.0,
  "summary_gm_p05": 1662.4304443359374,
  "summary_gm_p95": 2137.9177734375,
  "summary_gm_stdv": 144.8016357421875,
  "summary_wm_k": 8.32048644745736,
  "summary_wm_mad": 302.5829162597656,
  "summary_wm_mean": 1285.228271484375,
  "summary_wm_median": 999.5499267578125,
  "summary_wm_n": 103094.0,
  "summary_wm_p05": 329.1398223876953,
  "summary_wm_p95": 4657.888159179681,
  "summary_wm_stdv": 1223.3642578125,
  "tpm_overlap_csf": 0.09102465212345123,
  "tpm_overlap_gm": 0.3162496089935303,
  "tpm_overlap_wm": 0.09773149341344833,
  "wm2max": 0.136749100777672
}