{
  "bids_meta": {
    "AcquisitionDuration": 238.55128,
    "Columns": 512,
    "EchoTime": 0.00281,
    "EchoTrainLength": 1,
    "EffectiveEchoSpacing": 0,
    "FieldOfView": [
      240.03,
      240.03,
      180
    ],
    "FlipAngle": 11,
    "GEImageTypeRIMPCode": 0,
    "ImageType": "ORIGINAL/PRIMARY/OTHER",
    "ImagingFrequency": 127.765092,
    "InplanePhaseEncodingDirection": "ROW",
    "InversionTime": 0.45,
    "MRAcquisitionType": "3D",
    "MagneticFieldStrength": 3,
    "Manufacturer": "GE MEDICAL SYSTEMS",
    "ManufacturersModelName": "DISCOVERY MR750",
    "NumberOfAverages": 1,
    "NumberOfEPIShots": 0,
    "NumberOfEchoes": 1,
    "NumberOfSlices": 180,
    "ParallelImagingReductionFactors": [
      0.571429,
      1
    ],
    "PercentPhaseFieldOfView": 100,
    "PhaseEncodingDirection": "i",
    "PixelBandwidth": 122.07,
    "PixelSpacing": [
      0.4688,
      0.4688
    ],
    "ReceiveCoilName": "8HRBRAIN",
    "RepetitionTime": 0.0064,
    "Rows": 512,
    "SATFatWaterBone": 0,
    "ScanOptions": [
      "FAST_GEMS",
      "EDR_GEMS",
      "FILTERED_GEMS",
      "ACC_GEMS"
    ],
    "ScanningSequence": "GR",
    "SequenceVariant": [
      "SS",
      "SK"
    ],
    "SeriesDate": "18740314",
    "SeriesDescription": "Sag3D_T1_1mm3",
    "SeriesNumber": 2,
    "SeriesTime": "180903",
    "SliceThickness": 1,
    "SpacingBetweenSlices": 1,
    "StudyTime": "180723",
    "modality": "T1w",
    "session_id": "1",
    "subject_id": "9064"
  },
  "cjv": 0.411856347882664,
  "cnr": 3.2880532389889647,
  "efc": 0.6211756310974612,
  "fber": 160.41873168945312,
  "fwhm_avg": 5.811560066433919,
  "fwhm_x": 3.62634,
  "fwhm_y": 7.127047655433285,
  "fwhm_z": 6.681292543868471,
  "icvs_csf": 0.21080585128024118,
  "icvs_gm": 0.4110629219266197,
  "icvs_wm": 0.37813122679313915,
  "inu_med": 1.2756597995758057,
  "inu_range": 0.43658501505851754,
  "provenance": {
    "md5sum": "488c507831750540b12d818385e3cd40",
    "mriqc_pred": 0,
    "settings": {
      "testing": false
    },
    "software": "mriqc",
    "version": "0.9.6",
    "warnings": {
      "large_rot_frame": true,
      "small_air_mask": false
    }
  },
  "qi_1": 1.7108763275013106e-05,
  "qi_2": 0.00033034864107566386,
  "rpve_csf": 28.824269809956263,
  "rpve_gm": 15.123305691019395,
  "rpve_wm": 19.209814061403893,
  "size_x": 180,
  "size_y": 512,
  "size_z": 512,
  "snr_csf": 3.8366052828730703,
  "snr_gm": 12.823433467433283,
  "snr_total": 11.320807739133597,
  "snr_wm": 17.302384467094438,
  "snrd_csf": 14.082169840557826,
  "snrd_gm": 32.71709123520943,
  "snrd_total": 30.584830649726218,
  "snrd_wm": 44.95523087341141,
  "spacing_x": 1.0,
  "spacing_y": 0.46880000829696655,
  "spacing_z": 0.46880000829696655,
  "summary_bg_k": 6.658389195168132,
  "summary_bg_mad": 14.573225021362305,
  "summary_bg_mean": 53.67586135864258,
  "summary_bg_median": 51.519351959228516,
  "summary_bg_n": 10220347.0,
  "summary_bg_p05": 30.913359260559083,
  "summary_bg_p95": 83.63379745483397,
  "summary_bg_stdv": 17.133377075195312,
  "summary_csf_k": 0.8645909478455858,
  "summary_csf_mad": 67.5969009399414,
  "summary_csf_mean": 324.8787841796875,
  "summary_csf_median": 313.25177001953125,
  "summary_csf_n": 149043.0,
  "summary_csf_p05": 209.40009765624998,
  "summary_csf_p95": 484.84637451171875,
  "summary_csf_stdv": 81.64788818359375,
  "summary_gm_k": 0.10865440197354381,
  "summary_gm_mad": 55.96117401123047,
  "summary_gm_mean": 729.5123901367188,
  "summary_gm_median": 727.7775268554688,
  "summary_gm_n": 166594.0,
  "summary_gm_p05": 639.2840698242187,
  "summary_gm_p95": 825.6483642578125,
  "summary_gm_stdv": 56.75354766845703,
  "summary_wm_k": 0.2634369181563754,
  "summary_wm_mad": 56.15935134887695,
  "summary_wm_mean": 1000.414794921875,
  "summary_wm_median": 1000.0096435546875,
  "summary_wm_n": 919036.0,
  "summary_wm_p05": 906.2052612304688,
  "summary_wm_p95": 1096.2262573242188,
  "summary_wm_stdv": 57.79602813720703,
  "tpm_overlap_csf": 0.2083689421415329,
  "tpm_overlap_gm": 0.4706224799156189,
  "tpm_overlap_wm": 0.5390479564666748,
  "wm2max": 0.4054266974048906
}