{
  "bids_meta": {
    "AcquisitionDuration": 238.55128,
    "Columns": 512,
    "EchoTime": 0.00281,
    "EchoTrainLength": 1,
    "EffectiveEchoSpacing": 0,
    "FieldOfView": [
      240.03,
      240.03,
      180
    ],
    "FlipAngle": 11,
    "GEImageTypeRIMPCode": 0,
    "ImageType": "ORIGINAL/PRIMARY/OTHER",
    "ImagingFrequency": 127.765056,
    "InplanePhaseEncodingDirection": "ROW",
    "InversionTime": 0.45,
    "MRAcquisitionType": "3D",
    "MagneticFieldStrength": 3,
    "Manufacturer": "GE MEDICAL SYSTEMS",
    "ManufacturersModelName": "DISCOVERY MR750",
    "NumberOfAverages": 1,
    "NumberOfEPIShots": 0,
    "NumberOfEchoes": 1,
    "NumberOfSlices": 180,
    "ParallelImagingReductionFactors": [
      0.571429,
      1
    ],
    "PercentPhaseFieldOfView": 100,
    "PhaseEncodingDirection": "i",
    "PixelBandwidth": 122.07,
    "PixelSpacing": [
      0.4688,
      0.4688
    ],
    "ReceiveCoilName": "8HRBRAIN",
    "RepetitionTime": 0.0064,
    "Rows": 512,
    "SATFatWaterBone": 0,
    "ScanOptions": [
      "FAST_GEMS",
      "EDR_GEMS",
      "FILTERED_GEMS",
      "ACC_GEMS"
    ],
    "ScanningSequence": "GR",
    "SequenceVariant": [
      "SS",
      "SK"
    ],
    "SeriesDate": "18740512",
    "SeriesDescription": "Sag3D_T1_1mm3",
    "SeriesNumber": 2,
    "SeriesTime": "175256",
    "SliceThickness": 1,
    "SpacingBetweenSlices": 1,
    "StudyTime": "175110",
    "modality": "T1w",
    "session_id": "2",
    "subject_id": "9062"
  },
  "cjv": 0.3552510450325067,
  "cnr": 3.6715984917223703,
  "efc": 0.6407128910456147,
  "fber": 280.4696960449219,
  "fwhm_avg": 7.3277962008278115,
  "fwhm_x": 4.7294,
  "fwhm_y": 8.977986189227707,
  "fwhm_z": 8.276002413255727,
  "icvs_csf": 0.1921936366705961,
  "icvs_gm": 0.43232564310341765,
  "icvs_wm": 0.3754807202259863,
  "inu_med": 1.0934066772460938,
  "inu_range": 0.4630318403244015,
  "provenance": {
    "md5sum": "024c1cd17e69259b96c64b38e7d38252",
    "mriqc_pred": 0,
    "settings": {
      "testing": false
    },
    "software": "mriqc",
    "version": "0.9.6",
    "warnings": {
      "large_rot_frame": true,
      "small_air_mask": false
    }
  },
  "qi_1": 0.0,
  "qi_2": 0.00038768698148041624,
  "rpve_csf": 25.873932905675524,
  "rpve_gm": 12.688846323177959,
  "rpve_wm": 16.82666308249395,
  "size_x": 180,
  "size_y": 512,
  "size_z": 512,
  "snr_csf": 4.262254000220623,
  "snr_gm": 15.327952146882634,
  "snr_total": 13.857103480887972,
  "snr_wm": 21.981104295560662,
  "snrd_csf": 22.066733635466516,
  "snrd_gm": 40.06976557825582,
  "snrd_total": 38.54112613671768,
  "snrd_wm": 53.48687919643071,
  "spacing_x": 1.0,
  "spacing_y": 0.46880000829696655,
  "spacing_z": 0.46880000829696655,
  "summary_bg_k": 3.5655143060514813,
  "summary_bg_mad": 12.248588562011719,
  "summary_bg_mean": 41.8023796081543,
  "summary_bg_median": 39.84078598022461,
  "summary_bg_n": 7716170.0,
  "summary_bg_p05": 22.58701410293579,
  "summary_bg_p95": 67.720361328125,
  "summary_bg_stdv": 14.470797538757324,
  "summary_csf_k": -0.36811751021902017,
  "summary_csf_mad": 99.96928405761719,
  "summary_csf_mean": 424.38580322265625,
  "summary_csf_median": 412.56500244140625,
  "summary_csf_n": 143748.0,
  "summary_csf_p05": 280.4555969238281,
  "summary_csf_p95": 594.2321228027344,
  "summary_csf_stdv": 96.79469299316406,
  "summary_gm_k": 0.45186894137225053,
  "summary_gm_mad": 45.81697082519531,
  "summary_gm_mean": 753.046875,
  "summary_gm_median": 749.154052734375,
  "summary_gm_n": 259395.0,
  "summary_gm_p05": 679.5955993652344,
  "summary_gm_p95": 839.9966857910156,
  "summary_gm_stdv": 48.87493133544922,
  "summary_wm_k": 0.3214687862033885,
  "summary_wm_mad": 43.29761505126953,
  "summary_wm_mean": 1000.3856201171875,
  "summary_wm_median": 1000.003662109375,
  "summary_wm_n": 1163830.0,
  "summary_wm_p05": 925.2458099365234,
  "summary_wm_p95": 1075.6978759765625,
  "summary_wm_stdv": 45.49376678466797,
  "tpm_overlap_csf": 0.20462511479854584,
  "tpm_overlap_gm": 0.5120028257369995,
  "tpm_overlap_wm": 0.5558544993400574,
  "wm2max": 0.4451351175676327
}