{
  "bids_meta": {
    "AcquisitionDuration": 393.092192,
    "Columns": 512,
    "EchoTime": 0.12561,
    "EchoTrainLength": 140,
    "EffectiveEchoSpacing": 0,
    "FieldOfView": [
      240.03,
      240.03,
      87.6
    ],
    "FlipAngle": 90,
    "GEImageTypeRIMPCode": 0,
    "ImageType": "ORIGINAL/PRIMARY/OTHER",
    "ImagingFrequency": 127.765161,
    "InplanePhaseEncodingDirection": "ROW",
    "InversionTime": 1.865,
    "MRAcquisitionType": "3D",
    "MagneticFieldStrength": 3,
    "Manufacturer": "GE MEDICAL SYSTEMS",
    "ManufacturersModelName": "DISCOVERY MR750",
    "NumberOfAverages": 1,
    "NumberOfEPIShots": 1,
    "NumberOfEchoes": 1,
    "NumberOfSlices": 146,
    "ParallelImagingReductionFactors": [
      0.5,
      0.5
    ],
    "PercentPhaseFieldOfView": 100,
    "PhaseEncodingDirection": "i",
    "PixelBandwidth": 122.07,
    "PixelSpacing": [
      0.4688,
      0.4688
    ],
    "ReceiveCoilName": "8HRBRAIN",
    "RepetitionTime": 6,
    "Rows": 512,
    "SATFatWaterBone": 0,
    "ScanOptions": [
      "EDR_GEMS",
      "FILTERED_GEMS",
      "ACC_GEMS"
    ],
    "ScanningSequence": [
      "SE",
      "IR"
    ],
    "SequenceVariant": "SK",
    "SeriesDate": "18731118",
    "SeriesDescription": "Sag CUBE T2 flair",
    "SeriesNumber": 10,
    "SeriesTime": "215511",
    "SliceThickness": 1.2,
    "SpacingBetweenSlices": 0.600002,
    "StudyTime": "203409",
    "modality": "T2w",
    "session_id": "1",
    "subject_id": "9059"
  },
  "cjv": 0.6824172597250052,
  "cnr": 0.796180896030906,
  "efc": 0.5682999227484267,
  "fber": 624.9351196289062,
  "fwhm_avg": 4.867647303718864,
  "fwhm_x": 4.280416496578197,
  "fwhm_y": 5.304884718399209,
  "fwhm_z": 5.017640696179187,
  "icvs_csf": 0.4554803862364474,
  "icvs_gm": 0.4149754761633788,
  "icvs_wm": 0.1295441376001738,
  "inu_med": 1.091559886932373,
  "inu_range": 0.679051873087883,
  "provenance": {
    "md5sum": "b0e056efc08cd6e3b9c63bdc2a4a712f",
    "settings": {
      "testing": false
    },
    "software": "mriqc",
    "version": "0.9.6",
    "warnings": {
      "large_rot_frame": true,
      "small_air_mask": false
    }
  },
  "qi_1": 0.0,
  "qi_2": 0.0006377249889648152,
  "rpve_csf": 14.526678785799508,
  "rpve_gm": 14.801354016138426,
  "rpve_wm": 42.82864234828548,
  "size_x": 292,
  "size_y": 512,
  "size_z": 512,
  "snr_csf": 14.685502683015018,
  "snr_gm": 15.727741345870584,
  "snr_total": 10.68363001354472,
  "snr_wm": 1.6376460117485587,
  "snrd_csf": 70.63028413899228,
  "snrd_gm": 61.49941196025793,
  "snrd_total": 57.78059497196035,
  "snrd_wm": 41.21208881663084,
  "spacing_x": 0.6000000238418579,
  "spacing_y": 0.46880000829696655,
  "spacing_z": 0.46880000829696655,
  "summary_bg_k": 15.399563761680696,
  "summary_bg_mad": 15.889154434204102,
  "summary_bg_mean": 48.27335739135742,
  "summary_bg_median": 44.73093795776367,
  "summary_bg_n": 19854306.0,
  "summary_bg_p05": 24.32414674758911,
  "summary_bg_p95": 83.4095401763916,
  "summary_bg_stdv": 20.101255416870117,
  "summary_csf_k": 0.624773670969045,
  "summary_csf_mad": 111.12928771972656,
  "summary_csf_mean": 1721.307373046875,
  "summary_csf_median": 1713.010498046875,
  "summary_csf_n": 923168.0,
  "summary_csf_p05": 1545.322509765625,
  "summary_csf_p95": 1925.8624877929688,
  "summary_csf_stdv": 116.64630126953125,
  "summary_gm_k": 0.18500171033445767,
  "summary_gm_mad": 92.65413665771484,
  "summary_gm_mean": 1494.3330078125,
  "summary_gm_median": 1491.5576171875,
  "summary_gm_n": 477467.0,
  "summary_gm_p05": 1343.7727172851564,
  "summary_gm_p95": 1655.238684082031,
  "summary_gm_stdv": 94.83599853515625,
  "summary_wm_k": 7.0289449384377765,
  "summary_wm_mad": 243.1173553466797,
  "summary_wm_mean": 1031.49462890625,
  "summary_wm_median": 999.5250854492188,
  "summary_wm_n": 114243.0,
  "summary_wm_p05": 254.37060241699217,
  "summary_wm_p95": 2566.8233642578125,
  "summary_wm_stdv": 610.3399047851562,
  "tpm_overlap_csf": 0.10241010040044785,
  "tpm_overlap_gm": 0.2898026406764984,
  "tpm_overlap_wm": 0.11094287782907486,
  "wm2max": 0.2416204610054628
}