{
  "bids_meta": {
    "AcquisitionDuration": 238.444688,
    "Columns": 512,
    "EchoTime": 0.00281,
    "EchoTrainLength": 1,
    "EffectiveEchoSpacing": 0,
    "FieldOfView": [
      240.03,
      240.03,
      180
    ],
    "FlipAngle": 11,
    "GEImageTypeRIMPCode": 0,
    "ImageType": "ORIGINAL/PRIMARY/OTHER",
    "ImagingFrequency": 127.765247,
    "InplanePhaseEncodingDirection": "ROW",
    "InversionTime": 0.45,
    "MRAcquisitionType": "3D",
    "MagneticFieldStrength": 3,
    "Manufacturer": "GE MEDICAL SYSTEMS",
    "ManufacturersModelName": "DISCOVERY MR750",
    "NumberOfAverages": 1,
    "NumberOfEPIShots": 0,
    "NumberOfEchoes": 1,
    "NumberOfSlices": 180,
    "ParallelImagingReductionFactors": [
      0.571429,
      1
    ],
    "PercentPhaseFieldOfView": 100,
    "PhaseEncodingDirection": "i",
    "PixelBandwidth": 122.07,
    "PixelSpacing": [
      0.4688,
      0.4688
    ],
    "ReceiveCoilName": "8HRBRAIN",
    "RepetitionTime": 0.0064,
    "Rows": 512,
    "SATFatWaterBone": 0,
    "ScanOptions": [
      "FAST_GEMS",
      "EDR_GEMS",
      "FILTERED_GEMS",
      "ACC_GEMS"
    ],
    "ScanningSequence": "GR",
    "SequenceVariant": [
      "SS",
      "SK"
    ],
    "SeriesDate": "18730301",
    "SeriesDescription": "Sag3D_T1_1mm3",
    "SeriesNumber": 2,
    "SeriesTime": "202041",
    "SliceThickness": 1,
    "SpacingBetweenSlices": 1,
    "StudyTime": "201916",
    "modality": "T1w",
    "session_id": "1",
    "subject_id": "9050"
  },
  "cjv": 0.3658703722222841,
  "cnr": 3.593231213444042,
  "efc": 0.6453722671735794,
  "fber": 137.46817016601562,
  "fwhm_avg": 7.019097842606445,
  "fwhm_x": 4.40563,
  "fwhm_y": 8.687969129514101,
  "fwhm_z": 7.963694398305234,
  "icvs_csf": 0.22303994028344182,
  "icvs_gm": 0.41684856087147126,
  "icvs_wm": 0.3601114988450869,
  "inu_med": 1.154307246208191,
  "inu_range": 0.5788491845130922,
  "provenance": {
    "md5sum": "fe4847d9d17787f1fd122d9aab8bdf87",
    "mriqc_pred": 0,
    "settings": {
      "testing": false
    },
    "software": "mriqc",
    "version": "0.9.6",
    "warnings": {
      "large_rot_frame": true,
      "small_air_mask": false
    }
  },
  "qi_1": 0.0,
  "qi_2": 0.0003218651884672156,
  "rpve_csf": 21.84516701871133,
  "rpve_gm": 12.097928320964549,
  "rpve_wm": 16.499872598714852,
  "size_x": 180,
  "size_y": 512,
  "size_z": 512,
  "snr_csf": 3.896280836469608,
  "snr_gm": 12.628938134527154,
  "snr_total": 11.96883632289356,
  "snr_wm": 19.381289997683922,
  "snrd_csf": 14.95063186584913,
  "snrd_gm": 25.894660600843785,
  "snrd_total": 25.687582897797427,
  "snrd_wm": 36.217456226699355,
  "spacing_x": 1.0,
  "spacing_y": 0.46880000829696655,
  "spacing_z": 0.46880000829696655,
  "summary_bg_k": 2.209132004744828,
  "summary_bg_mad": 18.089094161987305,
  "summary_bg_mean": 56.925228118896484,
  "summary_bg_median": 53.717281341552734,
  "summary_bg_n": 9447789.0,
  "summary_bg_p05": 29.920870208740233,
  "summary_bg_p95": 94.9703598022461,
  "summary_bg_stdv": 20.607906341552734,
  "summary_csf_k": -0.6024919097693755,
  "summary_csf_mad": 121.81920623779297,
  "summary_csf_mean": 407.7295227050781,
  "summary_csf_median": 412.8047180175781,
  "summary_csf_n": 212997.0,
  "summary_csf_p05": 234.49183349609373,
  "summary_csf_p95": 568.9878540039062,
  "summary_csf_stdv": 105.94815063476562,
  "summary_gm_k": 0.264717843287555,
  "summary_gm_mad": 54.46233367919922,
  "summary_gm_mean": 718.9556274414062,
  "summary_gm_median": 714.9823608398438,
  "summary_gm_n": 244408.0,
  "summary_gm_p05": 632.9972381591797,
  "summary_gm_p95": 819.7071044921875,
  "summary_gm_stdv": 56.6144905090332,
  "summary_wm_k": 0.3197335690484402,
  "summary_wm_mad": 49.81974411010742,
  "summary_wm_mean": 1000.6954345703125,
  "summary_wm_median": 1000.0070190429688,
  "summary_wm_n": 1163189.0,
  "summary_wm_p05": 916.9141967773437,
  "summary_wm_p95": 1086.2064453125,
  "summary_wm_stdv": 51.596492767333984,
  "tpm_overlap_csf": 0.19840911030769348,
  "tpm_overlap_gm": 0.49096623063087463,
  "tpm_overlap_wm": 0.5525928139686584,
  "wm2max": 0.517588477816768
}