{
  "bids_meta": {
    "AcquisitionDuration": 238.55128,
    "Columns": 512,
    "EchoTime": 0.00281,
    "EchoTrainLength": 1,
    "EffectiveEchoSpacing": 0,
    "FieldOfView": [
      240.03,
      240.03,
      180
    ],
    "FlipAngle": 11,
    "GEImageTypeRIMPCode": 0,
    "ImageType": "ORIGINAL/PRIMARY/OTHER",
    "ImagingFrequency": 127.765005,
    "InplanePhaseEncodingDirection": "ROW",
    "InversionTime": 0.45,
    "MRAcquisitionType": "3D",
    "MagneticFieldStrength": 3,
    "Manufacturer": "GE MEDICAL SYSTEMS",
    "ManufacturersModelName": "DISCOVERY MR750",
    "NumberOfAverages": 1,
    "NumberOfEPIShots": 0,
    "NumberOfEchoes": 1,
    "NumberOfSlices": 180,
    "ParallelImagingReductionFactors": [
      0.571429,
      1
    ],
    "PercentPhaseFieldOfView": 100,
    "PhaseEncodingDirection": "i",
    "PixelBandwidth": 122.07,
    "PixelSpacing": [
      0.4688,
      0.4688
    ],
    "ReceiveCoilName": "8HRBRAIN",
    "RepetitionTime": 0.0064,
    "Rows": 512,
    "SATFatWaterBone": 0,
    "ScanOptions": [
      "FAST_GEMS",
      "EDR_GEMS",
      "FILTERED_GEMS",
      "ACC_GEMS"
    ],
    "ScanningSequence": "GR",
    "SequenceVariant": [
      "SS",
      "SK"
    ],
    "SeriesDate": "18740504",
    "SeriesDescription": "Sag3D_T1_1mm3",
    "SeriesNumber": 2,
    "SeriesTime": "174549",
    "SliceThickness": 1,
    "SpacingBetweenSlices": 1,
    "StudyTime": "174417",
    "modality": "T1w",
    "session_id": "2",
    "subject_id": "9009"
  },
  "cjv": 0.4203178887924537,
  "cnr": 3.198407670315071,
  "efc": 0.6299409865330131,
  "fber": 128.61724853515625,
  "fwhm_avg": 5.873668131838996,
  "fwhm_x": 3.71452,
  "fwhm_y": 7.308532293859539,
  "fwhm_z": 6.597952101657449,
  "icvs_csf": 0.20992302455514344,
  "icvs_gm": 0.42195605427484856,
  "icvs_wm": 0.368120921170008,
  "inu_med": 1.4052739143371582,
  "inu_range": 0.4501598298549654,
  "provenance": {
    "md5sum": "fe9bf496e821eafcc3acd65f01d7125e",
    "mriqc_pred": 0,
    "settings": {
      "testing": false
    },
    "software": "mriqc",
    "version": "0.9.6",
    "warnings": {
      "large_rot_frame": true,
      "small_air_mask": false
    }
  },
  "qi_1": 0.0,
  "qi_2": 0.00024493637369043186,
  "rpve_csf": 28.13841059045816,
  "rpve_gm": 14.668525450777215,
  "rpve_wm": 19.497310856053517,
  "size_x": 180,
  "size_y": 512,
  "size_z": 512,
  "snr_csf": 3.808885068923604,
  "snr_gm": 14.19494577170219,
  "snr_total": 11.415949710868459,
  "snr_wm": 16.24401829197958,
  "snrd_csf": 13.683126757338314,
  "snrd_gm": 29.761045669050635,
  "snrd_total": 28.019448130459324,
  "snrd_wm": 40.61417196498902,
  "spacing_x": 1.0,
  "spacing_y": 0.46880000829696655,
  "spacing_z": 0.46880000829696655,
  "summary_bg_k": 253.90908649856203,
  "summary_bg_mad": 16.13104248046875,
  "summary_bg_mean": 57.256595611572266,
  "summary_bg_median": 54.667686462402344,
  "summary_bg_n": 8157146.0,
  "summary_bg_p05": 31.457489490509033,
  "summary_bg_p95": 90.1588363647461,
  "summary_bg_stdv": 22.932939529418945,
  "summary_csf_k": 0.14656991251655915,
  "summary_csf_mad": 85.56044006347656,
  "summary_csf_mean": 350.85101318359375,
  "summary_csf_median": 336.91168212890625,
  "summary_csf_n": 125922.0,
  "summary_csf_p05": 225.02225952148436,
  "summary_csf_p95": 510.4905502319336,
  "summary_csf_stdv": 88.45379638671875,
  "summary_gm_k": 0.15060142924941022,
  "summary_gm_mad": 50.48417282104492,
  "summary_gm_mean": 732.658447265625,
  "summary_gm_median": 732.7889404296875,
  "summary_gm_n": 154410.0,
  "summary_gm_p05": 647.6689453125,
  "summary_gm_p95": 817.5144866943359,
  "summary_gm_stdv": 51.62306213378906,
  "summary_wm_k": -0.009544267773012649,
  "summary_wm_mad": 61.83747100830078,
  "summary_wm_mean": 1001.7557373046875,
  "summary_wm_median": 1000.0191650390625,
  "summary_wm_n": 878959.0,
  "summary_wm_p05": 903.1893859863281,
  "summary_wm_p95": 1105.7929809570312,
  "summary_wm_stdv": 61.5622673034668,
  "tpm_overlap_csf": 0.20440714061260223,
  "tpm_overlap_gm": 0.4761899411678314,
  "tpm_overlap_wm": 0.5401024222373962,
  "wm2max": 0.3957702249264803
}