{
  "bids_meta": {
    "AcquisitionDuration": 393.10624,
    "Columns": 512,
    "EchoTime": 0.12743,
    "EchoTrainLength": 140,
    "EffectiveEchoSpacing": 0,
    "FieldOfView": [
      240.03,
      240.03,
      87.6
    ],
    "FlipAngle": 90,
    "GEImageTypeRIMPCode": 0,
    "ImageType": "ORIGINAL/PRIMARY/OTHER",
    "ImagingFrequency": 127.76506,
    "InplanePhaseEncodingDirection": "ROW",
    "InversionTime": 1.861,
    "MRAcquisitionType": "3D",
    "MagneticFieldStrength": 3,
    "Manufacturer": "GE MEDICAL SYSTEMS",
    "ManufacturersModelName": "DISCOVERY MR750",
    "NumberOfAverages": 1,
    "NumberOfEPIShots": 1,
    "NumberOfEchoes": 1,
    "NumberOfSlices": 146,
    "ParallelImagingReductionFactors": [
      0.5,
      0.5
    ],
    "PercentPhaseFieldOfView": 100,
    "PhaseEncodingDirection": "i",
    "PixelBandwidth": 122.07,
    "PixelSpacing": [
      0.4688,
      0.4688
    ],
    "ReceiveCoilName": "8HRBRAIN",
    "RepetitionTime": 6,
    "Rows": 512,
    "SATFatWaterBone": 0,
    "ScanOptions": [
      "EDR_GEMS",
      "FILTERED_GEMS",
      "ACC_GEMS"
    ],
    "ScanningSequence": [
      "SE",
      "IR"
    ],
    "SequenceVariant": "SK",
    "SeriesDate": "18731212",
    "SeriesDescription": "Sag CUBE T2 flair",
    "SeriesNumber": 11,
    "SeriesTime": "202923",
    "SliceThickness": 1.2,
    "SpacingBetweenSlices": 0.600002,
    "StudyTime": "191229",
    "modality": "T2w",
    "session_id": "1",
    "subject_id": "9034"
  },
  "cjv": 0.6252964807921736,
  "cnr": 1.0251557097305242,
  "efc": 0.5898788898179482,
  "fber": 501.48675537109375,
  "fwhm_avg": 5.060250066958854,
  "fwhm_x": 4.504833154327347,
  "fwhm_y": 5.462585227553569,
  "fwhm_z": 5.213331818995649,
  "icvs_csf": 0.42505750634108314,
  "icvs_gm": 0.4432909973334808,
  "icvs_wm": 0.13165149632543605,
  "inu_med": 1.1907362937927246,
  "inu_range": 0.695957610011101,
  "provenance": {
    "md5sum": "bdfdb751cdf03a38ccc72a1b752488c7",
    "settings": {
      "testing": false
    },
    "software": "mriqc",
    "version": "0.9.6",
    "warnings": {
      "large_rot_frame": true,
      "small_air_mask": false
    }
  },
  "qi_1": 0.0,
  "qi_2": 0.0007866279157317837,
  "rpve_csf": 14.371441114414145,
  "rpve_gm": 13.144385549231783,
  "rpve_wm": 38.799175610712986,
  "size_x": 292,
  "size_y": 512,
  "size_z": 512,
  "snr_csf": 14.949263376348808,
  "snr_gm": 15.482635682289825,
  "snr_total": 10.6820275111281,
  "snr_wm": 1.614183474745666,
  "snrd_csf": 60.764112138504224,
  "snrd_gm": 53.052415298602874,
  "snrd_total": 48.68909117035625,
  "snrd_wm": 32.25074607396166,
  "spacing_x": 0.6000000238418579,
  "spacing_y": 0.46880000829696655,
  "spacing_z": 0.46880000829696655,
  "summary_bg_k": 21.28823708984365,
  "summary_bg_mad": 20.298568725585938,
  "summary_bg_mean": 63.91364669799805,
  "summary_bg_median": 58.572837829589844,
  "summary_bg_n": 16117640.0,
  "summary_bg_p05": 31.988308620452884,
  "summary_bg_p95": 114.25088691711422,
  "summary_bg_stdv": 27.910436630249023,
  "summary_csf_k": 0.5353255646551558,
  "summary_csf_mad": 121.9516372680664,
  "summary_csf_mean": 1893.0704345703125,
  "summary_csf_median": 1882.6988525390625,
  "summary_csf_n": 1041042.0,
  "summary_csf_p05": 1705.4511596679688,
  "summary_csf_p95": 2115.3962280273436,
  "summary_csf_stdv": 125.93917846679688,
  "summary_gm_k": -0.11107736955433323,
  "summary_gm_mad": 107.80972290039062,
  "summary_gm_mean": 1642.7572021484375,
  "summary_gm_median": 1643.76171875,
  "summary_gm_n": 547476.0,
  "summary_gm_p05": 1466.6619873046875,
  "summary_gm_p95": 1815.4415283203125,
  "summary_gm_stdv": 106.16798400878906,
  "summary_wm_k": 18.87902025564925,
  "summary_wm_mad": 295.2021789550781,
  "summary_wm_mean": 1024.30859375,
  "summary_wm_median": 999.2484130859375,
  "summary_wm_n": 115913.0,
  "summary_wm_p05": 300.0843078613281,
  "summary_wm_p95": 1390.3261962890624,
  "summary_wm_stdv": 619.0399780273438,
  "tpm_overlap_csf": 0.10500137507915497,
  "tpm_overlap_gm": 0.3238508403301239,
  "tpm_overlap_wm": 0.11462808400392532,
  "wm2max": 0.1978013595433602
}