{
  "bids_meta": {
    "AcquisitionDuration": 393.105088,
    "Columns": 512,
    "EchoTime": 0.12732,
    "EchoTrainLength": 140,
    "EffectiveEchoSpacing": 0,
    "FieldOfView": [
      240.03,
      240.03,
      87.6
    ],
    "FlipAngle": 90,
    "GEImageTypeRIMPCode": 0,
    "ImageType": "ORIGINAL/PRIMARY/OTHER",
    "ImagingFrequency": 127.765115,
    "InplanePhaseEncodingDirection": "ROW",
    "InversionTime": 1.861,
    "MRAcquisitionType": "3D",
    "MagneticFieldStrength": 3,
    "Manufacturer": "GE MEDICAL SYSTEMS",
    "ManufacturersModelName": "DISCOVERY MR750",
    "NumberOfAverages": 1,
    "NumberOfEPIShots": 1,
    "NumberOfEchoes": 1,
    "NumberOfSlices": 146,
    "ParallelImagingReductionFactors": [
      0.5,
      0.5
    ],
    "PercentPhaseFieldOfView": 100,
    "PhaseEncodingDirection": "i",
    "PixelBandwidth": 122.07,
    "PixelSpacing": [
      0.4688,
      0.4688
    ],
    "ReceiveCoilName": "8HRBRAIN",
    "RepetitionTime": 6,
    "Rows": 512,
    "SATFatWaterBone": 0,
    "ScanOptions": [
      "EDR_GEMS",
      "FILTERED_GEMS",
      "ACC_GEMS"
    ],
    "ScanningSequence": [
      "SE",
      "IR"
    ],
    "SequenceVariant": "SK",
    "SeriesDate": "18740320",
    "SeriesDescription": "Sag CUBE T2 flair",
    "SeriesNumber": 11,
    "SeriesTime": "210150",
    "SliceThickness": 1.2,
    "SpacingBetweenSlices": 0.600002,
    "StudyTime": "194839",
    "modality": "T2w",
    "session_id": "1",
    "subject_id": "9003"
  },
  "cjv": 0.6164913752032125,
  "cnr": 0.7900510545364773,
  "efc": 0.6361256938515285,
  "fber": 256.7160339355469,
  "fwhm_avg": 4.2221101354106745,
  "fwhm_x": 3.916799844360358,
  "fwhm_y": 4.497738828247464,
  "fwhm_z": 4.251791733624202,
  "icvs_csf": 0.41382653902064903,
  "icvs_gm": 0.44227788552869596,
  "icvs_wm": 0.14389557545065507,
  "inu_med": 1.1742690801620483,
  "inu_range": 0.5838000178337097,
  "provenance": {
    "md5sum": "41cd14912d8359989e3c881f9aaed1fb",
    "settings": {
      "testing": false
    },
    "software": "mriqc",
    "version": "0.9.6",
    "warnings": {
      "large_rot_frame": true,
      "small_air_mask": false
    }
  },
  "qi_1": 0.0,
  "qi_2": 0.0005629710360249906,
  "rpve_csf": 15.126332593295276,
  "rpve_gm": 13.660839026511788,
  "rpve_wm": 38.61523932631259,
  "size_x": 292,
  "size_y": 512,
  "size_z": 512,
  "snr_csf": 12.660085323340416,
  "snr_gm": 14.746893081974196,
  "snr_total": 9.533756274662466,
  "snr_wm": 1.1942904186727832,
  "snrd_csf": 43.69775305113126,
  "snrd_gm": 35.16901644250581,
  "snrd_total": 33.315238303159575,
  "snrd_wm": 21.078945415841655,
  "spacing_x": 0.6000000238418579,
  "spacing_y": 0.46880000829696655,
  "spacing_z": 0.46880000829696655,
  "summary_bg_k": 13.474573630986438,
  "summary_bg_mad": 31.06391716003418,
  "summary_bg_mean": 86.16522216796875,
  "summary_bg_median": 77.51443481445312,
  "summary_bg_n": 15565823.0,
  "summary_bg_p05": 36.45583457946777,
  "summary_bg_p95": 165.56313629150384,
  "summary_bg_stdv": 44.15113830566406,
  "summary_csf_k": 0.2215249676581177,
  "summary_csf_mad": 160.03561401367188,
  "summary_csf_mean": 2084.431640625,
  "summary_csf_median": 2071.970703125,
  "summary_csf_n": 654937.0,
  "summary_csf_p05": 1836.1455810546877,
  "summary_csf_p95": 2373.59365234375,
  "summary_csf_stdv": 163.6615447998047,
  "summary_gm_k": -0.032437584605814695,
  "summary_gm_mad": 113.69741821289062,
  "summary_gm_mean": 1668.8309326171875,
  "summary_gm_median": 1667.572509765625,
  "summary_gm_n": 370359.0,
  "summary_gm_p05": 1484.9822387695312,
  "summary_gm_p95": 1856.8078857421872,
  "summary_gm_stdv": 113.07942962646484,
  "summary_wm_k": 6.653498264392455,
  "summary_wm_mad": 298.1768798828125,
  "summary_wm_mean": 1142.4534912109375,
  "summary_wm_median": 999.4783325195312,
  "summary_wm_n": 87115.0,
  "summary_wm_p05": 295.1170288085937,
  "summary_wm_p95": 3377.157934570315,
  "summary_wm_stdv": 836.8756713867188,
  "tpm_overlap_csf": 0.08508381247520447,
  "tpm_overlap_gm": 0.3045268952846527,
  "tpm_overlap_wm": 0.10134387761354446,
  "wm2max": 0.19900523468332806
}