{
  "bids_meta": {
    "AcquisitionDuration": 238.444688,
    "Columns": 512,
    "EchoTime": 0.00281,
    "EchoTrainLength": 1,
    "EffectiveEchoSpacing": 0,
    "FieldOfView": [
      240.03,
      240.03,
      180
    ],
    "FlipAngle": 11,
    "GEImageTypeRIMPCode": 0,
    "ImageType": "ORIGINAL/PRIMARY/OTHER",
    "ImagingFrequency": 127.765254,
    "InplanePhaseEncodingDirection": "ROW",
    "InversionTime": 0.45,
    "MRAcquisitionType": "3D",
    "MagneticFieldStrength": 3,
    "Manufacturer": "GE MEDICAL SYSTEMS",
    "ManufacturersModelName": "DISCOVERY MR750",
    "NumberOfAverages": 1,
    "NumberOfEPIShots": 0,
    "NumberOfEchoes": 1,
    "NumberOfSlices": 180,
    "ParallelImagingReductionFactors": [
      0.571429,
      1
    ],
    "PercentPhaseFieldOfView": 100,
    "PhaseEncodingDirection": "i",
    "PixelBandwidth": 122.07,
    "PixelSpacing": [
      0.4688,
      0.4688
    ],
    "ReceiveCoilName": "8HRBRAIN",
    "RepetitionTime": 0.0064,
    "Rows": 512,
    "SATFatWaterBone": 0,
    "ScanOptions": [
      "FAST_GEMS",
      "EDR_GEMS",
      "FILTERED_GEMS",
      "ACC_GEMS"
    ],
    "ScanningSequence": "GR",
    "SequenceVariant": [
      "SS",
      "SK"
    ],
    "SeriesDate": "18730329",
    "SeriesDescription": "Sag3D_T1_1mm3",
    "SeriesNumber": 2,
    "SeriesTime": "203020",
    "SliceThickness": 1,
    "SpacingBetweenSlices": 1,
    "StudyTime": "202848",
    "modality": "T1w",
    "session_id": "2",
    "subject_id": "9050"
  },
  "cjv": 0.3493689899204296,
  "cnr": 3.7044680712984985,
  "efc": 0.6500386653344602,
  "fber": 141.3177032470703,
  "fwhm_avg": 6.4668323897986895,
  "fwhm_x": 4.09525,
  "fwhm_y": 7.997376138323459,
  "fwhm_z": 7.307871031072608,
  "icvs_csf": 0.2000244709796252,
  "icvs_gm": 0.4332063836732102,
  "icvs_wm": 0.3667691453471646,
  "inu_med": 1.1562950611114502,
  "inu_range": 0.48996464908123016,
  "provenance": {
    "md5sum": "a9065ef4728fa132ad39d91f24108069",
    "mriqc_pred": 0,
    "settings": {
      "testing": false
    },
    "software": "mriqc",
    "version": "0.9.6",
    "warnings": {
      "large_rot_frame": true,
      "small_air_mask": false
    }
  },
  "qi_1": 0.00020093238298061263,
  "qi_2": 0.0003213875856098541,
  "rpve_csf": 23.358025036827684,
  "rpve_gm": 11.847788595384905,
  "rpve_wm": 16.436522069398123,
  "size_x": 180,
  "size_y": 512,
  "size_z": 512,
  "snr_csf": 3.586209086804714,
  "snr_gm": 12.633061340554255,
  "snr_total": 12.111743308779168,
  "snr_wm": 20.115959498978537,
  "snrd_csf": 13.422543313380604,
  "snrd_gm": 27.273163100296223,
  "snrd_total": 26.341104743584754,
  "snrd_wm": 38.32760781707744,
  "spacing_x": 1.0,
  "spacing_y": 0.46880000829696655,
  "spacing_z": 0.46880000829696655,
  "summary_bg_k": 7.702850340577513,
  "summary_bg_mad": 17.09316635131836,
  "summary_bg_mean": 56.56112289428711,
  "summary_bg_median": 53.566993713378906,
  "summary_bg_n": 8553352.0,
  "summary_bg_p05": 30.343216323852538,
  "summary_bg_p95": 92.43034362792969,
  "summary_bg_stdv": 20.44036293029785,
  "summary_csf_k": -0.189400868567275,
  "summary_csf_mad": 99.70446014404297,
  "summary_csf_mean": 358.3651428222656,
  "summary_csf_median": 350.2076416015625,
  "summary_csf_n": 122283.0,
  "summary_csf_p05": 208.66435546875,
  "summary_csf_p95": 527.3486450195312,
  "summary_csf_stdv": 97.65359497070312,
  "summary_gm_k": 0.27264596872748026,
  "summary_gm_mad": 53.59149169921875,
  "summary_gm_mean": 715.6276245117188,
  "summary_gm_median": 711.584228515625,
  "summary_gm_n": 262984.0,
  "summary_gm_p05": 629.943017578125,
  "summary_gm_p95": 816.3851654052734,
  "summary_gm_stdv": 56.32703399658203,
  "summary_wm_k": 0.4513965746098232,
  "summary_wm_mad": 47.1740608215332,
  "summary_wm_mean": 1000.6728515625,
  "summary_wm_median": 1000.0057983398438,
  "summary_wm_n": 1201514.0,
  "summary_wm_p05": 919.9239044189453,
  "summary_wm_p95": 1083.090832519531,
  "summary_wm_stdv": 49.712039947509766,
  "tpm_overlap_csf": 0.20906895399093628,
  "tpm_overlap_gm": 0.5066560506820679,
  "tpm_overlap_wm": 0.5588034987449646,
  "wm2max": 0.4919401390838722
}