{
  "bids_meta": {
    "AcquisitionDuration": 238.55128,
    "Columns": 512,
    "EchoTime": 0.00281,
    "EchoTrainLength": 1,
    "EffectiveEchoSpacing": 0,
    "FieldOfView": [
      240.03,
      240.03,
      180
    ],
    "FlipAngle": 11,
    "GEImageTypeRIMPCode": 0,
    "ImageType": "ORIGINAL/PRIMARY/OTHER",
    "ImagingFrequency": 127.765064,
    "InplanePhaseEncodingDirection": "ROW",
    "InversionTime": 0.45,
    "MRAcquisitionType": "3D",
    "MagneticFieldStrength": 3,
    "Manufacturer": "GE MEDICAL SYSTEMS",
    "ManufacturersModelName": "DISCOVERY MR750",
    "NumberOfAverages": 1,
    "NumberOfEPIShots": 0,
    "NumberOfEchoes": 1,
    "NumberOfSlices": 180,
    "ParallelImagingReductionFactors": [
      0.571429,
      1
    ],
    "PercentPhaseFieldOfView": 100,
    "PhaseEncodingDirection": "i",
    "PixelBandwidth": 122.07,
    "PixelSpacing": [
      0.4688,
      0.4688
    ],
    "ReceiveCoilName": "8HRBRAIN",
    "RepetitionTime": 0.0064,
    "Rows": 512,
    "SATFatWaterBone": 0,
    "ScanOptions": [
      "FAST_GEMS",
      "EDR_GEMS",
      "FILTERED_GEMS",
      "ACC_GEMS"
    ],
    "ScanningSequence": "GR",
    "SequenceVariant": [
      "SS",
      "SK"
    ],
    "SeriesDate": "18740307",
    "SeriesDescription": "Sag3D_T1_1mm3",
    "SeriesNumber": 2,
    "SeriesTime": "181621",
    "SliceThickness": 1,
    "SpacingBetweenSlices": 1,
    "StudyTime": "181445",
    "modality": "T1w",
    "session_id": "1",
    "subject_id": "9054"
  },
  "cjv": 0.5416021852798301,
  "cnr": 2.556444242537737,
  "efc": 0.6544883510679542,
  "fber": 136.4317169189453,
  "fwhm_avg": 6.630183706638777,
  "fwhm_x": 4.10367,
  "fwhm_y": 8.09810139251349,
  "fwhm_z": 7.68877972740284,
  "icvs_csf": 0.2441427896725742,
  "icvs_gm": 0.3835114145770134,
  "icvs_wm": 0.37234579575041243,
  "inu_med": 1.2369104623794556,
  "inu_range": 0.5374901115894315,
  "provenance": {
    "md5sum": "6055f8ab8c9dab3c463278f3caab893d",
    "mriqc_pred": 0,
    "settings": {
      "testing": false
    },
    "software": "mriqc",
    "version": "0.9.6",
    "warnings": {
      "large_rot_frame": true,
      "small_air_mask": false
    }
  },
  "qi_1": 7.523524448767485e-07,
  "qi_2": 0.0003811790642104461,
  "rpve_csf": 21.032491659612383,
  "rpve_gm": 12.788371519807137,
  "rpve_wm": 15.811406603566997,
  "size_x": 180,
  "size_y": 512,
  "size_z": 512,
  "snr_csf": 3.9796184350812567,
  "snr_gm": 13.220695551955032,
  "snr_total": 10.74827237619207,
  "snr_wm": 15.044503141539918,
  "snrd_csf": 14.646474092168836,
  "snrd_gm": 31.33906256347626,
  "snrd_total": 28.901639400779107,
  "snrd_wm": 40.719381546692226,
  "spacing_x": 1.0,
  "spacing_y": 0.46880000829696655,
  "spacing_z": 0.46880000829696655,
  "summary_bg_k": 2.221945353242136,
  "summary_bg_mad": 16.089248657226562,
  "summary_bg_mean": 55.025089263916016,
  "summary_bg_median": 53.21034240722656,
  "summary_bg_n": 8687234.0,
  "summary_bg_p05": 30.095747566223146,
  "summary_bg_p95": 86.26455764770506,
  "summary_bg_stdv": 17.69190216064453,
  "summary_csf_k": -0.1865180902199679,
  "summary_csf_mad": 92.46484375,
  "summary_csf_mean": 366.5184020996094,
  "summary_csf_median": 359.697265625,
  "summary_csf_n": 272766.0,
  "summary_csf_p05": 228.07093048095703,
  "summary_csf_p95": 523.2751312255859,
  "summary_csf_stdv": 90.38469696044922,
  "summary_gm_k": 0.015381729582804038,
  "summary_gm_mad": 58.041969299316406,
  "summary_gm_mean": 769.9762573242188,
  "summary_gm_median": 769.644287109375,
  "summary_gm_n": 163692.0,
  "summary_gm_p05": 674.8784393310548,
  "summary_gm_p95": 866.5841918945313,
  "summary_gm_stdv": 58.214935302734375,
  "summary_wm_k": 0.09043273636469573,
  "summary_wm_mad": 66.72570037841797,
  "summary_wm_mean": 1004.0035400390625,
  "summary_wm_median": 1000.0120239257812,
  "summary_wm_n": 1140709.0,
  "summary_wm_p05": 902.1172119140624,
  "summary_wm_p95": 1119.9679931640626,
  "summary_wm_stdv": 66.47023010253906,
  "tpm_overlap_csf": 0.2076207399368286,
  "tpm_overlap_gm": 0.4502110779285431,
  "tpm_overlap_wm": 0.5390150547027588,
  "wm2max": 0.4308276082729957
}