{
  "bids_meta": {
    "AcquisitionDuration": 393.09568,
    "Columns": 512,
    "EchoTime": 0.12607,
    "EchoTrainLength": 140,
    "EffectiveEchoSpacing": 0,
    "FieldOfView": [
      240.03,
      240.03,
      87.6
    ],
    "FlipAngle": 90,
    "GEImageTypeRIMPCode": 0,
    "ImageType": "ORIGINAL/PRIMARY/OTHER",
    "ImagingFrequency": 127.765239,
    "InplanePhaseEncodingDirection": "ROW",
    "InversionTime": 1.864,
    "MRAcquisitionType": "3D",
    "MagneticFieldStrength": 3,
    "Manufacturer": "GE MEDICAL SYSTEMS",
    "ManufacturersModelName": "DISCOVERY MR750",
    "NumberOfAverages": 1,
    "NumberOfEPIShots": 1,
    "NumberOfEchoes": 1,
    "NumberOfSlices": 146,
    "ParallelImagingReductionFactors": [
      0.5,
      0.5
    ],
    "PercentPhaseFieldOfView": 100,
    "PhaseEncodingDirection": "i",
    "PixelBandwidth": 122.07,
    "PixelSpacing": [
      0.4688,
      0.4688
    ],
    "ReceiveCoilName": "8HRBRAIN",
    "RepetitionTime": 6,
    "Rows": 512,
    "SATFatWaterBone": 0,
    "ScanOptions": [
      "EDR_GEMS",
      "FILTERED_GEMS",
      "ACC_GEMS"
    ],
    "ScanningSequence": [
      "SE",
      "IR"
    ],
    "SequenceVariant": "SK",
    "SeriesDate": "18730416",
    "SeriesDescription": "Sag CUBE T2 flair",
    "SeriesNumber": 11,
    "SeriesTime": "214855",
    "SliceThickness": 1.2,
    "SpacingBetweenSlices": 0.600002,
    "StudyTime": "203621",
    "modality": "T2w",
    "session_id": "1",
    "subject_id": "9067"
  },
  "cjv": 0.667813657096577,
  "cnr": 1.4879627281960879,
  "efc": 0.6022092533624777,
  "fber": 340.4768981933594,
  "fwhm_avg": 5.173143390335388,
  "fwhm_x": 4.55579981896878,
  "fwhm_y": 5.660558773537827,
  "fwhm_z": 5.303071578499557,
  "icvs_csf": 0.43477397026203873,
  "icvs_gm": 0.4406826366708558,
  "icvs_wm": 0.12454339306710549,
  "inu_med": 1.072458267211914,
  "inu_range": 0.6318972796201707,
  "provenance": {
    "md5sum": "0089a9d4b20e18366ed55aaf89941be4",
    "settings": {
      "testing": false
    },
    "software": "mriqc",
    "version": "0.9.6",
    "warnings": {
      "large_rot_frame": true,
      "small_air_mask": false
    }
  },
  "qi_1": 0.0,
  "qi_2": 0.0006017350609448339,
  "rpve_csf": 13.93137174879754,
  "rpve_gm": 12.99233501227806,
  "rpve_wm": 41.76094277570708,
  "size_x": 292,
  "size_y": 512,
  "size_z": 512,
  "snr_csf": 13.964520002036943,
  "snr_gm": 15.693632114210123,
  "snr_total": 10.471960378772765,
  "snr_wm": 1.7577290200712292,
  "snrd_csf": 47.04965649964175,
  "snrd_gm": 38.39357993500709,
  "snrd_total": 35.33604919401711,
  "snrd_wm": 20.564911147402476,
  "spacing_x": 0.6000000238418579,
  "spacing_y": 0.46880000829696655,
  "spacing_z": 0.46880000829696655,
  "summary_bg_k": 6.876171211335313,
  "summary_bg_mad": 31.818571090698242,
  "summary_bg_mean": 82.49597930908203,
  "summary_bg_median": 74.59188842773438,
  "summary_bg_n": 18870887.0,
  "summary_bg_p05": 34.779755401611325,
  "summary_bg_p95": 158.04609985351556,
  "summary_bg_stdv": 40.62830352783203,
  "summary_csf_k": 0.35618976644641576,
  "summary_csf_mad": 158.48822021484375,
  "summary_csf_mean": 2299.560546875,
  "summary_csf_median": 2285.10107421875,
  "summary_csf_n": 836768.0,
  "summary_csf_p05": 2056.7130737304688,
  "summary_csf_p95": 2592.0934448242183,
  "summary_csf_stdv": 163.6361083984375,
  "summary_gm_k": 0.001575200498814766,
  "summary_gm_mad": 118.13002014160156,
  "summary_gm_mean": 1867.16943359375,
  "summary_gm_median": 1864.6939697265625,
  "summary_gm_n": 360154.0,
  "summary_gm_p05": 1675.4343505859376,
  "summary_gm_p95": 2067.416162109375,
  "summary_gm_stdv": 118.81834411621094,
  "summary_wm_k": 12.174326525729875,
  "summary_wm_mad": 460.1300048828125,
  "summary_wm_mean": 979.173095703125,
  "summary_wm_median": 998.793701171875,
  "summary_wm_n": 110388.0,
  "summary_wm_p05": 249.4067665100098,
  "summary_wm_p95": 1499.5468933105467,
  "summary_wm_stdv": 568.22705078125,
  "tpm_overlap_csf": 0.10061290115118027,
  "tpm_overlap_gm": 0.32560276985168457,
  "tpm_overlap_wm": 0.09702180325984955,
  "wm2max": 0.18640842437317337
}