{
  "bids_meta": {
    "AcquisitionDuration": 238.55128,
    "Columns": 512,
    "EchoTime": 0.00281,
    "EchoTrainLength": 1,
    "EffectiveEchoSpacing": 0,
    "FieldOfView": [
      240.03,
      240.03,
      180
    ],
    "FlipAngle": 11,
    "GEImageTypeRIMPCode": 0,
    "ImageType": "ORIGINAL/PRIMARY/OTHER",
    "ImagingFrequency": 127.765105,
    "InplanePhaseEncodingDirection": "ROW",
    "InversionTime": 0.45,
    "MRAcquisitionType": "3D",
    "MagneticFieldStrength": 3,
    "Manufacturer": "GE MEDICAL SYSTEMS",
    "ManufacturersModelName": "DISCOVERY MR750",
    "NumberOfAverages": 1,
    "NumberOfEPIShots": 0,
    "NumberOfEchoes": 1,
    "NumberOfSlices": 180,
    "ParallelImagingReductionFactors": [
      0.571429,
      1
    ],
    "PercentPhaseFieldOfView": 100,
    "PhaseEncodingDirection": "i",
    "PixelBandwidth": 122.07,
    "PixelSpacing": [
      0.4688,
      0.4688
    ],
    "ReceiveCoilName": "8HRBRAIN",
    "RepetitionTime": 0.0064,
    "Rows": 512,
    "SATFatWaterBone": 0,
    "ScanOptions": [
      "FAST_GEMS",
      "EDR_GEMS",
      "FILTERED_GEMS",
      "ACC_GEMS"
    ],
    "ScanningSequence": "GR",
    "SequenceVariant": [
      "SS",
      "SK"
    ],
    "SeriesDate": "18740116",
    "SeriesDescription": "Sag3D_T1_1mm3",
    "SeriesNumber": 2,
    "SeriesTime": "194242",
    "SliceThickness": 1,
    "SpacingBetweenSlices": 1,
    "StudyTime": "194110",
    "modality": "T1w",
    "session_id": "1",
    "subject_id": "9063"
  },
  "cjv": 0.3716155345860954,
  "cnr": 3.517050359185225,
  "efc": 0.6706783635518924,
  "fber": 161.6634521484375,
  "fwhm_avg": 6.890239891981417,
  "fwhm_x": 4.28915,
  "fwhm_y": 8.6124358544004,
  "fwhm_z": 7.76913382154385,
  "icvs_csf": 0.21653729654551163,
  "icvs_gm": 0.40182693431537225,
  "icvs_wm": 0.3816357691391161,
  "inu_med": 1.1231399774551392,
  "inu_range": 0.6070285439491272,
  "provenance": {
    "md5sum": "d0418be569f372fa0de72e4ae5899e9d",
    "mriqc_pred": 0,
    "settings": {
      "testing": false
    },
    "software": "mriqc",
    "version": "0.9.6",
    "warnings": {
      "large_rot_frame": true,
      "small_air_mask": false
    }
  },
  "qi_1": 1.5382928333793722e-06,
  "qi_2": 0.0008884381707614209,
  "rpve_csf": 21.889092976881145,
  "rpve_gm": 12.021244221420341,
  "rpve_wm": 15.240705625130055,
  "size_x": 180,
  "size_y": 512,
  "size_z": 512,
  "snr_csf": 3.677609539962135,
  "snr_gm": 13.115538616293014,
  "snr_total": 12.352114184255564,
  "snr_wm": 20.263194396511544,
  "snrd_csf": 16.574759822161045,
  "snrd_gm": 31.149550789657976,
  "snrd_total": 30.10695875673491,
  "snrd_wm": 42.59656565838571,
  "spacing_x": 1.0,
  "spacing_y": 0.46880000829696655,
  "spacing_z": 0.46880000829696655,
  "summary_bg_k": 1.4858883992542156,
  "summary_bg_mad": 15.380109786987305,
  "summary_bg_mean": 50.06328201293945,
  "summary_bg_median": 47.549903869628906,
  "summary_bg_n": 8498242.0,
  "summary_bg_p05": 27.051066684722905,
  "summary_bg_p95": 81.76130599975585,
  "summary_bg_stdv": 17.146656036376953,
  "summary_csf_k": -0.5587972140328565,
  "summary_csf_mad": 119.32378387451172,
  "summary_csf_mean": 395.8062744140625,
  "summary_csf_median": 389.1123046875,
  "summary_csf_n": 174544.0,
  "summary_csf_p05": 231.74368591308593,
  "summary_csf_p95": 567.0809326171875,
  "summary_csf_stdv": 105.80546569824219,
  "summary_gm_k": 0.44062926460929264,
  "summary_gm_mad": 52.531524658203125,
  "summary_gm_mean": 734.4154052734375,
  "summary_gm_median": 731.27294921875,
  "summary_gm_n": 200834.0,
  "summary_gm_p05": 648.5773071289062,
  "summary_gm_p95": 831.8991455078124,
  "summary_gm_stdv": 55.75608825683594,
  "summary_wm_k": 0.33322264246373035,
  "summary_wm_mad": 47.333595275878906,
  "summary_wm_mean": 1000.4592895507812,
  "summary_wm_median": 1000.0053100585938,
  "summary_wm_n": 1289857.0,
  "summary_wm_p05": 919.8676147460938,
  "summary_wm_p95": 1082.0994873046875,
  "summary_wm_stdv": 49.35080337524414,
  "tpm_overlap_csf": 0.2054724395275116,
  "tpm_overlap_gm": 0.4809475541114807,
  "tpm_overlap_wm": 0.5601430535316467,
  "wm2max": 0.5229082833553708
}