{
  "bids_meta": {
    "AcquisitionDuration": 238.55128,
    "Columns": 512,
    "EchoTime": 0.00281,
    "EchoTrainLength": 1,
    "EffectiveEchoSpacing": 0,
    "FieldOfView": [
      240.03,
      240.03,
      180
    ],
    "FlipAngle": 11,
    "GEImageTypeRIMPCode": 0,
    "ImageType": "ORIGINAL/PRIMARY/OTHER",
    "ImagingFrequency": 127.765108,
    "InplanePhaseEncodingDirection": "ROW",
    "InversionTime": 0.45,
    "MRAcquisitionType": "3D",
    "MagneticFieldStrength": 3,
    "Manufacturer": "GE MEDICAL SYSTEMS",
    "ManufacturersModelName": "DISCOVERY MR750",
    "NumberOfAverages": 1,
    "NumberOfEPIShots": 0,
    "NumberOfEchoes": 1,
    "NumberOfSlices": 180,
    "ParallelImagingReductionFactors": [
      0.571429,
      1
    ],
    "PercentPhaseFieldOfView": 100,
    "PhaseEncodingDirection": "i",
    "PixelBandwidth": 122.07,
    "PixelSpacing": [
      0.4688,
      0.4688
    ],
    "ReceiveCoilName": "8HRBRAIN",
    "RepetitionTime": 0.0064,
    "Rows": 512,
    "SATFatWaterBone": 0,
    "ScanOptions": [
      "FAST_GEMS",
      "EDR_GEMS",
      "FILTERED_GEMS",
      "ACC_GEMS"
    ],
    "ScanningSequence": "GR",
    "SequenceVariant": [
      "SS",
      "SK"
    ],
    "SeriesDate": "18740429",
    "SeriesDescription": "Sag3D_T1_1mm3",
    "SeriesNumber": 2,
    "SeriesTime": "195207",
    "SliceThickness": 1,
    "SpacingBetweenSlices": 1,
    "StudyTime": "195024",
    "modality": "T1w",
    "session_id": "2",
    "subject_id": "9002"
  },
  "cjv": 0.37753881765145547,
  "cnr": 3.4927822050610575,
  "efc": 0.6501748242009472,
  "fber": 147.02357482910156,
  "fwhm_avg": 6.734120236137205,
  "fwhm_x": 4.30539,
  "fwhm_y": 8.214675622532233,
  "fwhm_z": 7.682295085879383,
  "icvs_csf": 0.2172348547842659,
  "icvs_gm": 0.3792577757810112,
  "icvs_wm": 0.4035073694347229,
  "inu_med": 1.2090928554534912,
  "inu_range": 0.6742279052734375,
  "provenance": {
    "md5sum": "13149c7eb79b46a582825f07909009e9",
    "mriqc_pred": 0,
    "settings": {
      "testing": false
    },
    "software": "mriqc",
    "version": "0.9.6",
    "warnings": {
      "large_rot_frame": true,
      "small_air_mask": false
    }
  },
  "qi_1": 4.675576648847151e-05,
  "qi_2": 0.00029612056417263193,
  "rpve_csf": 23.549008200912287,
  "rpve_gm": 13.383800416817081,
  "rpve_wm": 15.586739686221005,
  "size_x": 180,
  "size_y": 512,
  "size_z": 512,
  "snr_csf": 3.7264900784284256,
  "snr_gm": 13.84302670025458,
  "snr_total": 11.715212307058112,
  "snr_wm": 17.57612014249133,
  "snrd_csf": 12.71360458541173,
  "snrd_gm": 27.74270218651785,
  "snrd_total": 26.290287580733363,
  "snrd_wm": 38.414555970270506,
  "spacing_x": 1.0,
  "spacing_y": 0.46880000829696655,
  "spacing_z": 0.46880000829696655,
  "summary_bg_k": 8.25964700434144,
  "summary_bg_mad": 17.05438995361328,
  "summary_bg_mean": 52.088279724121094,
  "summary_bg_median": 49.601837158203125,
  "summary_bg_n": 8310158.0,
  "summary_bg_p05": 26.620910358428954,
  "summary_bg_p95": 85.60761833190917,
  "summary_bg_stdv": 19.168973922729492,
  "summary_csf_k": 18.82092116807137,
  "summary_csf_mad": 79.02530670166016,
  "summary_csf_mean": 339.49041748046875,
  "summary_csf_median": 330.9582214355469,
  "summary_csf_n": 152648.0,
  "summary_csf_p05": 212.1578399658203,
  "summary_csf_p95": 494.1276748657226,
  "summary_csf_stdv": 88.81202697753906,
  "summary_gm_k": 0.23338634224677124,
  "summary_gm_mad": 50.70691680908203,
  "summary_gm_mean": 721.8967895507812,
  "summary_gm_median": 722.1929321289062,
  "summary_gm_n": 129770.0,
  "summary_gm_p05": 635.9819793701172,
  "summary_gm_p95": 807.174526977539,
  "summary_gm_stdv": 52.169960021972656,
  "summary_wm_k": 0.6682230378853724,
  "summary_wm_mad": 54.17628860473633,
  "summary_wm_mean": 1002.4905395507812,
  "summary_wm_median": 1000.0006713867188,
  "summary_wm_n": 1243988.0,
  "summary_wm_p05": 914.962808227539,
  "summary_wm_p95": 1099.2113037109375,
  "summary_wm_stdv": 56.89539337158203,
  "tpm_overlap_csf": 0.20474597811698914,
  "tpm_overlap_gm": 0.4497925043106079,
  "tpm_overlap_wm": 0.5618623495101929,
  "wm2max": 0.45988028480249465
}