{
  "bids_meta": {
    "AcquisitionDuration": 238.444688,
    "Columns": 512,
    "EchoTime": 0.00281,
    "EchoTrainLength": 1,
    "EffectiveEchoSpacing": 0,
    "FieldOfView": [
      240.03,
      240.03,
      180
    ],
    "FlipAngle": 11,
    "GEImageTypeRIMPCode": 0,
    "ImageType": "ORIGINAL/PRIMARY/OTHER",
    "ImagingFrequency": 127.765198,
    "InplanePhaseEncodingDirection": "ROW",
    "InversionTime": 0.45,
    "MRAcquisitionType": "3D",
    "MagneticFieldStrength": 3,
    "Manufacturer": "GE MEDICAL SYSTEMS",
    "ManufacturersModelName": "DISCOVERY MR750",
    "NumberOfAverages": 1,
    "NumberOfEPIShots": 0,
    "NumberOfEchoes": 1,
    "NumberOfSlices": 180,
    "ParallelImagingReductionFactors": [
      0.571429,
      1
    ],
    "PercentPhaseFieldOfView": 100,
    "PhaseEncodingDirection": "i",
    "PixelBandwidth": 122.07,
    "PixelSpacing": [
      0.4688,
      0.4688
    ],
    "ReceiveCoilName": "8HRBRAIN",
    "RepetitionTime": 0.0064,
    "Rows": 512,
    "SATFatWaterBone": 0,
    "ScanOptions": [
      "FAST_GEMS",
      "EDR_GEMS",
      "FILTERED_GEMS",
      "ACC_GEMS"
    ],
    "ScanningSequence": "GR",
    "SequenceVariant": [
      "SS",
      "SK"
    ],
    "SeriesDate": "18730122",
    "SeriesDescription": "Sag3D_T1_1mm3",
    "SeriesNumber": 2,
    "SeriesTime": "182345",
    "SliceThickness": 1,
    "SpacingBetweenSlices": 1,
    "StudyTime": "182206",
    "modality": "T1w",
    "session_id": "1",
    "subject_id": "9057"
  },
  "cjv": 0.3253894271881783,
  "cnr": 3.964733554308189,
  "efc": 0.6228013588570687,
  "fber": 180.79527282714844,
  "fwhm_avg": 6.4190433118588786,
  "fwhm_x": 4.04655,
  "fwhm_y": 7.7072524233216395,
  "fwhm_z": 7.503327512254997,
  "icvs_csf": 0.21576745255693436,
  "icvs_gm": 0.41987207467859095,
  "icvs_wm": 0.3643604727644747,
  "inu_med": 1.2471355199813843,
  "inu_range": 0.47164681553840637,
  "provenance": {
    "md5sum": "b75ff95873e23e9bbf5e5acd6091178e",
    "mriqc_pred": 0,
    "settings": {
      "testing": false
    },
    "software": "mriqc",
    "version": "0.9.6",
    "warnings": {
      "large_rot_frame": true,
      "small_air_mask": false
    }
  },
  "qi_1": 0.0,
  "qi_2": 0.0003245760535797566,
  "rpve_csf": 24.28842740817435,
  "rpve_gm": 13.101874525583902,
  "rpve_wm": 17.891702635801387,
  "size_x": 180,
  "size_y": 512,
  "size_z": 512,
  "snr_csf": 3.810652679042954,
  "snr_gm": 13.219720321510739,
  "snr_total": 12.43437806850274,
  "snr_wm": 20.27276120495453,
  "snrd_csf": 18.894170710940365,
  "snrd_gm": 34.37042785751577,
  "snrd_total": 33.990582885781066,
  "snrd_wm": 48.70715008888707,
  "spacing_x": 1.0,
  "spacing_y": 0.46880000829696655,
  "spacing_z": 0.46880000829696655,
  "summary_bg_k": 2.2851772679195186,
  "summary_bg_mad": 13.450634956359863,
  "summary_bg_mean": 47.49477005004883,
  "summary_bg_median": 45.56466293334961,
  "summary_bg_n": 10168869.0,
  "summary_bg_p05": 26.88502311706543,
  "summary_bg_p95": 74.88211212158203,
  "summary_bg_stdv": 15.140591621398926,
  "summary_csf_k": 0.5059667147024545,
  "summary_csf_mad": 115.6517333984375,
  "summary_csf_mean": 391.9693908691406,
  "summary_csf_median": 387.9170837402344,
  "summary_csf_n": 178006.0,
  "summary_csf_p05": 234.5790023803711,
  "summary_csf_p95": 553.0990753173828,
  "summary_csf_stdv": 101.79778289794922,
  "summary_gm_k": 0.5415563456456587,
  "summary_gm_mad": 49.94335174560547,
  "summary_gm_mean": 709.000244140625,
  "summary_gm_median": 705.6608276367188,
  "summary_gm_n": 217334.0,
  "summary_gm_p05": 627.648959350586,
  "summary_gm_p95": 802.5857147216797,
  "summary_gm_stdv": 53.3792839050293,
  "summary_wm_k": 0.9390558091960082,
  "summary_wm_mad": 45.83434295654297,
  "summary_wm_mean": 1000.7658081054688,
  "summary_wm_median": 1000.0087280273438,
  "summary_wm_n": 1047471.0,
  "summary_wm_p05": 921.4521179199219,
  "summary_wm_p95": 1081.3402099609375,
  "summary_wm_stdv": 49.32767868041992,
  "tpm_overlap_csf": 0.20767802000045776,
  "tpm_overlap_gm": 0.49707671999931335,
  "tpm_overlap_wm": 0.5508183836936951,
  "wm2max": 0.4388348449641075
}