{
  "bids_meta": {
    "AcquisitionDuration": 393.0992,
    "Columns": 512,
    "EchoTime": 0.12652,
    "EchoTrainLength": 140,
    "EffectiveEchoSpacing": 0,
    "FieldOfView": [
      240.03,
      240.03,
      87.6
    ],
    "FlipAngle": 90,
    "GEImageTypeRIMPCode": 0,
    "ImageType": "ORIGINAL/PRIMARY/OTHER",
    "ImagingFrequency": 127.765247,
    "InplanePhaseEncodingDirection": "ROW",
    "InversionTime": 1.863,
    "MRAcquisitionType": "3D",
    "MagneticFieldStrength": 3,
    "Manufacturer": "GE MEDICAL SYSTEMS",
    "ManufacturersModelName": "DISCOVERY MR750",
    "NumberOfAverages": 1,
    "NumberOfEPIShots": 1,
    "NumberOfEchoes": 1,
    "NumberOfSlices": 146,
    "ParallelImagingReductionFactors": [
      0.5,
      0.5
    ],
    "PercentPhaseFieldOfView": 100,
    "PhaseEncodingDirection": "i",
    "PixelBandwidth": 122.07,
    "PixelSpacing": [
      0.4688,
      0.4688
    ],
    "ReceiveCoilName": "8HRBRAIN",
    "RepetitionTime": 6,
    "Rows": 512,
    "SATFatWaterBone": 0,
    "ScanOptions": [
      "EDR_GEMS",
      "FILTERED_GEMS",
      "ACC_GEMS"
    ],
    "ScanningSequence": [
      "SE",
      "IR"
    ],
    "SequenceVariant": "SK",
    "SeriesDate": "18730301",
    "SeriesDescription": "Sag CUBE T2 flair",
    "SeriesNumber": 11,
    "SeriesTime": "213502",
    "SliceThickness": 1.2,
    "SpacingBetweenSlices": 0.600002,
    "StudyTime": "201916",
    "modality": "T2w",
    "session_id": "1",
    "subject_id": "9050"
  },
  "cjv": 0.563831957456761,
  "cnr": 2.1505807611304433,
  "efc": 0.6279543201048673,
  "fber": 287.1766662597656,
  "fwhm_avg": 5.655440325839103,
  "fwhm_x": 4.998083134727353,
  "fwhm_y": 6.165678218522983,
  "fwhm_z": 5.802559624266973,
  "icvs_csf": 0.40617582295047266,
  "icvs_gm": 0.46264433610821887,
  "icvs_wm": 0.13117984094130844,
  "inu_med": 1.0666102170944214,
  "inu_range": 0.711374819278717,
  "provenance": {
    "md5sum": "86e263bf40c76195ad1c7ea47ad40709",
    "settings": {
      "testing": false
    },
    "software": "mriqc",
    "version": "0.9.6",
    "warnings": {
      "large_rot_frame": true,
      "small_air_mask": false
    }
  },
  "qi_1": 0.0,
  "qi_2": 0.0008944364608132545,
  "rpve_csf": 13.09405479037332,
  "rpve_gm": 11.131904932441888,
  "rpve_wm": 35.911279884907515,
  "size_x": 292,
  "size_y": 512,
  "size_z": 512,
  "snr_csf": 11.447926408561182,
  "snr_gm": 14.979395907943807,
  "snr_total": 9.70429476968,
  "snr_wm": 2.685561992535012,
  "snrd_csf": 45.57744762395198,
  "snrd_gm": 34.612084277982305,
  "snrd_total": 32.96831006988466,
  "snrd_wm": 18.715398307719678,
  "spacing_x": 0.6000000238418579,
  "spacing_y": 0.46880000829696655,
  "spacing_z": 0.46880000829696655,
  "summary_bg_k": 6.757771947157005,
  "summary_bg_mad": 34.97484588623047,
  "summary_bg_mean": 90.26789855957031,
  "summary_bg_median": 80.85414123535156,
  "summary_bg_n": 15399790.0,
  "summary_bg_p05": 37.66013679504394,
  "summary_bg_p95": 174.94391479492174,
  "summary_bg_stdv": 45.75772476196289,
  "summary_csf_k": 0.28702528772984826,
  "summary_csf_mad": 207.9306182861328,
  "summary_csf_mean": 2455.70458984375,
  "summary_csf_median": 2433.17919921875,
  "summary_csf_n": 893121.0,
  "summary_csf_p05": 2146.464599609375,
  "summary_csf_p95": 2840.883544921875,
  "summary_csf_stdv": 212.54310607910156,
  "summary_gm_k": 0.06461938279187285,
  "summary_gm_mad": 122.86332702636719,
  "summary_gm_mean": 1851.2777099609375,
  "summary_gm_median": 1847.7867431640625,
  "summary_gm_n": 351966.0,
  "summary_gm_p05": 1655.0097351074219,
  "summary_gm_p95": 2059.4843139648438,
  "summary_gm_stdv": 123.35504913330078,
  "summary_wm_k": 9.981980986070553,
  "summary_wm_mad": 355.63494873046875,
  "summary_wm_mean": 960.542236328125,
  "summary_wm_median": 999.1326904296875,
  "summary_wm_n": 140332.0,
  "summary_wm_p05": 323.8198608398437,
  "summary_wm_p95": 1426.1263244628906,
  "summary_wm_stdv": 372.0372619628906,
  "tpm_overlap_csf": 0.09693248569965363,
  "tpm_overlap_gm": 0.3352339565753937,
  "tpm_overlap_wm": 0.10497327893972397,
  "wm2max": 0.20908937236334868
}