{
  "bids_meta": {
    "AcquisitionDuration": 238.55128,
    "Columns": 512,
    "EchoTime": 0.00281,
    "EchoTrainLength": 1,
    "EffectiveEchoSpacing": 0,
    "FieldOfView": [
      240.03,
      240.03,
      180
    ],
    "FlipAngle": 11,
    "GEImageTypeRIMPCode": 0,
    "ImageType": "ORIGINAL/PRIMARY/OTHER",
    "ImagingFrequency": 127.765104,
    "InplanePhaseEncodingDirection": "ROW",
    "InversionTime": 0.45,
    "MRAcquisitionType": "3D",
    "MagneticFieldStrength": 3,
    "Manufacturer": "GE MEDICAL SYSTEMS",
    "ManufacturersModelName": "DISCOVERY MR750",
    "NumberOfAverages": 1,
    "NumberOfEPIShots": 0,
    "NumberOfEchoes": 1,
    "NumberOfSlices": 180,
    "ParallelImagingReductionFactors": [
      0.571429,
      1
    ],
    "PercentPhaseFieldOfView": 100,
    "PhaseEncodingDirection": "i",
    "PixelBandwidth": 122.07,
    "PixelSpacing": [
      0.4688,
      0.4688
    ],
    "ReceiveCoilName": "8HRBRAIN",
    "RepetitionTime": 0.0064,
    "Rows": 512,
    "SATFatWaterBone": 0,
    "ScanOptions": [
      "FAST_GEMS",
      "EDR_GEMS",
      "FILTERED_GEMS",
      "ACC_GEMS"
    ],
    "ScanningSequence": "GR",
    "SequenceVariant": [
      "SS",
      "SK"
    ],
    "SeriesDate": "18740613",
    "SeriesDescription": "Sag3D_T1_1mm3",
    "SeriesNumber": 2,
    "SeriesTime": "192830",
    "SliceThickness": 1,
    "SpacingBetweenSlices": 1,
    "StudyTime": "192649",
    "modality": "T1w",
    "session_id": "2",
    "subject_id": "9011"
  },
  "cjv": 0.47229261716145016,
  "cnr": 2.8953920158555424,
  "efc": 0.6157273551270556,
  "fber": 159.485107421875,
  "fwhm_avg": 5.724064414145559,
  "fwhm_x": 3.67983,
  "fwhm_y": 7.019539124912796,
  "fwhm_z": 6.47282411752388,
  "icvs_csf": 0.1953770994886168,
  "icvs_gm": 0.41374044982833486,
  "icvs_wm": 0.39088245068304833,
  "inu_med": 1.3150709867477417,
  "inu_range": 0.44458019733428955,
  "provenance": {
    "md5sum": "e809f6e3b88bf1ec57650d6ee46af54a",
    "mriqc_pred": 0,
    "settings": {
      "testing": false
    },
    "software": "mriqc",
    "version": "0.9.6",
    "warnings": {
      "large_rot_frame": true,
      "small_air_mask": false
    }
  },
  "qi_1": 1.2791769994473042e-06,
  "qi_2": 0.00033713567821468105,
  "rpve_csf": 31.993805684035312,
  "rpve_gm": 15.76136689437182,
  "rpve_wm": 19.34410710518156,
  "size_x": 180,
  "size_y": 512,
  "size_z": 512,
  "snr_csf": 3.7330363438778607,
  "snr_gm": 13.663168453829089,
  "snr_total": 11.59778802896376,
  "snr_wm": 17.397159289184334,
  "snrd_csf": 14.890055458432117,
  "snrd_gm": 32.565616017057856,
  "snrd_total": 30.06005391866744,
  "snrd_wm": 42.724490280512356,
  "spacing_x": 1.0,
  "spacing_y": 0.46880000829696655,
  "spacing_z": 0.46880000829696655,
  "summary_bg_k": 11.697700913665063,
  "summary_bg_mad": 15.334174156188965,
  "summary_bg_mean": 56.210121154785156,
  "summary_bg_median": 54.0142822265625,
  "summary_bg_n": 10362527.0,
  "summary_bg_p05": 32.132506942749025,
  "summary_bg_p95": 87.5777847290039,
  "summary_bg_stdv": 18.108713150024414,
  "summary_csf_k": 0.1731399110375591,
  "summary_csf_mad": 86.51455688476562,
  "summary_csf_mean": 362.6054992675781,
  "summary_csf_median": 348.517822265625,
  "summary_csf_n": 112649.0,
  "summary_csf_p05": 230.98308105468752,
  "summary_csf_p95": 538.225537109375,
  "summary_csf_stdv": 93.36000061035156,
  "summary_gm_k": 0.04882278919096272,
  "summary_gm_mad": 55.3843879699707,
  "summary_gm_mean": 764.560546875,
  "summary_gm_median": 762.2333984375,
  "summary_gm_n": 156698.0,
  "summary_gm_p05": 676.6898651123047,
  "summary_gm_p95": 860.3164947509765,
  "summary_gm_stdv": 55.78727722167969,
  "summary_wm_k": 0.13431930654461066,
  "summary_wm_mad": 56.917076110839844,
  "summary_wm_mean": 1001.531494140625,
  "summary_wm_median": 1000.0128173828125,
  "summary_wm_n": 909324.0,
  "summary_wm_p05": 909.9997650146483,
  "summary_wm_p95": 1098.6292907714842,
  "summary_wm_stdv": 57.481353759765625,
  "tpm_overlap_csf": 0.20948651432991028,
  "tpm_overlap_gm": 0.46407613158226013,
  "tpm_overlap_wm": 0.5329028367996216,
  "wm2max": 0.41054297235267095
}