{
  "bids_meta": {
    "AcquisitionDuration": 393.0992,
    "Columns": 512,
    "EchoTime": 0.12652,
    "EchoTrainLength": 140,
    "EffectiveEchoSpacing": 0,
    "FieldOfView": [
      240.03,
      240.03,
      87.6
    ],
    "FlipAngle": 90,
    "GEImageTypeRIMPCode": 0,
    "ImageType": "ORIGINAL/PRIMARY/OTHER",
    "ImagingFrequency": 127.765119,
    "InplanePhaseEncodingDirection": "ROW",
    "InversionTime": 1.863,
    "MRAcquisitionType": "3D",
    "MagneticFieldStrength": 3,
    "Manufacturer": "GE MEDICAL SYSTEMS",
    "ManufacturersModelName": "DISCOVERY MR750",
    "NumberOfAverages": 1,
    "NumberOfEPIShots": 1,
    "NumberOfEchoes": 1,
    "NumberOfSlices": 146,
    "ParallelImagingReductionFactors": [
      0.5,
      0.5
    ],
    "PercentPhaseFieldOfView": 100,
    "PhaseEncodingDirection": "i",
    "PixelBandwidth": 122.07,
    "PixelSpacing": [
      0.4688,
      0.4688
    ],
    "ReceiveCoilName": "8HRBRAIN",
    "RepetitionTime": 6,
    "Rows": 512,
    "SATFatWaterBone": 0,
    "ScanOptions": [
      "EDR_GEMS",
      "FILTERED_GEMS",
      "ACC_GEMS"
    ],
    "ScanningSequence": [
      "SE",
      "IR"
    ],
    "SequenceVariant": "SK",
    "SeriesDate": "18740508",
    "SeriesDescription": "Sag CUBE T2 flair",
    "SeriesNumber": 11,
    "SeriesTime": "194602",
    "SliceThickness": 1.2,
    "SpacingBetweenSlices": 0.600002,
    "StudyTime": "182525",
    "modality": "T2w",
    "session_id": "1",
    "subject_id": "9004"
  },
  "cjv": 2.9102399038187015,
  "cnr": 0.5103064449553736,
  "efc": 0.6169567015260682,
  "fber": 574.7141723632812,
  "fwhm_avg": 4.512168756217156,
  "fwhm_x": 4.0921165040605665,
  "fwhm_y": 4.8668514497011435,
  "fwhm_z": 4.577538314889757,
  "icvs_csf": 0.4008109553610733,
  "icvs_gm": 0.4392935348164489,
  "icvs_wm": 0.15989550982247783,
  "inu_med": 1.0971415042877197,
  "inu_range": 0.6060371905565258,
  "provenance": {
    "md5sum": "35ee7ea5d4cf9b911431ef3d13fcac02",
    "settings": {
      "testing": false
    },
    "software": "mriqc",
    "version": "0.9.6",
    "warnings": {
      "large_rot_frame": true,
      "small_air_mask": false
    }
  },
  "qi_1": 0.0,
  "qi_2": 0.0008804321229076597,
  "rpve_csf": 14.746997499102086,
  "rpve_gm": 13.15489577354878,
  "rpve_wm": 34.654530889629136,
  "size_x": 292,
  "size_y": 512,
  "size_z": 512,
  "snr_csf": 14.514039631895038,
  "snr_gm": 15.597302927990004,
  "snr_total": 10.666771617901167,
  "snr_wm": 1.8889722938184554,
  "snrd_csf": 65.73526646102933,
  "snrd_gm": 56.456474373400816,
  "snrd_total": 66.5543452305828,
  "snrd_wm": 77.47129485731823,
  "spacing_x": 0.6000000238418579,
  "spacing_y": 0.46880000829696655,
  "spacing_z": 0.46880000829696655,
  "summary_bg_k": 24.864110796428424,
  "summary_bg_mad": 8.59736156463623,
  "summary_bg_mean": 26.733314514160156,
  "summary_bg_median": 24.773082733154297,
  "summary_bg_n": 14705620.0,
  "summary_bg_p05": 13.336309003829957,
  "summary_bg_p95": 46.45071811676025,
  "summary_bg_stdv": 11.345937728881836,
  "summary_csf_k": 0.4007592387193468,
  "summary_csf_mad": 57.07701873779297,
  "summary_csf_mean": 866.7131958007812,
  "summary_csf_median": 862.6445922851562,
  "summary_csf_n": 626014.0,
  "summary_csf_p05": 776.2808563232422,
  "summary_csf_p95": 971.4723083496093,
  "summary_csf_stdv": 59.43513488769531,
  "summary_gm_k": 0.04226317076299013,
  "summary_gm_mad": 47.39069747924805,
  "summary_gm_mean": 741.3319702148438,
  "summary_gm_median": 740.87890625,
  "summary_gm_n": 521542.0,
  "summary_gm_p05": 664.1116088867187,
  "summary_gm_p95": 820.2013610839844,
  "summary_gm_stdv": 47.500404357910156,
  "summary_wm_k": -1.5482561777387829,
  "summary_wm_mad": 755.1885986328125,
  "summary_wm_mean": 910.62646484375,
  "summary_wm_median": 1016.6566162109375,
  "summary_wm_n": 179812.0,
  "summary_wm_p05": 154.88360214233398,
  "summary_wm_p95": 1644.8740966796875,
  "summary_wm_stdv": 538.2047119140625,
  "tpm_overlap_csf": 0.08151177316904068,
  "tpm_overlap_gm": 0.32652920484542847,
  "tpm_overlap_wm": 0.10871961712837219,
  "wm2max": 0.4788105657107399
}