{
  "bids_meta": {
    "AcquisitionDuration": 238.55128,
    "Columns": 512,
    "EchoTime": 0.00281,
    "EchoTrainLength": 1,
    "EffectiveEchoSpacing": 0,
    "FieldOfView": [
      240.03,
      240.03,
      180
    ],
    "FlipAngle": 11,
    "GEImageTypeRIMPCode": 0,
    "ImageType": "ORIGINAL/PRIMARY/OTHER",
    "ImagingFrequency": 127.765055,
    "InplanePhaseEncodingDirection": "ROW",
    "InversionTime": 0.45,
    "MRAcquisitionType": "3D",
    "MagneticFieldStrength": 3,
    "Manufacturer": "GE MEDICAL SYSTEMS",
    "ManufacturersModelName": "DISCOVERY MR750",
    "NumberOfAverages": 1,
    "NumberOfEPIShots": 0,
    "NumberOfEchoes": 1,
    "NumberOfSlices": 180,
    "ParallelImagingReductionFactors": [
      0.571429,
      1
    ],
    "PercentPhaseFieldOfView": 100,
    "PhaseEncodingDirection": "i",
    "PixelBandwidth": 122.07,
    "PixelSpacing": [
      0.4688,
      0.4688
    ],
    "ReceiveCoilName": "8HRBRAIN",
    "RepetitionTime": 0.0064,
    "Rows": 512,
    "SATFatWaterBone": 0,
    "ScanOptions": [
      "FAST_GEMS",
      "EDR_GEMS",
      "FILTERED_GEMS",
      "ACC_GEMS"
    ],
    "ScanningSequence": "GR",
    "SequenceVariant": [
      "SS",
      "SK"
    ],
    "SeriesDate": "18740618",
    "SeriesDescription": "Sag3D_T1_1mm3",
    "SeriesNumber": 2,
    "SeriesTime": "182222",
    "SliceThickness": 1,
    "SpacingBetweenSlices": 1,
    "StudyTime": "182033",
    "modality": "T1w",
    "session_id": "1",
    "subject_id": "9069"
  },
  "cjv": 0.4170326344128714,
  "cnr": 3.237200295575622,
  "efc": 0.6142305739323352,
  "fber": 154.55755615234375,
  "fwhm_avg": 6.356368216119132,
  "fwhm_x": 4.02143,
  "fwhm_y": 7.733276313646043,
  "fwhm_z": 7.314398334711352,
  "icvs_csf": 0.2024000788981849,
  "icvs_gm": 0.41665959326764174,
  "icvs_wm": 0.38094032783417336,
  "inu_med": 1.2181391716003418,
  "inu_range": 0.5974009633064272,
  "provenance": {
    "md5sum": "29172f6f418b0530cf9c06bb0a6902e9",
    "mriqc_pred": 0,
    "settings": {
      "testing": false
    },
    "software": "mriqc",
    "version": "0.9.6",
    "warnings": {
      "large_rot_frame": true,
      "small_air_mask": false
    }
  },
  "qi_1": 1.0353428305556956e-05,
  "qi_2": 0.00035701570010253234,
  "rpve_csf": 28.97126076940811,
  "rpve_gm": 14.60482783864845,
  "rpve_wm": 18.53700654770197,
  "size_x": 180,
  "size_y": 512,
  "size_z": 512,
  "snr_csf": 3.6920128213556613,
  "snr_gm": 13.807021110706403,
  "snr_total": 11.930107499948441,
  "snr_wm": 18.291288567783262,
  "snrd_csf": 13.191188603136952,
  "snrd_gm": 31.28221759637636,
  "snrd_total": 28.824401128238105,
  "snrd_wm": 41.999797185201004,
  "spacing_x": 1.0,
  "spacing_y": 0.46880000829696655,
  "spacing_z": 0.46880000829696655,
  "summary_bg_k": 6.647092211416545,
  "summary_bg_mad": 15.598661422729492,
  "summary_bg_mean": 54.76298141479492,
  "summary_bg_median": 52.6962890625,
  "summary_bg_n": 9746166.0,
  "summary_bg_p05": 30.540622234344482,
  "summary_bg_p95": 86.04819107055664,
  "summary_bg_stdv": 17.745765686035156,
  "summary_csf_k": 0.975998440813814,
  "summary_csf_mad": 68.22169494628906,
  "summary_csf_mean": 329.87237548828125,
  "summary_csf_median": 314.0794677734375,
  "summary_csf_n": 143669.0,
  "summary_csf_p05": 216.97015686035155,
  "summary_csf_p95": 499.13373413085935,
  "summary_csf_stdv": 85.06968688964844,
  "summary_gm_k": 0.14255972297233477,
  "summary_gm_mad": 52.99072265625,
  "summary_gm_mean": 746.6465454101562,
  "summary_gm_median": 744.8231201171875,
  "summary_gm_n": 153733.0,
  "summary_gm_p05": 661.4206176757813,
  "summary_gm_p95": 837.9211669921874,
  "summary_gm_stdv": 53.945068359375,
  "summary_wm_k": 0.13410240729046397,
  "summary_wm_mad": 53.42906188964844,
  "summary_wm_mean": 1000.588134765625,
  "summary_wm_median": 1000.0064697265625,
  "summary_wm_n": 916770.0,
  "summary_wm_p05": 911.2685333251953,
  "summary_wm_p95": 1091.831671142578,
  "summary_wm_stdv": 54.67115783691406,
  "tpm_overlap_csf": 0.22179412841796875,
  "tpm_overlap_gm": 0.4741755723953247,
  "tpm_overlap_wm": 0.5337934494018555,
  "wm2max": 0.40083518206274166
}