{
  "bids_meta": {
    "AcquisitionDuration": 393.111008,
    "Columns": 512,
    "EchoTime": 0.12811,
    "EchoTrainLength": 140,
    "EffectiveEchoSpacing": 0,
    "FieldOfView": [
      240.03,
      240.03,
      87.6
    ],
    "FlipAngle": 90,
    "GEImageTypeRIMPCode": 0,
    "ImageType": "ORIGINAL/PRIMARY/OTHER",
    "ImagingFrequency": 127.765124,
    "InplanePhaseEncodingDirection": "ROW",
    "InversionTime": 1.859,
    "MRAcquisitionType": "3D",
    "MagneticFieldStrength": 3,
    "Manufacturer": "GE MEDICAL SYSTEMS",
    "ManufacturersModelName": "DISCOVERY MR750",
    "NumberOfAverages": 1,
    "NumberOfEPIShots": 1,
    "NumberOfEchoes": 1,
    "NumberOfSlices": 146,
    "ParallelImagingReductionFactors": [
      0.5,
      0.5
    ],
    "PercentPhaseFieldOfView": 100,
    "PhaseEncodingDirection": "i",
    "PixelBandwidth": 122.07,
    "PixelSpacing": [
      0.4688,
      0.4688
    ],
    "ReceiveCoilName": "8HRBRAIN",
    "RepetitionTime": 6,
    "Rows": 512,
    "SATFatWaterBone": 0,
    "ScanOptions": [
      "EDR_GEMS",
      "FILTERED_GEMS",
      "ACC_GEMS"
    ],
    "ScanningSequence": [
      "SE",
      "IR"
    ],
    "SequenceVariant": "SK",
    "SeriesDate": "18740413",
    "SeriesDescription": "Sag CUBE T2 flair",
    "SeriesNumber": 4,
    "SeriesTime": "210944",
    "SliceThickness": 1.2,
    "SpacingBetweenSlices": 0.600002,
    "StudyTime": "205625",
    "modality": "T2w",
    "session_id": "1",
    "subject_id": "9065"
  },
  "cjv": 0.6768641155177296,
  "cnr": 0.9087961904570044,
  "efc": 0.6407620410647399,
  "fber": 300.2301025390625,
  "fwhm_avg": 4.464733661444195,
  "fwhm_x": 3.943966509947518,
  "fwhm_y": 4.921032336114247,
  "fwhm_z": 4.529202138270822,
  "icvs_csf": 0.43551247317077546,
  "icvs_gm": 0.42320369562734356,
  "icvs_wm": 0.14128383120188096,
  "inu_med": 1.0956181287765503,
  "inu_range": 0.6103532314300532,
  "provenance": {
    "md5sum": "04e0c98a24c9e904100bd8f38f9f6b85",
    "settings": {
      "testing": false
    },
    "software": "mriqc",
    "version": "0.9.6",
    "warnings": {
      "large_rot_frame": true,
      "small_air_mask": false
    }
  },
  "qi_1": 0.0,
  "qi_2": 0.000741681926781719,
  "rpve_csf": 13.730509307824038,
  "rpve_gm": 13.232244396272062,
  "rpve_wm": 38.30188136950756,
  "size_x": 292,
  "size_y": 512,
  "size_z": 512,
  "snr_csf": 16.699057920122833,
  "snr_gm": 15.268562949416415,
  "snr_total": 11.173775331228677,
  "snr_wm": 1.5537051241467854,
  "snrd_csf": 53.059690449831244,
  "snrd_gm": 45.5108709492696,
  "snrd_total": 42.37850551412477,
  "snrd_wm": 28.564955143273465,
  "spacing_x": 0.6000000238418579,
  "spacing_y": 0.46880000829696655,
  "spacing_z": 0.46880000829696655,
  "summary_bg_k": 10.387004155413035,
  "summary_bg_mad": 22.92986297607422,
  "summary_bg_mean": 66.26454162597656,
  "summary_bg_median": 59.901893615722656,
  "summary_bg_n": 17607227.0,
  "summary_bg_p05": 30.818234062194826,
  "summary_bg_p95": 123.16686782836913,
  "summary_bg_stdv": 31.34318733215332,
  "summary_csf_k": 0.6762250412192228,
  "summary_csf_mad": 106.45452880859375,
  "summary_csf_mean": 1863.8203125,
  "summary_csf_median": 1857.096435546875,
  "summary_csf_n": 685708.0,
  "summary_csf_p05": 1694.5391845703125,
  "summary_csf_p95": 2055.530407714844,
  "summary_csf_stdv": 111.2095718383789,
  "summary_gm_k": -0.1092468649296312,
  "summary_gm_mad": 106.32377624511719,
  "summary_gm_mean": 1596.2547607421875,
  "summary_gm_median": 1592.88671875,
  "summary_gm_n": 311610.0,
  "summary_gm_p05": 1430.6914367675781,
  "summary_gm_p95": 1772.6098876953124,
  "summary_gm_stdv": 104.32443237304688,
  "summary_wm_k": 4.237492902753355,
  "summary_wm_mad": 295.13067626953125,
  "summary_wm_mean": 1101.502197265625,
  "summary_wm_median": 999.77734375,
  "summary_wm_n": 120980.0,
  "summary_wm_p05": 325.5703506469727,
  "summary_wm_p95": 2754.8906249999986,
  "summary_wm_stdv": 643.476806640625,
  "tpm_overlap_csf": 0.07993123680353165,
  "tpm_overlap_gm": 0.3121055066585541,
  "tpm_overlap_wm": 0.09311767667531967,
  "wm2max": 0.2441168393894099
}