{
  "bids_meta": {
    "AcquisitionDuration": 238.55128,
    "Columns": 512,
    "EchoTime": 0.00281,
    "EchoTrainLength": 1,
    "EffectiveEchoSpacing": 0,
    "FieldOfView": [
      240.03,
      240.03,
      180
    ],
    "FlipAngle": 11,
    "GEImageTypeRIMPCode": 0,
    "ImageType": "ORIGINAL/PRIMARY/OTHER",
    "ImagingFrequency": 127.765113,
    "InplanePhaseEncodingDirection": "ROW",
    "InversionTime": 0.45,
    "MRAcquisitionType": "3D",
    "MagneticFieldStrength": 3,
    "Manufacturer": "GE MEDICAL SYSTEMS",
    "ManufacturersModelName": "DISCOVERY MR750",
    "NumberOfAverages": 1,
    "NumberOfEPIShots": 0,
    "NumberOfEchoes": 1,
    "NumberOfSlices": 180,
    "ParallelImagingReductionFactors": [
      0.571429,
      1
    ],
    "PercentPhaseFieldOfView": 100,
    "PhaseEncodingDirection": "i",
    "PixelBandwidth": 122.07,
    "PixelSpacing": [
      0.4688,
      0.4688
    ],
    "ReceiveCoilName": "8HRBRAIN",
    "RepetitionTime": 0.0064,
    "Rows": 512,
    "SATFatWaterBone": 0,
    "ScanOptions": [
      "FAST_GEMS",
      "EDR_GEMS",
      "FILTERED_GEMS",
      "ACC_GEMS"
    ],
    "ScanningSequence": "GR",
    "SequenceVariant": [
      "SS",
      "SK"
    ],
    "SeriesDate": "18740225",
    "SeriesDescription": "Sag3D_T1_1mm3",
    "SeriesNumber": 2,
    "SeriesTime": "193750",
    "SliceThickness": 1,
    "SpacingBetweenSlices": 1,
    "StudyTime": "193620",
    "modality": "T1w",
    "session_id": "2",
    "subject_id": "9086"
  },
  "cjv": 0.39227627422970585,
  "cnr": 3.510250903653931,
  "efc": 0.6125232600232386,
  "fber": 136.3179473876953,
  "fwhm_avg": 5.842306528030352,
  "fwhm_x": 3.66907,
  "fwhm_y": 7.122717450731765,
  "fwhm_z": 6.735132133359288,
  "icvs_csf": 0.2252940294023395,
  "icvs_gm": 0.4129034520948588,
  "icvs_wm": 0.3618025185028017,
  "inu_med": 1.3714648485183716,
  "inu_range": 0.4032372236251831,
  "provenance": {
    "md5sum": "a96d2755a25fe99571d813696c7aa37d",
    "mriqc_pred": 0,
    "settings": {
      "testing": false
    },
    "software": "mriqc",
    "version": "0.9.6",
    "warnings": {
      "large_rot_frame": true,
      "small_air_mask": false
    }
  },
  "qi_1": 9.552444751828824e-05,
  "qi_2": 0.0003277311218926017,
  "rpve_csf": 24.28141163242624,
  "rpve_gm": 13.42243113353609,
  "rpve_wm": 18.049888840512143,
  "size_x": 180,
  "size_y": 512,
  "size_z": 512,
  "snr_csf": 3.972829684356354,
  "snr_gm": 13.651025485057092,
  "snr_total": 12.149288352552162,
  "snr_wm": 18.824009888243037,
  "snrd_csf": 14.416011805666601,
  "snrd_gm": 32.08497423418326,
  "snrd_total": 30.17567253647503,
  "snrd_wm": 44.02603156957523,
  "spacing_x": 1.0,
  "spacing_y": 0.46880000829696655,
  "spacing_z": 0.46880000829696655,
  "summary_bg_k": 7.202661712689572,
  "summary_bg_mad": 14.880778312683105,
  "summary_bg_mean": 53.36144256591797,
  "summary_bg_median": 51.28356170654297,
  "summary_bg_n": 10576544.0,
  "summary_bg_p05": 30.312536048889157,
  "summary_bg_p95": 83.11123542785644,
  "summary_bg_stdv": 17.264404296875,
  "summary_csf_k": 0.12010074008919025,
  "summary_csf_mad": 76.04532623291016,
  "summary_csf_mean": 340.66943359375,
  "summary_csf_median": 327.4455261230469,
  "summary_csf_n": 179944.0,
  "summary_csf_p05": 224.02113647460936,
  "summary_csf_p95": 494.1453765869141,
  "summary_csf_stdv": 82.42100524902344,
  "summary_gm_k": -0.025767068944000382,
  "summary_gm_mad": 53.583980560302734,
  "summary_gm_mean": 729.7471313476562,
  "summary_gm_median": 728.7786254882812,
  "summary_gm_n": 198815.0,
  "summary_gm_p05": 643.662744140625,
  "summary_gm_p95": 818.9455261230469,
  "summary_gm_stdv": 53.38623046875,
  "summary_wm_k": 0.062320720434311916,
  "summary_wm_mad": 52.8128662109375,
  "summary_wm_mean": 1000.7797241210938,
  "summary_wm_median": 1000.0079956054688,
  "summary_wm_n": 1012000.0,
  "summary_wm_p05": 914.8001586914063,
  "summary_wm_p95": 1089.4617614746094,
  "summary_wm_stdv": 53.12404251098633,
  "tpm_overlap_csf": 0.19562619924545288,
  "tpm_overlap_gm": 0.457719087600708,
  "tpm_overlap_wm": 0.5330254435539246,
  "wm2max": 0.4144805432154391
}