{
  "bids_meta": {
    "AcquisitionDuration": 393.1016,
    "Columns": 512,
    "EchoTime": 0.12686,
    "EchoTrainLength": 140,
    "EffectiveEchoSpacing": 0,
    "FieldOfView": [
      240.03,
      240.03,
      87.6
    ],
    "FlipAngle": 90,
    "GEImageTypeRIMPCode": 0,
    "ImageType": "ORIGINAL/PRIMARY/OTHER",
    "ImagingFrequency": 127.76509,
    "InplanePhaseEncodingDirection": "ROW",
    "InversionTime": 1.862,
    "MRAcquisitionType": "3D",
    "MagneticFieldStrength": 3,
    "Manufacturer": "GE MEDICAL SYSTEMS",
    "ManufacturersModelName": "DISCOVERY MR750",
    "NumberOfAverages": 1,
    "NumberOfEPIShots": 1,
    "NumberOfEchoes": 1,
    "NumberOfSlices": 146,
    "ParallelImagingReductionFactors": [
      0.5,
      0.5
    ],
    "PercentPhaseFieldOfView": 100,
    "PhaseEncodingDirection": "i",
    "PixelBandwidth": 122.07,
    "PixelSpacing": [
      0.4688,
      0.4688
    ],
    "ReceiveCoilName": "8HRBRAIN",
    "RepetitionTime": 6,
    "Rows": 512,
    "SATFatWaterBone": 0,
    "ScanOptions": [
      "EDR_GEMS",
      "FILTERED_GEMS",
      "ACC_GEMS"
    ],
    "ScanningSequence": [
      "SE",
      "IR"
    ],
    "SequenceVariant": "SK",
    "SeriesDate": "18740306",
    "SeriesDescription": "Sag CUBE T2 flair",
    "SeriesNumber": 11,
    "SeriesTime": "192927",
    "SliceThickness": 1.2,
    "SpacingBetweenSlices": 0.600002,
    "StudyTime": "181315",
    "modality": "T2w",
    "session_id": "1",
    "subject_id": "9039"
  },
  "cjv": 0.5072503500169802,
  "cnr": 0.919507332640653,
  "efc": 0.6206566671083532,
  "fber": 438.63623046875,
  "fwhm_avg": 4.958522669700881,
  "fwhm_x": 4.572816484959265,
  "fwhm_y": 5.279735401438166,
  "fwhm_z": 5.0230161227052115,
  "icvs_csf": 0.409210202940933,
  "icvs_gm": 0.4511979574810682,
  "icvs_wm": 0.13959183957799878,
  "inu_med": 1.1963990926742554,
  "inu_range": 0.6977730959653854,
  "provenance": {
    "md5sum": "663a8d1dfbe37f9950f7ef2eee4cbb84",
    "settings": {
      "testing": false
    },
    "software": "mriqc",
    "version": "0.9.6",
    "warnings": {
      "large_rot_frame": true,
      "small_air_mask": false
    }
  },
  "qi_1": 0.0,
  "qi_2": 0.0006277913752423702,
  "rpve_csf": 13.363542415894015,
  "rpve_gm": 11.976670164688212,
  "rpve_wm": 34.51274807568518,
  "size_x": 292,
  "size_y": 512,
  "size_z": 512,
  "snr_csf": 13.900439417146842,
  "snr_gm": 16.285564573843764,
  "snr_total": 10.54994892845762,
  "snr_wm": 1.4638427943822565,
  "snrd_csf": 62.70186587369069,
  "snrd_gm": 50.82320862317485,
  "snrd_total": 48.19659791339382,
  "snrd_wm": 31.064719243315928,
  "spacing_x": 0.6000000238418579,
  "spacing_y": 0.46880000829696655,
  "spacing_z": 0.46880000829696655,
  "summary_bg_k": 1687.8277106344246,
  "summary_bg_mad": 21.0836181640625,
  "summary_bg_mean": 67.55037689208984,
  "summary_bg_median": 61.61134719848633,
  "summary_bg_n": 17444887.0,
  "summary_bg_p05": 33.596879196166995,
  "summary_bg_p95": 118.41607971191405,
  "summary_bg_stdv": 41.43876266479492,
  "summary_csf_k": 0.194833992787244,
  "summary_csf_mad": 143.1976318359375,
  "summary_csf_mean": 2024.6280517578125,
  "summary_csf_median": 2017.873291015625,
  "summary_csf_n": 807744.0,
  "summary_csf_p05": 1798.819500732422,
  "summary_csf_p95": 2273.899133300781,
  "summary_csf_stdv": 145.1660614013672,
  "summary_gm_k": 0.05186435590711014,
  "summary_gm_mad": 100.04895782470703,
  "summary_gm_mean": 1633.6361083984375,
  "summary_gm_median": 1635.593994140625,
  "summary_gm_n": 621408.0,
  "summary_gm_p05": 1465.4852783203125,
  "summary_gm_p95": 1795.5876525878907,
  "summary_gm_stdv": 100.43205261230469,
  "summary_wm_k": 4.724494133743537,
  "summary_wm_mad": 222.49545288085938,
  "summary_wm_mean": 1132.5977783203125,
  "summary_wm_median": 999.7257080078125,
  "summary_wm_n": 140978.0,
  "summary_wm_p05": 386.4841079711914,
  "summary_wm_p95": 3019.1053466796875,
  "summary_wm_stdv": 682.9436645507812,
  "tpm_overlap_csf": 0.09435099363327026,
  "tpm_overlap_gm": 0.31090855598449707,
  "tpm_overlap_wm": 0.11026567220687866,
  "wm2max": 0.1889799452374485
}