{
  "bids_meta": {
    "AcquisitionDuration": 393.102848,
    "Columns": 512,
    "EchoTime": 0.12709,
    "EchoTrainLength": 140,
    "EffectiveEchoSpacing": 0,
    "FieldOfView": [
      240.03,
      240.03,
      87.6
    ],
    "FlipAngle": 90,
    "GEImageTypeRIMPCode": 0,
    "ImageType": "ORIGINAL/PRIMARY/OTHER",
    "ImagingFrequency": 127.765108,
    "InplanePhaseEncodingDirection": "ROW",
    "InversionTime": 1.861,
    "MRAcquisitionType": "3D",
    "MagneticFieldStrength": 3,
    "Manufacturer": "GE MEDICAL SYSTEMS",
    "ManufacturersModelName": "DISCOVERY MR750",
    "NumberOfAverages": 1,
    "NumberOfEPIShots": 1,
    "NumberOfEchoes": 1,
    "NumberOfSlices": 146,
    "ParallelImagingReductionFactors": [
      0.5,
      0.5
    ],
    "PercentPhaseFieldOfView": 100,
    "PhaseEncodingDirection": "i",
    "PixelBandwidth": 122.07,
    "PixelSpacing": [
      0.4688,
      0.4688
    ],
    "ReceiveCoilName": "8HRBRAIN",
    "RepetitionTime": 6,
    "Rows": 512,
    "SATFatWaterBone": 0,
    "ScanOptions": [
      "EDR_GEMS",
      "FILTERED_GEMS",
      "ACC_GEMS"
    ],
    "ScanningSequence": [
      "SE",
      "IR"
    ],
    "SequenceVariant": "SK",
    "SeriesDate": "18731216",
    "SeriesDescription": "Sag CUBE T2 flair",
    "SeriesNumber": 11,
    "SeriesTime": "212743",
    "SliceThickness": 1.2,
    "SpacingBetweenSlices": 0.600002,
    "StudyTime": "200225",
    "modality": "T2w",
    "session_id": "1",
    "subject_id": "9018"
  },
  "cjv": 0.3841879728565326,
  "cnr": 2.5016806548926276,
  "efc": 0.7510448719979268,
  "fber": 6.300903797149658,
  "fwhm_avg": 7.402300596271883,
  "fwhm_x": 6.8225163955642225,
  "fwhm_y": 6.634577527630402,
  "fwhm_z": 8.749807865621026,
  "icvs_csf": 0.07831982458889113,
  "icvs_gm": 0.5392154426010951,
  "icvs_wm": 0.38246473281001375,
  "inu_med": 1.8808857202529907,
  "inu_range": 0.4776729345321655,
  "provenance": {
    "md5sum": "dacca5a4bf0784f871f2ef3f9e5c21cd",
    "settings": {
      "testing": false
    },
    "software": "mriqc",
    "version": "0.9.6",
    "warnings": {
      "large_rot_frame": true,
      "small_air_mask": false
    }
  },
  "qi_1": 0.0,
  "qi_2": 0.0003771812960563779,
  "rpve_csf": 32.62168701740439,
  "rpve_gm": 6.481092279841677,
  "rpve_wm": 8.793377224798228,
  "size_x": 292,
  "size_y": 512,
  "size_z": 512,
  "snr_csf": 2.7850997401762823,
  "snr_gm": 7.263178644577067,
  "snr_total": 4.537382277612486,
  "snr_wm": 3.563868448084109,
  "snrd_csf": 10.907091013513757,
  "snrd_gm": 4.279040697284487,
  "snrd_total": 5.60581640149887,
  "snrd_wm": 1.631317493698364,
  "spacing_x": 0.6000000238418579,
  "spacing_y": 0.46880000829696655,
  "spacing_z": 0.46880000829696655,
  "summary_bg_k": 0.18110036012789044,
  "summary_bg_mad": 401.4526062011719,
  "summary_bg_mean": 572.03515625,
  "summary_bg_median": 408.4250183105469,
  "summary_bg_n": 11434557.0,
  "summary_bg_p05": 98.26938323974609,
  "summary_bg_p95": 1443.011499023437,
  "summary_bg_stdv": 460.012451171875,
  "summary_csf_k": 1.0549264761300936,
  "summary_csf_mad": 2050.54931640625,
  "summary_csf_mean": 7292.99072265625,
  "summary_csf_median": 6683.6162109375,
  "summary_csf_n": 576790.0,
  "summary_csf_p05": 4426.51298828125,
  "summary_csf_p95": 12134.067236328125,
  "summary_csf_stdv": 2399.774169921875,
  "summary_gm_k": 0.009495709397968621,
  "summary_gm_mad": 348.7137756347656,
  "summary_gm_mean": 2603.3662109375,
  "summary_gm_median": 2622.098388671875,
  "summary_gm_n": 1915203.0,
  "summary_gm_p05": 1959.0945068359374,
  "summary_gm_p95": 3169.46572265625,
  "summary_gm_stdv": 361.0124206542969,
  "summary_wm_k": 0.1726916230717399,
  "summary_wm_mad": 274.61749267578125,
  "summary_wm_mean": 1018.7355346679688,
  "summary_wm_median": 999.6340942382812,
  "summary_wm_n": 1573666.0,
  "summary_wm_p05": 587.9698333740234,
  "summary_wm_p95": 1513.5857849121094,
  "summary_wm_stdv": 280.4912109375,
  "tpm_overlap_csf": 0.06017984449863434,
  "tpm_overlap_gm": 0.3705006539821625,
  "tpm_overlap_wm": 0.18683165311813354,
  "wm2max": 0.08578925143216017
}