{
  "bids_meta": {
    "AcquisitionDuration": 393.092192,
    "Columns": 512,
    "EchoTime": 0.12561,
    "EchoTrainLength": 140,
    "EffectiveEchoSpacing": 0,
    "FieldOfView": [
      240.03,
      240.03,
      87.6
    ],
    "FlipAngle": 90,
    "GEImageTypeRIMPCode": 0,
    "ImageType": "ORIGINAL/PRIMARY/OTHER",
    "ImagingFrequency": 127.765087,
    "InplanePhaseEncodingDirection": "ROW",
    "InversionTime": 1.865,
    "MRAcquisitionType": "3D",
    "MagneticFieldStrength": 3,
    "Manufacturer": "GE MEDICAL SYSTEMS",
    "ManufacturersModelName": "DISCOVERY MR750",
    "NumberOfAverages": 1,
    "NumberOfEPIShots": 1,
    "NumberOfEchoes": 1,
    "NumberOfSlices": 146,
    "ParallelImagingReductionFactors": [
      0.5,
      0.5
    ],
    "PercentPhaseFieldOfView": 100,
    "PhaseEncodingDirection": "i",
    "PixelBandwidth": 122.07,
    "PixelSpacing": [
      0.4688,
      0.4688
    ],
    "ReceiveCoilName": "8HRBRAIN",
    "RepetitionTime": 6,
    "Rows": 512,
    "SATFatWaterBone": 0,
    "ScanOptions": [
      "EDR_GEMS",
      "FILTERED_GEMS",
      "ACC_GEMS"
    ],
    "ScanningSequence": [
      "SE",
      "IR"
    ],
    "SequenceVariant": "SK",
    "SeriesDate": "18740401",
    "SeriesDescription": "Sag CUBE T2 flair",
    "SeriesNumber": 11,
    "SeriesTime": "192953",
    "SliceThickness": 1.2,
    "SpacingBetweenSlices": 0.600002,
    "StudyTime": "181519",
    "modality": "T2w",
    "session_id": "1",
    "subject_id": "9062"
  },
  "cjv": 0.6528225008078309,
  "cnr": 1.4997226684738063,
  "efc": 0.5948669199386178,
  "fber": 580.5587158203125,
  "fwhm_avg": 4.918377886405749,
  "fwhm_x": 4.336533161014987,
  "fwhm_y": 5.389675672529951,
  "fwhm_z": 5.02892482567231,
  "icvs_csf": 0.4549902695266523,
  "icvs_gm": 0.42287383850299437,
  "icvs_wm": 0.12213589197035332,
  "inu_med": 1.1183620691299438,
  "inu_range": 0.6494775652885436,
  "provenance": {
    "md5sum": "f9fd7ab6c03234f4c90828864a88222d",
    "settings": {
      "testing": false
    },
    "software": "mriqc",
    "version": "0.9.6",
    "warnings": {
      "large_rot_frame": true,
      "small_air_mask": false
    }
  },
  "qi_1": 0.0,
  "qi_2": 0.0006435461698551484,
  "rpve_csf": 13.292546029951309,
  "rpve_gm": 13.31437263658535,
  "rpve_wm": 41.27272313587997,
  "size_x": 292,
  "size_y": 512,
  "size_z": 512,
  "snr_csf": 14.205239997501264,
  "snr_gm": 16.656950077242413,
  "snr_total": 10.96668571781865,
  "snr_wm": 2.0378670787122743,
  "snrd_csf": 58.090119394602,
  "snrd_gm": 48.936995632539904,
  "snrd_total": 44.975265160665025,
  "snrd_wm": 27.89868045485315,
  "spacing_x": 0.6000000238418579,
  "spacing_y": 0.46880000829696655,
  "spacing_z": 0.46880000829696655,
  "summary_bg_k": 12.670450642787392,
  "summary_bg_mad": 23.451282501220703,
  "summary_bg_mean": 65.2669906616211,
  "summary_bg_median": 59.54186248779297,
  "summary_bg_n": 16359849.0,
  "summary_bg_p05": 29.617172241210938,
  "summary_bg_p95": 118.6930236816406,
  "summary_bg_stdv": 30.777517318725586,
  "summary_csf_k": 0.34097406194330526,
  "summary_csf_mad": 143.0077667236328,
  "summary_csf_mean": 2089.65869140625,
  "summary_csf_median": 2079.395751953125,
  "summary_csf_n": 1033947.0,
  "summary_csf_p05": 1868.0536254882813,
  "summary_csf_p95": 2346.2132568359375,
  "summary_csf_stdv": 146.38223266601562,
  "summary_gm_k": -0.047872755908779485,
  "summary_gm_mad": 105.89204406738281,
  "summary_gm_mean": 1753.1282958984375,
  "summary_gm_median": 1751.750244140625,
  "summary_gm_n": 468907.0,
  "summary_gm_p05": 1582.648876953125,
  "summary_gm_p95": 1928.623156738281,
  "summary_gm_stdv": 105.16621398925781,
  "summary_wm_k": 6.916745651674052,
  "summary_wm_mad": 385.7408752441406,
  "summary_wm_mean": 946.5548095703125,
  "summary_wm_median": 998.6620483398438,
  "summary_wm_n": 97436.0,
  "summary_wm_p05": 243.3085060119629,
  "summary_wm_p95": 1416.5591430664062,
  "summary_wm_stdv": 490.0500793457031,
  "tpm_overlap_csf": 0.10364052653312683,
  "tpm_overlap_gm": 0.2976568937301636,
  "tpm_overlap_wm": 0.09975410252809525,
  "wm2max": 0.19139786852304178
}