{
  "bids_meta": {
    "AcquisitionDuration": 393.105088,
    "Columns": 512,
    "EchoTime": 0.12732,
    "EchoTrainLength": 140,
    "EffectiveEchoSpacing": 0,
    "FieldOfView": [
      240.03,
      240.03,
      87.6
    ],
    "FlipAngle": 90,
    "GEImageTypeRIMPCode": 0,
    "ImageType": "ORIGINAL/PRIMARY/OTHER",
    "ImagingFrequency": 127.765113,
    "InplanePhaseEncodingDirection": "ROW",
    "InversionTime": 1.861,
    "MRAcquisitionType": "3D",
    "MagneticFieldStrength": 3,
    "Manufacturer": "GE MEDICAL SYSTEMS",
    "ManufacturersModelName": "DISCOVERY MR750",
    "NumberOfAverages": 1,
    "NumberOfEPIShots": 1,
    "NumberOfEchoes": 1,
    "NumberOfSlices": 146,
    "ParallelImagingReductionFactors": [
      0.5,
      0.5
    ],
    "PercentPhaseFieldOfView": 100,
    "PhaseEncodingDirection": "i",
    "PixelBandwidth": 122.07,
    "PixelSpacing": [
      0.4688,
      0.4688
    ],
    "ReceiveCoilName": "8HRBRAIN",
    "RepetitionTime": 6,
    "Rows": 512,
    "SATFatWaterBone": 0,
    "ScanOptions": [
      "EDR_GEMS",
      "FILTERED_GEMS",
      "ACC_GEMS"
    ],
    "ScanningSequence": [
      "SE",
      "IR"
    ],
    "SequenceVariant": "SK",
    "SeriesDate": "18740220",
    "SeriesDescription": "Sag CUBE T2 flair",
    "SeriesNumber": 11,
    "SeriesTime": "212908",
    "SliceThickness": 1.2,
    "SpacingBetweenSlices": 0.600002,
    "StudyTime": "200442",
    "modality": "T2w",
    "session_id": "1",
    "subject_id": "9072"
  },
  "cjv": 0.580342563409235,
  "cnr": 1.516604592817527,
  "efc": 0.6025199673169626,
  "fber": 534.4729614257812,
  "fwhm_avg": 4.999748741269446,
  "fwhm_x": 4.435999823729204,
  "fwhm_y": 5.445413726150991,
  "fwhm_z": 5.117832673928143,
  "icvs_csf": 0.4681802738718377,
  "icvs_gm": 0.4079559842588935,
  "icvs_wm": 0.12386374186926878,
  "inu_med": 1.114212989807129,
  "inu_range": 0.7134723991155623,
  "provenance": {
    "md5sum": "1a7aa1f3bf16b28c483a87c4406909c7",
    "settings": {
      "testing": false
    },
    "software": "mriqc",
    "version": "0.9.6",
    "warnings": {
      "large_rot_frame": true,
      "small_air_mask": false
    }
  },
  "qi_1": 0.0,
  "qi_2": 0.0007541941401513857,
  "rpve_csf": 14.223113794009093,
  "rpve_gm": 14.968906870606432,
  "rpve_wm": 43.431200170558775,
  "size_x": 292,
  "size_y": 512,
  "size_z": 512,
  "snr_csf": 14.218669047725337,
  "snr_gm": 16.26140816831855,
  "snr_total": 10.969321065267051,
  "snr_wm": 2.4278859797572667,
  "snrd_csf": 74.89255040034426,
  "snrd_gm": 63.717285683697334,
  "snrd_total": 59.12226663958978,
  "snrd_wm": 38.75696383472774,
  "spacing_x": 0.6000000238418579,
  "spacing_y": 0.46880000829696655,
  "spacing_z": 0.46880000829696655,
  "summary_bg_k": 11.497343380481903,
  "summary_bg_mad": 16.892160415649414,
  "summary_bg_mean": 54.58589172363281,
  "summary_bg_median": 51.24272537231445,
  "summary_bg_n": 15664199.0,
  "summary_bg_p05": 28.222805976867676,
  "summary_bg_p95": 91.50996932983396,
  "summary_bg_stdv": 21.435436248779297,
  "summary_csf_k": 0.6408294138225878,
  "summary_csf_mad": 129.5135040283203,
  "summary_csf_mean": 1943.3974609375,
  "summary_csf_median": 1931.043701171875,
  "summary_csf_n": 1111684.0,
  "summary_csf_p05": 1742.9820739746094,
  "summary_csf_p95": 2185.5087402343743,
  "summary_csf_stdv": 135.8103790283203,
  "summary_gm_k": 0.00044641149140334235,
  "summary_gm_mad": 100.78274536132812,
  "summary_gm_mean": 1644.32666015625,
  "summary_gm_median": 1642.8985595703125,
  "summary_gm_n": 486463.0,
  "summary_gm_p05": 1480.4536499023436,
  "summary_gm_p95": 1813.4266845703123,
  "summary_gm_stdv": 101.0304183959961,
  "summary_wm_k": 8.020131242837245,
  "summary_wm_mad": 272.715087890625,
  "summary_wm_mean": 940.7218627929688,
  "summary_wm_median": 999.31689453125,
  "summary_wm_n": 82598.0,
  "summary_wm_p05": 229.01457748413088,
  "summary_wm_p95": 1332.99755859375,
  "summary_wm_stdv": 411.59710693359375,
  "tpm_overlap_csf": 0.10136040300130844,
  "tpm_overlap_gm": 0.27359020709991455,
  "tpm_overlap_wm": 0.10975116491317749,
  "wm2max": 0.22859144363797118
}