{
  "bids_meta": {
    "AcquisitionDuration": 238.55128,
    "Columns": 512,
    "EchoTime": 0.00281,
    "EchoTrainLength": 1,
    "EffectiveEchoSpacing": 0,
    "FieldOfView": [
      240.03,
      240.03,
      180
    ],
    "FlipAngle": 11,
    "GEImageTypeRIMPCode": 0,
    "ImageType": "ORIGINAL/PRIMARY/OTHER",
    "ImagingFrequency": 127.76509,
    "InplanePhaseEncodingDirection": "ROW",
    "InversionTime": 0.45,
    "MRAcquisitionType": "3D",
    "MagneticFieldStrength": 3,
    "Manufacturer": "GE MEDICAL SYSTEMS",
    "ManufacturersModelName": "DISCOVERY MR750",
    "NumberOfAverages": 1,
    "NumberOfEPIShots": 0,
    "NumberOfEchoes": 1,
    "NumberOfSlices": 180,
    "ParallelImagingReductionFactors": [
      0.571429,
      1
    ],
    "PercentPhaseFieldOfView": 100,
    "PhaseEncodingDirection": "i",
    "PixelBandwidth": 122.07,
    "PixelSpacing": [
      0.4688,
      0.4688
    ],
    "ReceiveCoilName": "8HRBRAIN",
    "RepetitionTime": 0.0064,
    "Rows": 512,
    "SATFatWaterBone": 0,
    "ScanOptions": [
      "FAST_GEMS",
      "EDR_GEMS",
      "FILTERED_GEMS",
      "ACC_GEMS"
    ],
    "ScanningSequence": "GR",
    "SequenceVariant": [
      "SS",
      "SK"
    ],
    "SeriesDate": "18740220",
    "SeriesDescription": "Sag3D_T1_1mm3",
    "SeriesNumber": 2,
    "SeriesTime": "200627",
    "SliceThickness": 1,
    "SpacingBetweenSlices": 1,
    "StudyTime": "200442",
    "modality": "T1w",
    "session_id": "1",
    "subject_id": "9072"
  },
  "cjv": 0.35244708204131886,
  "cnr": 3.7195313682292412,
  "efc": 0.6362826741173636,
  "fber": 164.43682861328125,
  "fwhm_avg": 6.132113941803337,
  "fwhm_x": 3.90336,
  "fwhm_y": 7.498506693227689,
  "fwhm_z": 6.994475132182324,
  "icvs_csf": 0.2072210237441801,
  "icvs_gm": 0.41113531139867415,
  "icvs_wm": 0.38164366485714574,
  "inu_med": 1.2274929285049438,
  "inu_range": 0.43730199337005604,
  "provenance": {
    "md5sum": "331a04fb77b1d311dcb4b53fd85b1ede",
    "mriqc_pred": 0,
    "settings": {
      "testing": false
    },
    "software": "mriqc",
    "version": "0.9.6",
    "warnings": {
      "large_rot_frame": true,
      "small_air_mask": false
    }
  },
  "qi_1": 5.003428038700825e-05,
  "qi_2": 0.00036914147003454874,
  "rpve_csf": 26.253974398027147,
  "rpve_gm": 13.916051973815431,
  "rpve_wm": 18.09449889774069,
  "size_x": 180,
  "size_y": 512,
  "size_z": 512,
  "snr_csf": 3.4738731155187783,
  "snr_gm": 12.746631366202577,
  "snr_total": 12.15738444473474,
  "snr_wm": 20.251648852482866,
  "snrd_csf": 16.593087694055853,
  "snrd_gm": 33.087483726427074,
  "snrd_total": 31.972743849533185,
  "snrd_wm": 46.23766012811663,
  "spacing_x": 1.0,
  "spacing_y": 0.46880000829696655,
  "spacing_z": 0.46880000829696655,
  "summary_bg_k": 2.5694654718658763,
  "summary_bg_mad": 14.169005393981934,
  "summary_bg_mean": 51.628910064697266,
  "summary_bg_median": 49.87828826904297,
  "summary_bg_n": 8838626.0,
  "summary_bg_p05": 29.37188720703125,
  "summary_bg_p95": 80.02791404724121,
  "summary_bg_stdv": 16.017324447631836,
  "summary_csf_k": -0.45285091667980204,
  "summary_csf_mad": 106.4556655883789,
  "summary_csf_mean": 373.91534423828125,
  "summary_csf_median": 358.86810302734375,
  "summary_csf_n": 117931.0,
  "summary_csf_p05": 220.6197280883789,
  "summary_csf_p95": 552.8687744140625,
  "summary_csf_stdv": 103.30445861816406,
  "summary_gm_k": 0.48664756255569763,
  "summary_gm_mad": 52.795806884765625,
  "summary_gm_mean": 718.6781616210938,
  "summary_gm_median": 715.6017456054688,
  "summary_gm_n": 185399.0,
  "summary_gm_p05": 632.3387573242187,
  "summary_gm_p95": 817.3804077148437,
  "summary_gm_stdv": 56.14030838012695,
  "summary_wm_k": 0.49709621759031286,
  "summary_wm_mad": 47.44236755371094,
  "summary_wm_mean": 1000.8715209960938,
  "summary_wm_median": 1000.008056640625,
  "summary_wm_n": 1076139.0,
  "summary_wm_p05": 921.3970886230469,
  "summary_wm_p95": 1082.7740600585937,
  "summary_wm_stdv": 49.37907028198242,
  "tpm_overlap_csf": 0.20085619390010834,
  "tpm_overlap_gm": 0.48844778537750244,
  "tpm_overlap_wm": 0.5539596080780029,
  "wm2max": 0.4217405279527228
}