{
  "bids_meta": {
    "AcquisitionDuration": 238.55128,
    "Columns": 512,
    "EchoTime": 0.00281,
    "EchoTrainLength": 1,
    "EffectiveEchoSpacing": 0,
    "FieldOfView": [
      240.03,
      240.03,
      180
    ],
    "FlipAngle": 11,
    "GEImageTypeRIMPCode": 0,
    "ImageType": "ORIGINAL/PRIMARY/OTHER",
    "ImagingFrequency": 127.765086,
    "InplanePhaseEncodingDirection": "ROW",
    "InversionTime": 0.45,
    "MRAcquisitionType": "3D",
    "MagneticFieldStrength": 3,
    "Manufacturer": "GE MEDICAL SYSTEMS",
    "ManufacturersModelName": "DISCOVERY MR750",
    "NumberOfAverages": 1,
    "NumberOfEPIShots": 0,
    "NumberOfEchoes": 1,
    "NumberOfSlices": 180,
    "ParallelImagingReductionFactors": [
      0.571429,
      1
    ],
    "PercentPhaseFieldOfView": 100,
    "PhaseEncodingDirection": "i",
    "PixelBandwidth": 122.07,
    "PixelSpacing": [
      0.4688,
      0.4688
    ],
    "ReceiveCoilName": "8HRBRAIN",
    "RepetitionTime": 0.0064,
    "Rows": 512,
    "SATFatWaterBone": 0,
    "ScanOptions": [
      "FAST_GEMS",
      "EDR_GEMS",
      "FILTERED_GEMS",
      "ACC_GEMS"
    ],
    "ScanningSequence": "GR",
    "SequenceVariant": [
      "SS",
      "SK"
    ],
    "SeriesDate": "18740401",
    "SeriesDescription": "Sag3D_T1_1mm3",
    "SeriesNumber": 2,
    "SeriesTime": "194554",
    "SliceThickness": 1,
    "SpacingBetweenSlices": 1,
    "StudyTime": "194416",
    "modality": "T1w",
    "session_id": "1",
    "subject_id": "9058"
  },
  "cjv": 0.3984540418889865,
  "cnr": 3.40451201079998,
  "efc": 0.6353728366935664,
  "fber": 176.18638610839844,
  "fwhm_avg": 6.055337014796522,
  "fwhm_x": 3.89692,
  "fwhm_y": 7.416296797071744,
  "fwhm_z": 6.8527942473178225,
  "icvs_csf": 0.19844199970630721,
  "icvs_gm": 0.4108412722191278,
  "icvs_wm": 0.390716728074565,
  "inu_med": 1.188684344291687,
  "inu_range": 0.4330016076564789,
  "provenance": {
    "md5sum": "99588f79b29772ad34d41a794cb4f678",
    "mriqc_pred": 0,
    "settings": {
      "testing": false
    },
    "software": "mriqc",
    "version": "0.9.6",
    "warnings": {
      "large_rot_frame": true,
      "small_air_mask": false
    }
  },
  "qi_1": 0.00015726472490207544,
  "qi_2": 0.000324614436807514,
  "rpve_csf": 29.363367972141955,
  "rpve_gm": 14.980881089325278,
  "rpve_wm": 18.71599451977798,
  "size_x": 180,
  "size_y": 512,
  "size_z": 512,
  "snr_csf": 3.7143405847258624,
  "snr_gm": 13.74747934366629,
  "snr_total": 12.702365150368665,
  "snr_wm": 20.645275522713845,
  "snrd_csf": 15.228111151066738,
  "snrd_gm": 34.013672090409315,
  "snrd_total": 31.614785854231332,
  "snrd_wm": 45.60257432121794,
  "spacing_x": 1.0,
  "spacing_y": 0.46880000829696655,
  "spacing_z": 0.46880000829696655,
  "summary_bg_k": 8.984322196492469,
  "summary_bg_mad": 14.366334915161133,
  "summary_bg_mean": 49.9925422668457,
  "summary_bg_median": 47.913116455078125,
  "summary_bg_n": 7504481.0,
  "summary_bg_p05": 27.548154830932617,
  "summary_bg_p95": 79.26258087158203,
  "summary_bg_stdv": 16.794147491455078,
  "summary_csf_k": 0.8626867638907574,
  "summary_csf_mad": 80.43465423583984,
  "summary_csf_mean": 350.4039306640625,
  "summary_csf_median": 333.9337463378906,
  "summary_csf_n": 116771.0,
  "summary_csf_p05": 228.10428619384766,
  "summary_csf_p95": 524.8414916992188,
  "summary_csf_stdv": 89.90352630615234,
  "summary_gm_k": 0.0011908921550531915,
  "summary_gm_mad": 54.222938537597656,
  "summary_gm_mean": 749.001708984375,
  "summary_gm_median": 745.8779907226562,
  "summary_gm_n": 174376.0,
  "summary_gm_p05": 664.9429779052734,
  "summary_gm_p95": 843.5568084716797,
  "summary_gm_stdv": 54.255462646484375,
  "summary_wm_k": 0.2206864272390039,
  "summary_wm_mad": 47.03633499145508,
  "summary_wm_mean": 1000.5360107421875,
  "summary_wm_median": 1000.0083618164062,
  "summary_wm_n": 1072923.0,
  "summary_wm_p05": 921.4165222167969,
  "summary_wm_p95": 1081.122998046875,
  "summary_wm_stdv": 48.43761444091797,
  "tpm_overlap_csf": 0.2284056544303894,
  "tpm_overlap_gm": 0.490446537733078,
  "tpm_overlap_wm": 0.5845693349838257,
  "wm2max": 0.4255557814473195
}