{
  "bids_meta": {
    "AcquisitionDuration": 393.113248,
    "Columns": 512,
    "EchoTime": 0.12834,
    "EchoTrainLength": 140,
    "EffectiveEchoSpacing": 0,
    "FieldOfView": [
      240.03,
      240.03,
      87.6
    ],
    "FlipAngle": 90,
    "GEImageTypeRIMPCode": 0,
    "ImageType": "ORIGINAL/PRIMARY/OTHER",
    "ImagingFrequency": 127.765144,
    "InplanePhaseEncodingDirection": "ROW",
    "InversionTime": 1.859,
    "MRAcquisitionType": "3D",
    "MagneticFieldStrength": 3,
    "Manufacturer": "GE MEDICAL SYSTEMS",
    "ManufacturersModelName": "DISCOVERY MR750",
    "NumberOfAverages": 1,
    "NumberOfEPIShots": 1,
    "NumberOfEchoes": 1,
    "NumberOfSlices": 146,
    "ParallelImagingReductionFactors": [
      0.5,
      0.5
    ],
    "PercentPhaseFieldOfView": 100,
    "PhaseEncodingDirection": "i",
    "PixelBandwidth": 122.07,
    "PixelSpacing": [
      0.4688,
      0.4688
    ],
    "ReceiveCoilName": "8HRBRAIN",
    "RepetitionTime": 6,
    "Rows": 512,
    "SATFatWaterBone": 0,
    "ScanOptions": [
      "EDR_GEMS",
      "FILTERED_GEMS",
      "ACC_GEMS"
    ],
    "ScanningSequence": [
      "SE",
      "IR"
    ],
    "SequenceVariant": "SK",
    "SeriesDate": "18730213",
    "SeriesDescription": "Sag CUBE T2 flair",
    "SeriesNumber": 11,
    "SeriesTime": "200932",
    "SliceThickness": 1.2,
    "SpacingBetweenSlices": 0.600002,
    "StudyTime": "185337",
    "modality": "T2w",
    "session_id": "1",
    "subject_id": "9037"
  },
  "cjv": 0.6977433720599086,
  "cnr": 0.8858441964364671,
  "efc": 0.6818041967367436,
  "fber": 169.4840850830078,
  "fwhm_avg": 5.572877834329702,
  "fwhm_x": 4.68646648044322,
  "fwhm_y": 6.413289135642394,
  "fwhm_z": 5.618877886903494,
  "icvs_csf": 0.42283678740404146,
  "icvs_gm": 0.45210237047780816,
  "icvs_wm": 0.12506084211815036,
  "inu_med": 1.0762357711791992,
  "inu_range": 0.6820475488901138,
  "provenance": {
    "md5sum": "3c072de10a24b63c7dd0742d729d1929",
    "settings": {
      "testing": false
    },
    "software": "mriqc",
    "version": "0.9.6",
    "warnings": {
      "large_rot_frame": true,
      "small_air_mask": false
    }
  },
  "qi_1": 0.0,
  "qi_2": 0.0006110346010541662,
  "rpve_csf": 11.530478630094757,
  "rpve_gm": 10.345086076695662,
  "rpve_wm": 33.79466588180665,
  "size_x": 292,
  "size_y": 512,
  "size_z": 512,
  "snr_csf": 15.323232929225108,
  "snr_gm": 14.965351580638734,
  "snr_total": 10.474749928173386,
  "snr_wm": 1.135665274656315,
  "snrd_csf": 34.346842848738866,
  "snrd_gm": 27.321286342465616,
  "snrd_total": 25.647562581194162,
  "snrd_wm": 15.274558552377998,
  "spacing_x": 0.6000000238418579,
  "spacing_y": 0.46880000829696655,
  "spacing_z": 0.46880000829696655,
  "summary_bg_k": 6.483010454662621,
  "summary_bg_mad": 42.84492111206055,
  "summary_bg_mean": 102.59639739990234,
  "summary_bg_median": 91.70069885253906,
  "summary_bg_n": 13850049.0,
  "summary_bg_p05": 37.96707534790039,
  "summary_bg_p95": 204.24370727539062,
  "summary_bg_stdv": 54.95146942138672,
  "summary_csf_k": 0.3007404155729998,
  "summary_csf_mad": 144.3365478515625,
  "summary_csf_mean": 2254.55517578125,
  "summary_csf_median": 2246.231201171875,
  "summary_csf_n": 1008051.0,
  "summary_csf_p05": 2030.2507934570312,
  "summary_csf_p95": 2506.99609375,
  "summary_csf_stdv": 146.58982849121094,
  "summary_gm_k": 0.06630372715154298,
  "summary_gm_mad": 118.32131958007812,
  "summary_gm_mean": 1793.8612060546875,
  "summary_gm_median": 1786.7705078125,
  "summary_gm_n": 524928.0,
  "summary_gm_p05": 1609.5554565429688,
  "summary_gm_p95": 2002.2143127441407,
  "summary_gm_stdv": 119.39370727539062,
  "summary_wm_k": 5.493878854268511,
  "summary_wm_mad": 431.3871765136719,
  "summary_wm_mean": 1142.8929443359375,
  "summary_wm_median": 998.932861328125,
  "summary_wm_n": 139322.0,
  "summary_wm_p05": 258.7006561279297,
  "summary_wm_p95": 3281.2141845703086,
  "summary_wm_stdv": 879.5983276367188,
  "tpm_overlap_csf": 0.1015399619936943,
  "tpm_overlap_gm": 0.32399219274520874,
  "tpm_overlap_wm": 0.09108962118625641,
  "wm2max": 0.2228522856264521
}