{
  "bids_meta": {
    "AcquisitionDuration": 238.55128,
    "Columns": 512,
    "EchoTime": 0.00281,
    "EchoTrainLength": 1,
    "EffectiveEchoSpacing": 0,
    "FieldOfView": [
      240.03,
      240.03,
      180
    ],
    "FlipAngle": 11,
    "GEImageTypeRIMPCode": 0,
    "ImageType": "ORIGINAL/PRIMARY/OTHER",
    "ImagingFrequency": 127.765081,
    "InplanePhaseEncodingDirection": "ROW",
    "InversionTime": 0.45,
    "MRAcquisitionType": "3D",
    "MagneticFieldStrength": 3,
    "Manufacturer": "GE MEDICAL SYSTEMS",
    "ManufacturersModelName": "DISCOVERY MR750",
    "NumberOfAverages": 1,
    "NumberOfEPIShots": 0,
    "NumberOfEchoes": 1,
    "NumberOfSlices": 180,
    "ParallelImagingReductionFactors": [
      0.571429,
      1
    ],
    "PercentPhaseFieldOfView": 100,
    "PhaseEncodingDirection": "i",
    "PixelBandwidth": 122.07,
    "PixelSpacing": [
      0.4688,
      0.4688
    ],
    "ReceiveCoilName": "8HRBRAIN",
    "RepetitionTime": 0.0064,
    "Rows": 512,
    "SATFatWaterBone": 0,
    "ScanOptions": [
      "FAST_GEMS",
      "EDR_GEMS",
      "FILTERED_GEMS",
      "ACC_GEMS"
    ],
    "ScanningSequence": "GR",
    "SequenceVariant": [
      "SS",
      "SK"
    ],
    "SeriesDate": "18740506",
    "SeriesDescription": "Sag3D_T1_1mm3",
    "SeriesNumber": 2,
    "SeriesTime": "200110",
    "SliceThickness": 1,
    "SpacingBetweenSlices": 1,
    "StudyTime": "195805",
    "modality": "T1w",
    "session_id": "2",
    "subject_id": "9045"
  },
  "cjv": 0.4026569063081665,
  "cnr": 3.3585933640837844,
  "efc": 0.6362617356898006,
  "fber": 177.80140686035156,
  "fwhm_avg": 5.915427243951033,
  "fwhm_x": 3.75234,
  "fwhm_y": 7.3598121564332,
  "fwhm_z": 6.634129575419899,
  "icvs_csf": 0.20715901080594445,
  "icvs_gm": 0.413024423599359,
  "icvs_wm": 0.37981656559469656,
  "inu_med": 1.2429128885269165,
  "inu_range": 0.39314708709716784,
  "provenance": {
    "md5sum": "0da5243d7f811b27591a646a5d8920f4",
    "mriqc_pred": 0,
    "settings": {
      "testing": false
    },
    "software": "mriqc",
    "version": "0.9.6",
    "warnings": {
      "large_rot_frame": true,
      "small_air_mask": false
    }
  },
  "qi_1": 2.1539547794425694e-05,
  "qi_2": 0.0002846279265864863,
  "rpve_csf": 32.138862197390374,
  "rpve_gm": 16.723151358529844,
  "rpve_wm": 21.326399211132923,
  "size_x": 180,
  "size_y": 512,
  "size_z": 512,
  "snr_csf": 3.7075697358843884,
  "snr_gm": 13.643679614207704,
  "snr_total": 11.29467504906517,
  "snr_wm": 16.532775797103415,
  "snrd_csf": 16.36180332362801,
  "snrd_gm": 34.38975188534775,
  "snrd_total": 32.74975392314765,
  "snrd_wm": 47.49770656046719,
  "spacing_x": 1.0,
  "spacing_y": 0.46880000829696655,
  "spacing_z": 0.46880000829696655,
  "summary_bg_k": 6.681157434608663,
  "summary_bg_mad": 13.7930326461792,
  "summary_bg_mean": 49.39291000366211,
  "summary_bg_median": 47.19804382324219,
  "summary_bg_n": 8727622.0,
  "summary_bg_p05": 27.683975887298583,
  "summary_bg_p95": 78.23789024353025,
  "summary_bg_stdv": 16.643877029418945,
  "summary_csf_k": -0.35537947857881935,
  "summary_csf_mad": 95.11173248291016,
  "summary_csf_mean": 357.6278381347656,
  "summary_csf_median": 344.4761962890625,
  "summary_csf_n": 107161.0,
  "summary_csf_p05": 223.08489990234375,
  "summary_csf_p95": 521.6751098632812,
  "summary_csf_stdv": 92.9111557006836,
  "summary_gm_k": -0.06304342924609996,
  "summary_gm_mad": 53.36137390136719,
  "summary_gm_mean": 723.6604614257812,
  "summary_gm_median": 724.0308837890625,
  "summary_gm_n": 124129.0,
  "summary_gm_p05": 635.0567138671875,
  "summary_gm_p95": 810.0688720703124,
  "summary_gm_stdv": 53.06691360473633,
  "summary_wm_k": 0.4564407895079765,
  "summary_wm_mad": 57.760135650634766,
  "summary_wm_mean": 1003.7770385742188,
  "summary_wm_median": 1000.0015869140625,
  "summary_wm_n": 814889.0,
  "summary_wm_p05": 911.1986450195312,
  "summary_wm_p95": 1110.123876953125,
  "summary_wm_stdv": 60.48596954345703,
  "tpm_overlap_csf": 0.20860375463962555,
  "tpm_overlap_gm": 0.4743076264858246,
  "tpm_overlap_wm": 0.5427823662757874,
  "wm2max": 0.4495394150946906
}