{
  "bids_meta": {
    "AcquisitionDuration": 238.55128,
    "Columns": 512,
    "EchoTime": 0.00281,
    "EchoTrainLength": 1,
    "EffectiveEchoSpacing": 0,
    "FieldOfView": [
      240.03,
      240.03,
      180
    ],
    "FlipAngle": 11,
    "GEImageTypeRIMPCode": 0,
    "ImageType": "ORIGINAL/PRIMARY/OTHER",
    "ImagingFrequency": 127.765095,
    "InplanePhaseEncodingDirection": "ROW",
    "InversionTime": 0.45,
    "MRAcquisitionType": "3D",
    "MagneticFieldStrength": 3,
    "Manufacturer": "GE MEDICAL SYSTEMS",
    "ManufacturersModelName": "DISCOVERY MR750",
    "NumberOfAverages": 1,
    "NumberOfEPIShots": 0,
    "NumberOfEchoes": 1,
    "NumberOfSlices": 180,
    "ParallelImagingReductionFactors": [
      0.571429,
      1
    ],
    "PercentPhaseFieldOfView": 100,
    "PhaseEncodingDirection": "i",
    "PixelBandwidth": 122.07,
    "PixelSpacing": [
      0.4688,
      0.4688
    ],
    "ReceiveCoilName": "8HRBRAIN",
    "RepetitionTime": 0.0064,
    "Rows": 512,
    "SATFatWaterBone": 0,
    "ScanOptions": [
      "FAST_GEMS",
      "EDR_GEMS",
      "FILTERED_GEMS",
      "ACC_GEMS"
    ],
    "ScanningSequence": "GR",
    "SequenceVariant": [
      "SS",
      "SK"
    ],
    "SeriesDate": "18740312",
    "SeriesDescription": "Sag3D_T1_1mm3",
    "SeriesNumber": 2,
    "SeriesTime": "195328",
    "SliceThickness": 1,
    "SpacingBetweenSlices": 1,
    "StudyTime": "195137",
    "modality": "T1w",
    "session_id": "2",
    "subject_id": "9098"
  },
  "cjv": 0.434452178055756,
  "cnr": 3.0950426556812953,
  "efc": 0.6308965372910659,
  "fber": 168.591552734375,
  "fwhm_avg": 5.878366914676487,
  "fwhm_x": 3.75063,
  "fwhm_y": 7.146629566349517,
  "fwhm_z": 6.737841177679943,
  "icvs_csf": 0.2159521636439861,
  "icvs_gm": 0.39795091740248845,
  "icvs_wm": 0.38609691895352544,
  "inu_med": 1.2660282850265503,
  "inu_range": 0.4664679765701294,
  "provenance": {
    "md5sum": "151970dd74f4f171d78bebd490bb7d1f",
    "mriqc_pred": 0,
    "settings": {
      "testing": false
    },
    "software": "mriqc",
    "version": "0.9.6",
    "warnings": {
      "large_rot_frame": true,
      "small_air_mask": false
    }
  },
  "qi_1": 0.0,
  "qi_2": 0.0003578756650799756,
  "rpve_csf": 28.319435407721823,
  "rpve_gm": 15.384014942616862,
  "rpve_wm": 18.889787383093754,
  "size_x": 180,
  "size_y": 512,
  "size_z": 512,
  "snr_csf": 3.742972707219934,
  "snr_gm": 13.31314494870352,
  "snr_total": 11.858305563151577,
  "snr_wm": 18.518799033531277,
  "snrd_csf": 14.861402254126594,
  "snrd_gm": 32.988522565175934,
  "snrd_total": 30.5630475143395,
  "snrd_wm": 43.839217723715976,
  "spacing_x": 1.0,
  "spacing_y": 0.46880000829696655,
  "spacing_z": 0.46880000829696655,
  "summary_bg_k": 4.600269943354057,
  "summary_bg_mad": 14.94440746307373,
  "summary_bg_mean": 52.35845947265625,
  "summary_bg_median": 50.10127639770508,
  "summary_bg_n": 9476034.0,
  "summary_bg_p05": 29.576653575897218,
  "summary_bg_p95": 83.0373565673828,
  "summary_bg_stdv": 16.86990737915039,
  "summary_csf_k": 0.1159720302561329,
  "summary_csf_mad": 79.91973876953125,
  "summary_csf_mean": 354.6772155761719,
  "summary_csf_median": 339.0055236816406,
  "summary_csf_n": 159918.0,
  "summary_csf_p05": 229.16850357055665,
  "summary_csf_p95": 529.3029724121094,
  "summary_csf_stdv": 90.57091522216797,
  "summary_gm_k": 0.138922426846523,
  "summary_gm_mad": 55.0671272277832,
  "summary_gm_mean": 755.3314819335938,
  "summary_gm_median": 752.5057983398438,
  "summary_gm_n": 141648.0,
  "summary_gm_p05": 666.9013031005859,
  "summary_gm_p95": 853.0683959960938,
  "summary_gm_stdv": 56.523319244384766,
  "summary_wm_k": 0.3361420857878743,
  "summary_wm_mad": 52.4670524597168,
  "summary_wm_mean": 1002.022705078125,
  "summary_wm_median": 1000.0225219726562,
  "summary_wm_n": 958369.0,
  "summary_wm_p05": 916.8180541992188,
  "summary_wm_p95": 1093.897021484375,
  "summary_wm_stdv": 54.000370025634766,
  "tpm_overlap_csf": 0.20430736243724823,
  "tpm_overlap_gm": 0.45196589827537537,
  "tpm_overlap_wm": 0.5293782949447632,
  "wm2max": 0.40619192411701704
}