{
  "bids_meta": {
    "AcquisitionDuration": 238.55128,
    "Columns": 512,
    "EchoTime": 0.00281,
    "EchoTrainLength": 1,
    "EffectiveEchoSpacing": 0,
    "FieldOfView": [
      240.03,
      240.03,
      180
    ],
    "FlipAngle": 11,
    "GEImageTypeRIMPCode": 0,
    "ImageType": "ORIGINAL/PRIMARY/OTHER",
    "ImagingFrequency": 127.765111,
    "InplanePhaseEncodingDirection": "ROW",
    "InversionTime": 0.45,
    "MRAcquisitionType": "3D",
    "MagneticFieldStrength": 3,
    "Manufacturer": "GE MEDICAL SYSTEMS",
    "ManufacturersModelName": "DISCOVERY MR750",
    "NumberOfAverages": 1,
    "NumberOfEPIShots": 0,
    "NumberOfEchoes": 1,
    "NumberOfSlices": 180,
    "ParallelImagingReductionFactors": [
      0.571429,
      1
    ],
    "PercentPhaseFieldOfView": 100,
    "PhaseEncodingDirection": "i",
    "PixelBandwidth": 122.07,
    "PixelSpacing": [
      0.4688,
      0.4688
    ],
    "ReceiveCoilName": "8HRBRAIN",
    "RepetitionTime": 0.0064,
    "Rows": 512,
    "SATFatWaterBone": 0,
    "ScanOptions": [
      "FAST_GEMS",
      "EDR_GEMS",
      "FILTERED_GEMS",
      "ACC_GEMS"
    ],
    "ScanningSequence": "GR",
    "SequenceVariant": [
      "SS",
      "SK"
    ],
    "SeriesDate": "18740413",
    "SeriesDescription": "Sag3D_T1_1mm3",
    "SeriesNumber": 2,
    "SeriesTime": "200507",
    "SliceThickness": 1,
    "SpacingBetweenSlices": 1,
    "StudyTime": "200346",
    "modality": "T1w",
    "session_id": "2",
    "subject_id": "9036"
  },
  "cjv": 0.4743718897379864,
  "cnr": 2.908994456427938,
  "efc": 0.6568042176023633,
  "fber": 97.0060043334961,
  "fwhm_avg": 5.522618966190003,
  "fwhm_x": 3.31598,
  "fwhm_y": 6.903690150853912,
  "fwhm_z": 6.348186747716099,
  "icvs_csf": 0.21211716444745948,
  "icvs_gm": 0.41097519299578944,
  "icvs_wm": 0.3769076425567511,
  "inu_med": 1.2982240915298462,
  "inu_range": 0.42179226875305176,
  "provenance": {
    "md5sum": "8443910af9791569ca231e4faac13664",
    "mriqc_pred": 0,
    "settings": {
      "testing": false
    },
    "software": "mriqc",
    "version": "0.9.6",
    "warnings": {
      "large_rot_frame": true,
      "small_air_mask": false
    }
  },
  "qi_1": 4.437628739770018e-06,
  "qi_2": 0.00032217377930104663,
  "rpve_csf": 24.07034297858293,
  "rpve_gm": 12.62373100398393,
  "rpve_wm": 16.1383801889122,
  "size_x": 180,
  "size_y": 512,
  "size_z": 512,
  "snr_csf": 3.330241205613028,
  "snr_gm": 12.332467693771395,
  "snr_total": 10.029571221378847,
  "snr_wm": 14.426004764752115,
  "snrd_csf": 12.061594992059064,
  "snrd_gm": 25.96356272982522,
  "snrd_total": 24.563635804043866,
  "snrd_wm": 35.66574969024731,
  "spacing_x": 1.0,
  "spacing_y": 0.46880000829696655,
  "spacing_z": 0.46880000829696655,
  "summary_bg_k": 74.96034663606478,
  "summary_bg_mad": 18.369050979614258,
  "summary_bg_mean": 64.55215454101562,
  "summary_bg_median": 62.25633239746094,
  "summary_bg_n": 8401954.0,
  "summary_bg_p05": 35.957525634765624,
  "summary_bg_p95": 100.48644676208492,
  "summary_bg_stdv": 21.338136672973633,
  "summary_csf_k": -0.06248209233502644,
  "summary_csf_mad": 106.65815734863281,
  "summary_csf_mean": 341.9483947753906,
  "summary_csf_median": 338.189208984375,
  "summary_csf_n": 130192.0,
  "summary_csf_p05": 181.86125411987302,
  "summary_csf_p95": 512.352426147461,
  "summary_csf_stdv": 101.55057525634766,
  "summary_gm_k": 0.043586427162212615,
  "summary_gm_mad": 58.289642333984375,
  "summary_gm_mean": 727.9205322265625,
  "summary_gm_median": 727.979736328125,
  "summary_gm_n": 150644.0,
  "summary_gm_p05": 630.548129272461,
  "summary_gm_p95": 825.0033752441407,
  "summary_gm_stdv": 59.02933120727539,
  "summary_wm_k": -0.0649948604786359,
  "summary_wm_mad": 70.75607299804688,
  "summary_wm_mean": 1002.3217163085938,
  "summary_wm_median": 1000.0146484375,
  "summary_wm_n": 1040439.0,
  "summary_wm_p05": 892.9114807128906,
  "summary_wm_p95": 1119.9659545898437,
  "summary_wm_stdv": 69.32024383544922,
  "tpm_overlap_csf": 0.19934146106243134,
  "tpm_overlap_gm": 0.4704607129096985,
  "tpm_overlap_wm": 0.5439878106117249,
  "wm2max": 0.3830635747784763
}