{
  "bids_meta": {
    "AcquisitionDuration": 393.107488,
    "Columns": 512,
    "EchoTime": 0.12766,
    "EchoTrainLength": 140,
    "EffectiveEchoSpacing": 0,
    "FieldOfView": [
      240.03,
      240.03,
      87.6
    ],
    "FlipAngle": 90,
    "GEImageTypeRIMPCode": 0,
    "ImageType": "ORIGINAL/PRIMARY/OTHER",
    "ImagingFrequency": 127.765254,
    "InplanePhaseEncodingDirection": "ROW",
    "InversionTime": 1.86,
    "MRAcquisitionType": "3D",
    "MagneticFieldStrength": 3,
    "Manufacturer": "GE MEDICAL SYSTEMS",
    "ManufacturersModelName": "DISCOVERY MR750",
    "NumberOfAverages": 1,
    "NumberOfEPIShots": 1,
    "NumberOfEchoes": 1,
    "NumberOfSlices": 146,
    "ParallelImagingReductionFactors": [
      0.5,
      0.5
    ],
    "PercentPhaseFieldOfView": 100,
    "PhaseEncodingDirection": "i",
    "PixelBandwidth": 122.07,
    "PixelSpacing": [
      0.4688,
      0.4688
    ],
    "ReceiveCoilName": "8HRBRAIN",
    "RepetitionTime": 6,
    "Rows": 512,
    "SATFatWaterBone": 0,
    "ScanOptions": [
      "EDR_GEMS",
      "FILTERED_GEMS",
      "ACC_GEMS"
    ],
    "ScanningSequence": [
      "SE",
      "IR"
    ],
    "SequenceVariant": "SK",
    "SeriesDate": "18730311",
    "SeriesDescription": "Sag CUBE T2 flair",
    "SeriesNumber": 11,
    "SeriesTime": "214542",
    "SliceThickness": 1.2,
    "SpacingBetweenSlices": 0.600002,
    "StudyTime": "203354",
    "modality": "T2w",
    "session_id": "1",
    "subject_id": "9007"
  },
  "cjv": 0.6954128855365549,
  "cnr": 2.2404270402249273,
  "efc": 0.660548917543348,
  "fber": 211.88577270507812,
  "fwhm_avg": 5.015809624763119,
  "fwhm_x": 4.409033158134097,
  "fwhm_y": 5.562926522706025,
  "fwhm_z": 5.075469193449235,
  "icvs_csf": 0.4491224124295452,
  "icvs_gm": 0.43076326200555903,
  "icvs_wm": 0.12011432556489575,
  "inu_med": 1.082729458808899,
  "inu_range": 0.6189289093017578,
  "provenance": {
    "md5sum": "33a6217937426c2ff9f82c7cc5ca2d5e",
    "settings": {
      "testing": false
    },
    "software": "mriqc",
    "version": "0.9.6",
    "warnings": {
      "large_rot_frame": true,
      "small_air_mask": false
    }
  },
  "qi_1": 0.0,
  "qi_2": 0.0007496776193993034,
  "rpve_csf": 11.530625557406745,
  "rpve_gm": 11.28872228010959,
  "rpve_wm": 36.03035907998887,
  "size_x": 292,
  "size_y": 512,
  "size_z": 512,
  "snr_csf": 13.697484719818995,
  "snr_gm": 14.580354155400137,
  "snr_total": 10.13590489791927,
  "snr_wm": 2.12987581853868,
  "snrd_csf": 42.23472525565685,
  "snrd_gm": 32.60661279996327,
  "snrd_total": 30.106099774882903,
  "snrd_wm": 15.476961269028582,
  "spacing_x": 0.6000000238418579,
  "spacing_y": 0.46880000829696655,
  "spacing_z": 0.46880000829696655,
  "summary_bg_k": 6.073578834120124,
  "summary_bg_mad": 42.23853302001953,
  "summary_bg_mean": 116.42427825927734,
  "summary_bg_median": 106.87419891357422,
  "summary_bg_n": 15209017.0,
  "summary_bg_p05": 52.51273498535157,
  "summary_bg_p95": 213.37020263671872,
  "summary_bg_stdv": 52.08297348022461,
  "summary_csf_k": 0.2989872546358545,
  "summary_csf_mad": 194.57164001464844,
  "summary_csf_mean": 2739.63330078125,
  "summary_csf_median": 2722.99462890625,
  "summary_csf_n": 1250181.0,
  "summary_csf_p05": 2443.578857421875,
  "summary_csf_p95": 3093.91357421875,
  "summary_csf_stdv": 198.79515075683594,
  "summary_gm_k": 0.05045556048662547,
  "summary_gm_mad": 145.0733184814453,
  "summary_gm_mean": 2111.175537109375,
  "summary_gm_median": 2102.242431640625,
  "summary_gm_n": 621715.0,
  "summary_gm_p05": 1890.3064208984374,
  "summary_gm_p95": 2362.22255859375,
  "summary_gm_stdv": 144.18310546875,
  "summary_wm_k": -0.9935536438434811,
  "summary_wm_mad": 622.9393310546875,
  "summary_wm_mean": 986.4053344726562,
  "summary_wm_median": 997.8443603515625,
  "summary_wm_n": 117831.0,
  "summary_wm_p05": 247.12316131591797,
  "summary_wm_p95": 1632.55859375,
  "summary_wm_stdv": 468.4968566894531,
  "tpm_overlap_csf": 0.1001695767045021,
  "tpm_overlap_gm": 0.2991841733455658,
  "tpm_overlap_wm": 0.09642834961414337,
  "wm2max": 0.19780443469446757
}