{
  "bids_meta": {
    "AcquisitionDuration": 238.444688,
    "Columns": 512,
    "EchoTime": 0.00281,
    "EchoTrainLength": 1,
    "EffectiveEchoSpacing": 0,
    "FieldOfView": [
      240.03,
      240.03,
      180
    ],
    "FlipAngle": 11,
    "GEImageTypeRIMPCode": 0,
    "ImageType": "ORIGINAL/PRIMARY/OTHER",
    "ImagingFrequency": 127.765254,
    "InplanePhaseEncodingDirection": "ROW",
    "InversionTime": 0.45,
    "MRAcquisitionType": "3D",
    "MagneticFieldStrength": 3,
    "Manufacturer": "GE MEDICAL SYSTEMS",
    "ManufacturersModelName": "DISCOVERY MR750",
    "NumberOfAverages": 1,
    "NumberOfEPIShots": 0,
    "NumberOfEchoes": 1,
    "NumberOfSlices": 180,
    "ParallelImagingReductionFactors": [
      0.571429,
      1
    ],
    "PercentPhaseFieldOfView": 100,
    "PhaseEncodingDirection": "i",
    "PixelBandwidth": 122.07,
    "PixelSpacing": [
      0.4688,
      0.4688
    ],
    "ReceiveCoilName": "8HRBRAIN",
    "RepetitionTime": 0.0064,
    "Rows": 512,
    "SATFatWaterBone": 0,
    "ScanOptions": [
      "FAST_GEMS",
      "EDR_GEMS",
      "FILTERED_GEMS",
      "ACC_GEMS"
    ],
    "ScanningSequence": "GR",
    "SequenceVariant": [
      "SS",
      "SK"
    ],
    "SeriesDate": "18730221",
    "SeriesDescription": "Sag3D_T1_1mm3",
    "SeriesNumber": 2,
    "SeriesTime": "210148",
    "SliceThickness": 1,
    "SpacingBetweenSlices": 1,
    "StudyTime": "210022",
    "modality": "T1w",
    "session_id": "1",
    "subject_id": "9078"
  },
  "cjv": 0.3613920836931885,
  "cnr": 3.5966364130777695,
  "efc": 0.6340629776944753,
  "fber": 125.75370025634766,
  "fwhm_avg": 6.325637283676019,
  "fwhm_x": 4.003,
  "fwhm_y": 7.798975971186342,
  "fwhm_z": 7.174935879841717,
  "icvs_csf": 0.2054170799637149,
  "icvs_gm": 0.42244460545250057,
  "icvs_wm": 0.37213831458378455,
  "inu_med": 1.3030753135681152,
  "inu_range": 0.4991556584835053,
  "provenance": {
    "md5sum": "a949abd0179b614b564689b7d9b77ea2",
    "mriqc_pred": 0,
    "settings": {
      "testing": false
    },
    "software": "mriqc",
    "version": "0.9.6",
    "warnings": {
      "large_rot_frame": true,
      "small_air_mask": false
    }
  },
  "qi_1": 0.0,
  "qi_2": 0.00046852490809028597,
  "rpve_csf": 22.3839707548684,
  "rpve_gm": 11.70289545814745,
  "rpve_wm": 15.82750696395311,
  "size_x": 180,
  "size_y": 512,
  "size_z": 512,
  "snr_csf": 3.77221901111809,
  "snr_gm": 12.77341328602246,
  "snr_total": 11.660106662567685,
  "snr_wm": 18.434687690562505,
  "snrd_csf": 13.958268134836612,
  "snrd_gm": 24.529575697773183,
  "snrd_total": 24.403632085178405,
  "snrd_wm": 34.72305242292542,
  "spacing_x": 1.0,
  "spacing_y": 0.46880000829696655,
  "spacing_z": 0.46880000829696655,
  "summary_bg_k": 5.9988988303522355,
  "summary_bg_mad": 18.86761474609375,
  "summary_bg_mean": 62.72676086425781,
  "summary_bg_median": 57.89619064331055,
  "summary_bg_n": 9163554.0,
  "summary_bg_p05": 32.431528663635255,
  "summary_bg_p95": 110.65761337280273,
  "summary_bg_stdv": 25.709182739257812,
  "summary_csf_k": 0.34455994041766447,
  "summary_csf_mad": 119.6512680053711,
  "summary_csf_mean": 395.98284912109375,
  "summary_csf_median": 401.991455078125,
  "summary_csf_n": 161684.0,
  "summary_csf_p05": 219.8140777587891,
  "summary_csf_p95": 558.554803466797,
  "summary_csf_stdv": 106.56597900390625,
  "summary_gm_k": 0.21006263042833506,
  "summary_gm_mad": 53.918888092041016,
  "summary_gm_mean": 709.7056274414062,
  "summary_gm_median": 706.4400634765625,
  "summary_gm_n": 225682.0,
  "summary_gm_p05": 624.2935913085937,
  "summary_gm_p95": 806.3706024169921,
  "summary_gm_stdv": 55.305381774902344,
  "summary_wm_k": 0.3156234902620185,
  "summary_wm_mad": 52.17399597167969,
  "summary_wm_mean": 999.6326904296875,
  "summary_wm_median": 1000.00732421875,
  "summary_wm_n": 1217332.0,
  "summary_wm_p05": 909.3394897460937,
  "summary_wm_p95": 1088.0937561035157,
  "summary_wm_stdv": 54.24593734741211,
  "tpm_overlap_csf": 0.2035081535577774,
  "tpm_overlap_gm": 0.4984450936317444,
  "tpm_overlap_wm": 0.5495564937591553,
  "wm2max": 0.3903088937672666
}