{
  "bids_meta": {
    "AcquisitionDuration": 238.55128,
    "Columns": 512,
    "EchoTime": 0.00281,
    "EchoTrainLength": 1,
    "EffectiveEchoSpacing": 0,
    "FieldOfView": [
      240.03,
      240.03,
      180
    ],
    "FlipAngle": 11,
    "GEImageTypeRIMPCode": 0,
    "ImageType": "ORIGINAL/PRIMARY/OTHER",
    "ImagingFrequency": 127.765132,
    "InplanePhaseEncodingDirection": "ROW",
    "InversionTime": 0.45,
    "MRAcquisitionType": "3D",
    "MagneticFieldStrength": 3,
    "Manufacturer": "GE MEDICAL SYSTEMS",
    "ManufacturersModelName": "DISCOVERY MR750",
    "NumberOfAverages": 1,
    "NumberOfEPIShots": 0,
    "NumberOfEchoes": 1,
    "NumberOfSlices": 180,
    "ParallelImagingReductionFactors": [
      0.571429,
      1
    ],
    "PercentPhaseFieldOfView": 100,
    "PhaseEncodingDirection": "i",
    "PixelBandwidth": 122.07,
    "PixelSpacing": [
      0.4688,
      0.4688
    ],
    "ReceiveCoilName": "8HRBRAIN",
    "RepetitionTime": 0.0064,
    "Rows": 512,
    "SATFatWaterBone": 0,
    "ScanOptions": [
      "FAST_GEMS",
      "EDR_GEMS",
      "FILTERED_GEMS",
      "ACC_GEMS"
    ],
    "ScanningSequence": "GR",
    "SequenceVariant": [
      "SS",
      "SK"
    ],
    "SeriesDate": "18740503",
    "SeriesDescription": "Sag3D_T1_1mm3",
    "SeriesNumber": 2,
    "SeriesTime": "181429",
    "SliceThickness": 1,
    "SpacingBetweenSlices": 1,
    "StudyTime": "181249",
    "modality": "T1w",
    "session_id": "1",
    "subject_id": "9023"
  },
  "cjv": 0.4447214997162763,
  "cnr": 3.0874858414093853,
  "efc": 0.6624817792125046,
  "fber": 168.8158721923828,
  "fwhm_avg": 6.356936896108098,
  "fwhm_x": 3.96727,
  "fwhm_y": 7.843856516467118,
  "fwhm_z": 7.259684171857174,
  "icvs_csf": 0.204300695253738,
  "icvs_gm": 0.3906275105806479,
  "icvs_wm": 0.4050717941656141,
  "inu_med": 1.1960864067077637,
  "inu_range": 0.6362095057964325,
  "provenance": {
    "md5sum": "f3b371f932af25663b1caa05a2e6ee5b",
    "mriqc_pred": 0,
    "settings": {
      "testing": false
    },
    "software": "mriqc",
    "version": "0.9.6",
    "warnings": {
      "large_rot_frame": true,
      "small_air_mask": false
    }
  },
  "qi_1": 0.0,
  "qi_2": 0.0003512150549143256,
  "rpve_csf": 22.547602249902656,
  "rpve_gm": 11.909364346272437,
  "rpve_wm": 13.736741382309932,
  "size_x": 180,
  "size_y": 512,
  "size_z": 512,
  "snr_csf": 3.805502628128739,
  "snr_gm": 13.69051441736605,
  "snr_total": 11.452646713664356,
  "snr_wm": 16.861923095498277,
  "snrd_csf": 14.121134248193206,
  "snrd_gm": 33.11382985888607,
  "snrd_total": 30.535894365836686,
  "snrd_wm": 44.37271899043079,
  "spacing_x": 1.0,
  "spacing_y": 0.46880000829696655,
  "spacing_z": 0.46880000829696655,
  "summary_bg_k": 1.5378714773148738,
  "summary_bg_mad": 14.76449203491211,
  "summary_bg_mean": 50.595191955566406,
  "summary_bg_median": 48.65625762939453,
  "summary_bg_n": 9260226.0,
  "summary_bg_p05": 28.00593900680542,
  "summary_bg_p95": 80.09912490844727,
  "summary_bg_stdv": 16.29184913635254,
  "summary_csf_k": 24.402766832178862,
  "summary_csf_mad": 64.85905456542969,
  "summary_csf_mean": 329.3627014160156,
  "summary_csf_median": 318.2411804199219,
  "summary_csf_n": 207176.0,
  "summary_csf_p05": 216.39176177978516,
  "summary_csf_p95": 486.35997772216797,
  "summary_csf_stdv": 83.62638092041016,
  "summary_gm_k": 0.20557024342424324,
  "summary_gm_mad": 53.37232208251953,
  "summary_gm_mean": 747.651611328125,
  "summary_gm_median": 746.2703857421875,
  "summary_gm_n": 162536.0,
  "summary_gm_p05": 660.6682586669922,
  "summary_gm_p95": 839.1288452148438,
  "summary_gm_stdv": 54.509864807128906,
  "summary_wm_k": -0.007364663929845694,
  "summary_wm_mad": 59.46959686279297,
  "summary_wm_mean": 1001.388916015625,
  "summary_wm_median": 1000.0065307617188,
  "summary_wm_n": 1252133.0,
  "summary_wm_p05": 906.152099609375,
  "summary_wm_p95": 1101.1385986328125,
  "summary_wm_stdv": 59.305580139160156,
  "tpm_overlap_csf": 0.20994378626346588,
  "tpm_overlap_gm": 0.45816266536712646,
  "tpm_overlap_wm": 0.5397505760192871,
  "wm2max": 0.4728326543167435
}