{
  "bids_meta": {
    "AcquisitionDuration": 393.0992,
    "Columns": 512,
    "EchoTime": 0.12652,
    "EchoTrainLength": 140,
    "EffectiveEchoSpacing": 0,
    "FieldOfView": [
      240.03,
      240.03,
      87.6
    ],
    "FlipAngle": 90,
    "GEImageTypeRIMPCode": 0,
    "ImageType": "ORIGINAL/PRIMARY/OTHER",
    "ImagingFrequency": 127.765141,
    "InplanePhaseEncodingDirection": "ROW",
    "InversionTime": 1.863,
    "MRAcquisitionType": "3D",
    "MagneticFieldStrength": 3,
    "Manufacturer": "GE MEDICAL SYSTEMS",
    "ManufacturersModelName": "DISCOVERY MR750",
    "NumberOfAverages": 1,
    "NumberOfEPIShots": 1,
    "NumberOfEchoes": 1,
    "NumberOfSlices": 146,
    "ParallelImagingReductionFactors": [
      0.5,
      0.5
    ],
    "PercentPhaseFieldOfView": 100,
    "PhaseEncodingDirection": "i",
    "PixelBandwidth": 122.07,
    "PixelSpacing": [
      0.4688,
      0.4688
    ],
    "ReceiveCoilName": "8HRBRAIN",
    "RepetitionTime": 6,
    "Rows": 512,
    "SATFatWaterBone": 0,
    "ScanOptions": [
      "EDR_GEMS",
      "FILTERED_GEMS",
      "ACC_GEMS"
    ],
    "ScanningSequence": [
      "SE",
      "IR"
    ],
    "SequenceVariant": "SK",
    "SeriesDate": "18740413",
    "SeriesDescription": "Sag CUBE T2 flair",
    "SeriesNumber": 4,
    "SeriesTime": "210808",
    "SliceThickness": 1.2,
    "SpacingBetweenSlices": 0.600002,
    "StudyTime": "205821",
    "modality": "T2w",
    "session_id": "1",
    "subject_id": "9025"
  },
  "cjv": 0.545639110569356,
  "cnr": 1.1335409859349321,
  "efc": 0.5854523361081921,
  "fber": 603.3316040039062,
  "fwhm_avg": 4.403483473205924,
  "fwhm_x": 3.904883178167217,
  "fwhm_y": 4.760836093215661,
  "fwhm_z": 4.544731148234892,
  "icvs_csf": 0.4183661340138325,
  "icvs_gm": 0.43640645393789695,
  "icvs_wm": 0.14522741204827055,
  "inu_med": 1.1014890670776367,
  "inu_range": 0.5847993820905685,
  "provenance": {
    "md5sum": "d69767351836416b55e51d46b9f83da9",
    "settings": {
      "testing": false
    },
    "software": "mriqc",
    "version": "0.9.6",
    "warnings": {
      "large_rot_frame": true,
      "small_air_mask": false
    }
  },
  "qi_1": 0.0,
  "qi_2": 0.000782889891952301,
  "rpve_csf": 18.51088219949165,
  "rpve_gm": 17.357097962202428,
  "rpve_wm": 47.927977021216165,
  "size_x": 292,
  "size_y": 512,
  "size_z": 512,
  "snr_csf": 13.467440105542536,
  "snr_gm": 16.245275675364233,
  "snr_total": 10.441819606157049,
  "snr_wm": 1.6127430375643805,
  "snrd_csf": 75.12786710396922,
  "snrd_gm": 61.9268143346018,
  "snrd_total": 57.73146013721617,
  "snrd_wm": 36.13969897307747,
  "spacing_x": 0.6000000238418579,
  "spacing_y": 0.46880000829696655,
  "spacing_z": 0.46880000829696655,
  "summary_bg_k": 31.42850406355207,
  "summary_bg_mad": 18.12242889404297,
  "summary_bg_mean": 57.79146957397461,
  "summary_bg_median": 53.31342697143555,
  "summary_bg_n": 17939213.0,
  "summary_bg_p05": 29.23647575378418,
  "summary_bg_p95": 100.51760864257812,
  "summary_bg_stdv": 25.380905151367188,
  "summary_csf_k": 0.3952658913711131,
  "summary_csf_mad": 149.08694458007812,
  "summary_csf_mean": 2090.5830078125,
  "summary_csf_median": 2078.1923828125,
  "summary_csf_n": 536733.0,
  "summary_csf_p05": 1860.2225830078123,
  "summary_csf_p95": 2364.434912109375,
  "summary_csf_stdv": 154.3122100830078,
  "summary_gm_k": 0.0382886433498113,
  "summary_gm_mad": 104.22058868408203,
  "summary_gm_mean": 1715.1025390625,
  "summary_gm_median": 1713.02392578125,
  "summary_gm_n": 395186.0,
  "summary_gm_p05": 1545.0,
  "summary_gm_p95": 1893.2586059570312,
  "summary_gm_stdv": 105.44738006591797,
  "summary_wm_k": 9.586799287992916,
  "summary_wm_mad": 284.9974365234375,
  "summary_wm_mean": 1071.4058837890625,
  "summary_wm_median": 999.6989135742188,
  "summary_wm_n": 112337.0,
  "summary_wm_p05": 345.1358032226563,
  "summary_wm_p95": 2586.5852539062494,
  "summary_wm_stdv": 619.8721313476562,
  "tpm_overlap_csf": 0.09523121267557144,
  "tpm_overlap_gm": 0.29132774472236633,
  "tpm_overlap_wm": 0.10557208955287933,
  "wm2max": 0.19479755602811283
}