{
  "bids_meta": {
    "AcquisitionDuration": 238.444688,
    "Columns": 512,
    "EchoTime": 0.00281,
    "EchoTrainLength": 1,
    "EffectiveEchoSpacing": 0,
    "FieldOfView": [
      240.03,
      240.03,
      180
    ],
    "FlipAngle": 11,
    "GEImageTypeRIMPCode": 0,
    "ImageType": "ORIGINAL/PRIMARY/OTHER",
    "ImagingFrequency": 127.765175,
    "InplanePhaseEncodingDirection": "ROW",
    "InversionTime": 0.45,
    "MRAcquisitionType": "3D",
    "MagneticFieldStrength": 3,
    "Manufacturer": "GE MEDICAL SYSTEMS",
    "ManufacturersModelName": "DISCOVERY MR750",
    "NumberOfAverages": 1,
    "NumberOfEPIShots": 0,
    "NumberOfEchoes": 1,
    "NumberOfSlices": 180,
    "ParallelImagingReductionFactors": [
      0.571429,
      1
    ],
    "PercentPhaseFieldOfView": 100,
    "PhaseEncodingDirection": "i",
    "PixelBandwidth": 122.07,
    "PixelSpacing": [
      0.4688,
      0.4688
    ],
    "ReceiveCoilName": "8HRBRAIN",
    "RepetitionTime": 0.0064,
    "Rows": 512,
    "SATFatWaterBone": 0,
    "ScanOptions": [
      "FAST_GEMS",
      "EDR_GEMS",
      "FILTERED_GEMS",
      "ACC_GEMS"
    ],
    "ScanningSequence": "GR",
    "SequenceVariant": [
      "SS",
      "SK"
    ],
    "SeriesDate": "18730127",
    "SeriesDescription": "Sag3D_T1_1mm3",
    "SeriesNumber": 2,
    "SeriesTime": "195019",
    "SliceThickness": 1,
    "SpacingBetweenSlices": 1,
    "StudyTime": "194851",
    "modality": "T1w",
    "session_id": "2",
    "subject_id": "9035"
  },
  "cjv": 0.3447784661011375,
  "cnr": 3.841885066173986,
  "efc": 0.674755505845924,
  "fber": 150.1756134033203,
  "fwhm_avg": 6.6577725799876815,
  "fwhm_x": 4.12351,
  "fwhm_y": 8.131335180321212,
  "fwhm_z": 7.718472559641833,
  "icvs_csf": 0.1954545719004466,
  "icvs_gm": 0.4240120302418723,
  "icvs_wm": 0.3805333978576811,
  "inu_med": 1.1079248189926147,
  "inu_range": 0.5083145797252655,
  "provenance": {
    "md5sum": "c7a392ec20078e5f3676d00e17d163ae",
    "mriqc_pred": 0,
    "settings": {
      "testing": false
    },
    "software": "mriqc",
    "version": "0.9.6",
    "warnings": {
      "large_rot_frame": true,
      "small_air_mask": false
    }
  },
  "qi_1": 0.0,
  "qi_2": 0.00041806512518747726,
  "rpve_csf": 19.45926815047383,
  "rpve_gm": 9.818196349812764,
  "rpve_wm": 12.891610499643917,
  "size_x": 180,
  "size_y": 512,
  "size_z": 512,
  "snr_csf": 3.3928630869962926,
  "snr_gm": 13.344597534495575,
  "snr_total": 12.149810119672487,
  "snr_wm": 19.711969737525596,
  "snrd_csf": 16.150206727458574,
  "snrd_gm": 31.700227639915294,
  "snrd_total": 30.822345949487914,
  "snrd_wm": 44.61660348108988,
  "spacing_x": 1.0,
  "spacing_y": 0.46880000829696655,
  "spacing_z": 0.46880000829696655,
  "summary_bg_k": 1.3609428212143033,
  "summary_bg_mad": 14.683838844299316,
  "summary_bg_mean": 50.86860275268555,
  "summary_bg_median": 48.807273864746094,
  "summary_bg_n": 8959369.0,
  "summary_bg_p05": 28.298627090454104,
  "summary_bg_p95": 80.85822448730468,
  "summary_bg_stdv": 16.42218017578125,
  "summary_csf_k": -0.5479175572241153,
  "summary_csf_mad": 121.24662017822266,
  "summary_csf_mean": 369.5984191894531,
  "summary_csf_median": 361.9811706542969,
  "summary_csf_n": 172057.0,
  "summary_csf_p05": 209.09049377441409,
  "summary_csf_p95": 544.6258911132811,
  "summary_csf_stdv": 106.68869018554688,
  "summary_gm_k": 0.38162605703172714,
  "summary_gm_mad": 50.6467399597168,
  "summary_gm_mean": 713.3240356445312,
  "summary_gm_median": 710.5101318359375,
  "summary_gm_n": 329609.0,
  "summary_gm_p05": 630.9299682617187,
  "summary_gm_p95": 806.3285766601562,
  "summary_gm_stdv": 53.24319839477539,
  "summary_wm_k": 0.3922540850012033,
  "summary_wm_mad": 49.1666259765625,
  "summary_wm_mean": 999.9131469726562,
  "summary_wm_median": 1000.0101318359375,
  "summary_wm_n": 1492316.0,
  "summary_wm_p05": 916.9289245605469,
  "summary_wm_p95": 1082.8704833984375,
  "summary_wm_stdv": 50.73109436035156,
  "tpm_overlap_csf": 0.2083953320980072,
  "tpm_overlap_gm": 0.49277499318122864,
  "tpm_overlap_wm": 0.5429955124855042,
  "wm2max": 0.4717910141060086
}