{
  "bids_meta": {
    "AcquisitionDuration": 238.444688,
    "Columns": 512,
    "EchoTime": 0.00281,
    "EchoTrainLength": 1,
    "EffectiveEchoSpacing": 0,
    "FieldOfView": [
      240.03,
      240.03,
      180
    ],
    "FlipAngle": 11,
    "GEImageTypeRIMPCode": 0,
    "ImageType": "ORIGINAL/PRIMARY/OTHER",
    "ImagingFrequency": 127.765278,
    "InplanePhaseEncodingDirection": "ROW",
    "InversionTime": 0.45,
    "MRAcquisitionType": "3D",
    "MagneticFieldStrength": 3,
    "Manufacturer": "GE MEDICAL SYSTEMS",
    "ManufacturersModelName": "DISCOVERY MR750",
    "NumberOfAverages": 1,
    "NumberOfEPIShots": 0,
    "NumberOfEchoes": 1,
    "NumberOfSlices": 180,
    "ParallelImagingReductionFactors": [
      0.571429,
      1
    ],
    "PercentPhaseFieldOfView": 100,
    "PhaseEncodingDirection": "i",
    "PixelBandwidth": 122.07,
    "PixelSpacing": [
      0.4688,
      0.4688
    ],
    "ReceiveCoilName": "8HRBRAIN",
    "RepetitionTime": 0.0064,
    "Rows": 512,
    "SATFatWaterBone": 0,
    "ScanOptions": [
      "FAST_GEMS",
      "EDR_GEMS",
      "FILTERED_GEMS",
      "ACC_GEMS"
    ],
    "ScanningSequence": "GR",
    "SequenceVariant": [
      "SS",
      "SK"
    ],
    "SeriesDate": "18730126",
    "SeriesDescription": "Sag3D_T1_1mm3",
    "SeriesNumber": 2,
    "SeriesTime": "202628",
    "SliceThickness": 1,
    "SpacingBetweenSlices": 1,
    "StudyTime": "202447",
    "modality": "T1w",
    "session_id": "2",
    "subject_id": "9070"
  },
  "cjv": 0.3395106115550237,
  "cnr": 3.9176589640392265,
  "efc": 0.6426521795007479,
  "fber": 174.79241943359375,
  "fwhm_avg": 7.0473139506965685,
  "fwhm_x": 4.2996,
  "fwhm_y": 8.878370150035112,
  "fwhm_z": 7.963971702054593,
  "icvs_csf": 0.21173764124412622,
  "icvs_gm": 0.393389003911792,
  "icvs_wm": 0.3948733548440818,
  "inu_med": 1.0615925788879395,
  "inu_range": 0.47345677614212023,
  "provenance": {
    "md5sum": "b9ac38c3a489f0daec75a28ebb193fbf",
    "mriqc_pred": 0,
    "settings": {
      "testing": false
    },
    "software": "mriqc",
    "version": "0.9.6",
    "warnings": {
      "large_rot_frame": true,
      "small_air_mask": false
    }
  },
  "qi_1": 0.0,
  "qi_2": 0.00038998405803102596,
  "rpve_csf": 21.349534948558684,
  "rpve_gm": 11.7929702029335,
  "rpve_wm": 14.515900143877127,
  "size_x": 180,
  "size_y": 512,
  "size_z": 512,
  "snr_csf": 4.010128140790784,
  "snr_gm": 13.4160149754075,
  "snr_total": 12.923110936198777,
  "snr_wm": 21.34318969239805,
  "snrd_csf": 17.920106124503803,
  "snrd_gm": 34.01796243799959,
  "snrd_total": 33.15884701580915,
  "snrd_wm": 47.53847248492405,
  "spacing_x": 1.0,
  "spacing_y": 0.46880000829696655,
  "spacing_z": 0.46880000829696655,
  "summary_bg_k": 1.1401126145781078,
  "summary_bg_mad": 13.781243324279785,
  "summary_bg_mean": 48.736351013183594,
  "summary_bg_median": 47.00733947753906,
  "summary_bg_n": 8846920.0,
  "summary_bg_p05": 27.537625217437743,
  "summary_bg_p95": 76.15562553405759,
  "summary_bg_stdv": 15.171981811523438,
  "summary_csf_k": -0.5138103467648092,
  "summary_csf_mad": 105.28926086425781,
  "summary_csf_mean": 379.0271911621094,
  "summary_csf_median": 376.96173095703125,
  "summary_csf_n": 183458.0,
  "summary_csf_p05": 230.3647216796875,
  "summary_csf_p95": 530.5117919921875,
  "summary_csf_stdv": 94.00215911865234,
  "summary_gm_k": 0.26717272298695427,
  "summary_gm_mad": 51.31080627441406,
  "summary_gm_mean": 717.2979736328125,
  "summary_gm_median": 715.5911865234375,
  "summary_gm_n": 190570.0,
  "summary_gm_p05": 632.8523101806641,
  "summary_gm_p95": 808.9408996582031,
  "summary_gm_stdv": 53.33843994140625,
  "summary_wm_k": 0.3367301644409286,
  "summary_wm_mad": 45.25049591064453,
  "summary_wm_mean": 1000.199951171875,
  "summary_wm_median": 1000.00439453125,
  "summary_wm_n": 1416973.0,
  "summary_wm_p05": 923.7359130859375,
  "summary_wm_p95": 1077.282763671875,
  "summary_wm_stdv": 46.85354232788086,
  "tpm_overlap_csf": 0.2032882124185562,
  "tpm_overlap_gm": 0.4727320671081543,
  "tpm_overlap_wm": 0.5392354726791382,
  "wm2max": 0.4533031017940193
}