{
  "bids_meta": {
    "AcquisitionDuration": 238.55128,
    "Columns": 512,
    "EchoTime": 0.00281,
    "EchoTrainLength": 1,
    "EffectiveEchoSpacing": 0,
    "FieldOfView": [
      240.03,
      240.03,
      180
    ],
    "FlipAngle": 11,
    "GEImageTypeRIMPCode": 0,
    "ImageType": "ORIGINAL/PRIMARY/OTHER",
    "ImagingFrequency": 127.765111,
    "InplanePhaseEncodingDirection": "ROW",
    "InversionTime": 0.45,
    "MRAcquisitionType": "3D",
    "MagneticFieldStrength": 3,
    "Manufacturer": "GE MEDICAL SYSTEMS",
    "ManufacturersModelName": "DISCOVERY MR750",
    "NumberOfAverages": 1,
    "NumberOfEPIShots": 0,
    "NumberOfEchoes": 1,
    "NumberOfSlices": 180,
    "ParallelImagingReductionFactors": [
      0.571429,
      1
    ],
    "PercentPhaseFieldOfView": 100,
    "PhaseEncodingDirection": "i",
    "PixelBandwidth": 122.07,
    "PixelSpacing": [
      0.4688,
      0.4688
    ],
    "ReceiveCoilName": "8HRBRAIN",
    "RepetitionTime": 0.0064,
    "Rows": 512,
    "SATFatWaterBone": 0,
    "ScanOptions": [
      "FAST_GEMS",
      "EDR_GEMS",
      "FILTERED_GEMS",
      "ACC_GEMS"
    ],
    "ScanningSequence": "GR",
    "SequenceVariant": [
      "SS",
      "SK"
    ],
    "SeriesDate": "18740403",
    "SeriesDescription": "Sag3D_T1_1mm3",
    "SeriesNumber": 2,
    "SeriesTime": "181438",
    "SliceThickness": 1,
    "SpacingBetweenSlices": 1,
    "StudyTime": "181144",
    "modality": "T1w",
    "session_id": "2",
    "subject_id": "9039"
  },
  "cjv": 0.3789701916188538,
  "cnr": 3.570914308302977,
  "efc": 0.6536814801602678,
  "fber": 149.12567138671875,
  "fwhm_avg": 6.27355840012855,
  "fwhm_x": 4.10937,
  "fwhm_y": 7.476429048567232,
  "fwhm_z": 7.234876151818418,
  "icvs_csf": 0.21554360341485038,
  "icvs_gm": 0.3833454433132526,
  "icvs_wm": 0.401110953271897,
  "inu_med": 1.2352687120437622,
  "inu_range": 0.4457053542137146,
  "provenance": {
    "md5sum": "9dade03eec3c18afe1485c22a8f7a183",
    "mriqc_pred": 0,
    "settings": {
      "testing": false
    },
    "software": "mriqc",
    "version": "0.9.6",
    "warnings": {
      "large_rot_frame": true,
      "small_air_mask": false
    }
  },
  "qi_1": 0.0,
  "qi_2": 0.00026525219787066517,
  "rpve_csf": 21.682496283195032,
  "rpve_gm": 12.145468513325252,
  "rpve_wm": 14.316275366722262,
  "size_x": 180,
  "size_y": 512,
  "size_z": 512,
  "snr_csf": 3.878399117277467,
  "snr_gm": 13.953704546538777,
  "snr_total": 12.540693435836554,
  "snr_wm": 19.789976643693414,
  "snrd_csf": 16.061283147012368,
  "snrd_gm": 33.15588760630401,
  "snrd_total": 31.480064733356063,
  "snrd_wm": 45.22302344675182,
  "spacing_x": 1.0,
  "spacing_y": 0.46880000829696655,
  "spacing_z": 0.46880000829696655,
  "summary_bg_k": 2.258466710229624,
  "summary_bg_mad": 14.487004280090332,
  "summary_bg_mean": 51.51557922363281,
  "summary_bg_median": 49.62490463256836,
  "summary_bg_n": 9190356.0,
  "summary_bg_p05": 28.838061809539795,
  "summary_bg_p95": 80.80100059509277,
  "summary_bg_stdv": 16.42450523376465,
  "summary_csf_k": -0.3080052166692271,
  "summary_csf_mad": 94.59579467773438,
  "summary_csf_mean": 367.1882019042969,
  "summary_csf_median": 355.1625061035156,
  "summary_csf_n": 190987.0,
  "summary_csf_p05": 234.14312896728518,
  "summary_csf_p95": 528.5799743652343,
  "summary_csf_stdv": 91.57427215576172,
  "summary_gm_k": 0.16788901361747666,
  "summary_gm_mad": 51.536354064941406,
  "summary_gm_mean": 733.564453125,
  "summary_gm_median": 733.1748046875,
  "summary_gm_n": 160583.0,
  "summary_gm_p05": 647.6187438964844,
  "summary_gm_p95": 820.3087219238281,
  "summary_gm_stdv": 52.543216705322266,
  "summary_wm_k": 0.2656022806094871,
  "summary_wm_mad": 49.58808517456055,
  "summary_wm_mean": 1001.3682861328125,
  "summary_wm_median": 1000.014892578125,
  "summary_wm_n": 1349481.0,
  "summary_wm_p05": 920.9573364257812,
  "summary_wm_p95": 1086.1798095703125,
  "summary_wm_stdv": 50.53136444091797,
  "tpm_overlap_csf": 0.19701620936393738,
  "tpm_overlap_gm": 0.4465859830379486,
  "tpm_overlap_wm": 0.5468934774398804,
  "wm2max": 0.41026860979235663
}