{
  "bids_meta": {
    "AcquisitionDuration": 393.09232,
    "Columns": 512,
    "EchoTime": 0.12572,
    "EchoTrainLength": 140,
    "EffectiveEchoSpacing": 0,
    "FieldOfView": [
      240.03,
      240.03,
      87.6
    ],
    "FlipAngle": 90,
    "GEImageTypeRIMPCode": 0,
    "ImageType": "ORIGINAL/PRIMARY/OTHER",
    "ImagingFrequency": 127.76511,
    "InplanePhaseEncodingDirection": "ROW",
    "InversionTime": 1.864,
    "MRAcquisitionType": "3D",
    "MagneticFieldStrength": 3,
    "Manufacturer": "GE MEDICAL SYSTEMS",
    "ManufacturersModelName": "DISCOVERY MR750",
    "NumberOfAverages": 1,
    "NumberOfEPIShots": 1,
    "NumberOfEchoes": 1,
    "NumberOfSlices": 146,
    "ParallelImagingReductionFactors": [
      0.5,
      0.5
    ],
    "PercentPhaseFieldOfView": 100,
    "PhaseEncodingDirection": "i",
    "PixelBandwidth": 122.07,
    "PixelSpacing": [
      0.4688,
      0.4688
    ],
    "ReceiveCoilName": "8HRBRAIN",
    "RepetitionTime": 6,
    "Rows": 512,
    "SATFatWaterBone": 0,
    "ScanOptions": [
      "EDR_GEMS",
      "FILTERED_GEMS",
      "ACC_GEMS"
    ],
    "ScanningSequence": [
      "SE",
      "IR"
    ],
    "SequenceVariant": "SK",
    "SeriesDate": "18740516",
    "SeriesDescription": "Sag CUBE T2 flair",
    "SeriesNumber": 11,
    "SeriesTime": "205001",
    "SliceThickness": 1.2,
    "SpacingBetweenSlices": 0.600002,
    "StudyTime": "193149",
    "modality": "T2w",
    "session_id": "1",
    "subject_id": "9011"
  },
  "cjv": 0.9686260583383217,
  "cnr": 0.5399565518012095,
  "efc": 0.5982400805321618,
  "fber": 582.8089599609375,
  "fwhm_avg": 4.6039679005593435,
  "fwhm_x": 4.19976649978294,
  "fwhm_y": 5.006335235628421,
  "fwhm_z": 4.60580196626667,
  "icvs_csf": 0.4292559182793977,
  "icvs_gm": 0.4333808616200088,
  "icvs_wm": 0.13736322010059354,
  "inu_med": 1.096246361732483,
  "inu_range": 0.6157489567995071,
  "provenance": {
    "md5sum": "b311d6f893596d7beb2f3c5482393bb4",
    "settings": {
      "testing": false
    },
    "software": "mriqc",
    "version": "0.9.6",
    "warnings": {
      "large_rot_frame": true,
      "small_air_mask": false
    }
  },
  "qi_1": 0.0,
  "qi_2": 0.0006086850835516042,
  "rpve_csf": 16.781549953959942,
  "rpve_gm": 15.773090944311868,
  "rpve_wm": 46.70599514393709,
  "size_x": 292,
  "size_y": 512,
  "size_z": 512,
  "snr_csf": 16.30468548625922,
  "snr_gm": 17.571929613654454,
  "snr_total": 11.632441967615746,
  "snr_wm": 1.0207108029335592,
  "snrd_csf": 60.80315946306026,
  "snrd_gm": 53.171603527577595,
  "snrd_total": 49.56619879216533,
  "snrd_wm": 34.723833385858136,
  "spacing_x": 0.6000000238418579,
  "spacing_y": 0.46880000829696655,
  "spacing_z": 0.46880000829696655,
  "summary_bg_k": 108.33883292928928,
  "summary_bg_mad": 18.915912628173828,
  "summary_bg_mean": 57.13995361328125,
  "summary_bg_median": 52.7275505065918,
  "summary_bg_n": 14953398.0,
  "summary_bg_p05": 27.294678211212158,
  "summary_bg_p95": 100.6632396697998,
  "summary_bg_stdv": 25.991979598999023,
  "summary_csf_k": 0.33827806576879516,
  "summary_csf_mad": 103.46797180175781,
  "summary_csf_mean": 1759.7049560546875,
  "summary_csf_median": 1755.58447265625,
  "summary_csf_n": 617565.0,
  "summary_csf_p05": 1589.0548828125,
  "summary_csf_p95": 1943.2143066406252,
  "summary_csf_stdv": 107.67353057861328,
  "summary_gm_k": -0.04454504023844086,
  "summary_gm_mad": 87.6545181274414,
  "summary_gm_mean": 1534.9873046875,
  "summary_gm_median": 1535.2366943359375,
  "summary_gm_n": 344913.0,
  "summary_gm_p05": 1390.725,
  "summary_gm_p95": 1678.6949218749999,
  "summary_gm_stdv": 87.36857604980469,
  "summary_wm_k": 0.9151719351421881,
  "summary_wm_mad": 428.2812194824219,
  "summary_wm_mean": 1393.76123046875,
  "summary_wm_median": 1002.5897216796875,
  "summary_wm_n": 111157.0,
  "summary_wm_p05": 354.3283569335938,
  "summary_wm_p95": 3451.7103515624995,
  "summary_wm_stdv": 982.2421875,
  "tpm_overlap_csf": 0.07258864492177963,
  "tpm_overlap_gm": 0.32763466238975525,
  "tpm_overlap_wm": 0.08028247952461243,
  "wm2max": 0.2399954456234053
}