{
  "bids_meta": {
    "AcquisitionDuration": 238.55128,
    "Columns": 512,
    "EchoTime": 0.00281,
    "EchoTrainLength": 1,
    "EffectiveEchoSpacing": 0,
    "FieldOfView": [
      240.03,
      240.03,
      180
    ],
    "FlipAngle": 11,
    "GEImageTypeRIMPCode": 0,
    "ImageType": "ORIGINAL/PRIMARY/OTHER",
    "ImagingFrequency": 127.76513,
    "InplanePhaseEncodingDirection": "ROW",
    "InversionTime": 0.45,
    "MRAcquisitionType": "3D",
    "MagneticFieldStrength": 3,
    "Manufacturer": "GE MEDICAL SYSTEMS",
    "ManufacturersModelName": "DISCOVERY MR750",
    "NumberOfAverages": 1,
    "NumberOfEPIShots": 0,
    "NumberOfEchoes": 1,
    "NumberOfSlices": 180,
    "ParallelImagingReductionFactors": [
      0.571429,
      1
    ],
    "PercentPhaseFieldOfView": 100,
    "PhaseEncodingDirection": "i",
    "PixelBandwidth": 122.07,
    "PixelSpacing": [
      0.4688,
      0.4688
    ],
    "ReceiveCoilName": "8HRBRAIN",
    "RepetitionTime": 0.0064,
    "Rows": 512,
    "SATFatWaterBone": 0,
    "ScanOptions": [
      "FAST_GEMS",
      "EDR_GEMS",
      "FILTERED_GEMS",
      "ACC_GEMS"
    ],
    "ScanningSequence": "GR",
    "SequenceVariant": [
      "SS",
      "SK"
    ],
    "SeriesDate": "18731114",
    "SeriesDescription": "Sag3D_T1_1mm3",
    "SeriesNumber": 2,
    "SeriesTime": "183608",
    "SliceThickness": 1,
    "SpacingBetweenSlices": 1,
    "StudyTime": "183239",
    "modality": "T1w",
    "session_id": "1",
    "subject_id": "9056"
  },
  "cjv": 0.370706227660984,
  "cnr": 3.6025873584474244,
  "efc": 0.6541427644850453,
  "fber": 175.30409240722656,
  "fwhm_avg": 6.576390829070334,
  "fwhm_x": 4.06134,
  "fwhm_y": 8.194816407866643,
  "fwhm_z": 7.47301607934436,
  "icvs_csf": 0.2116283100199122,
  "icvs_gm": 0.4076186634819031,
  "icvs_wm": 0.38075302649818465,
  "inu_med": 1.1256766319274902,
  "inu_range": 0.4974359154701231,
  "provenance": {
    "md5sum": "b2a21287925a9940010037e5a7789e1b",
    "mriqc_pred": 0,
    "settings": {
      "testing": false
    },
    "software": "mriqc",
    "version": "0.9.6",
    "warnings": {
      "large_rot_frame": true,
      "small_air_mask": false
    }
  },
  "qi_1": 0.0,
  "qi_2": 0.0004061685227851104,
  "rpve_csf": 21.011682486700742,
  "rpve_gm": 11.322119057578389,
  "rpve_wm": 14.424553458250498,
  "size_x": 180,
  "size_y": 512,
  "size_z": 512,
  "snr_csf": 3.7970556596601575,
  "snr_gm": 13.789033481575334,
  "snr_total": 12.67666991084628,
  "snr_wm": 20.443920591303353,
  "snrd_csf": 16.888308607096302,
  "snrd_gm": 33.2153432081968,
  "snrd_total": 31.798315308614082,
  "snrd_wm": 45.291294110549146,
  "spacing_x": 1.0,
  "spacing_y": 0.46880000829696655,
  "spacing_z": 0.46880000829696655,
  "summary_bg_k": 1.6064769211716037,
  "summary_bg_mad": 14.465071678161621,
  "summary_bg_mean": 50.8342170715332,
  "summary_bg_median": 48.822357177734375,
  "summary_bg_n": 11327161.0,
  "summary_bg_p05": 28.83738136291504,
  "summary_bg_p95": 79.86992645263672,
  "summary_bg_stdv": 16.008588790893555,
  "summary_csf_k": 5.365717182459909,
  "summary_csf_mad": 103.06211853027344,
  "summary_csf_mean": 383.2208557128906,
  "summary_csf_median": 372.8851013183594,
  "summary_csf_n": 208944.0,
  "summary_csf_p05": 240.45415878295898,
  "summary_csf_p95": 547.184521484375,
  "summary_csf_stdv": 98.2035140991211,
  "summary_gm_k": 0.219774857999957,
  "summary_gm_mad": 51.568885803222656,
  "summary_gm_mean": 735.9759521484375,
  "summary_gm_median": 733.3775634765625,
  "summary_gm_n": 230346.0,
  "summary_gm_p05": 653.3963775634766,
  "summary_gm_p95": 828.0276336669922,
  "summary_gm_stdv": 53.18545150756836,
  "summary_wm_k": 0.320846495005255,
  "summary_wm_mad": 47.272789001464844,
  "summary_wm_mean": 1000.5105590820312,
  "summary_wm_median": 1000.00830078125,
  "summary_wm_n": 1318256.0,
  "summary_wm_p05": 921.1132049560547,
  "summary_wm_p95": 1081.58740234375,
  "summary_wm_stdv": 48.9146842956543,
  "tpm_overlap_csf": 0.20045866072177887,
  "tpm_overlap_gm": 0.47317343950271606,
  "tpm_overlap_wm": 0.5309599041938782,
  "wm2max": 0.4843931042092178
}