{
  "bids_meta": {
    "AcquisitionDuration": 238.55128,
    "Columns": 512,
    "EchoTime": 0.00281,
    "EchoTrainLength": 1,
    "EffectiveEchoSpacing": 0,
    "FieldOfView": [
      240.03,
      240.03,
      180
    ],
    "FlipAngle": 11,
    "GEImageTypeRIMPCode": 0,
    "ImageType": "ORIGINAL/PRIMARY/OTHER",
    "ImagingFrequency": 127.765095,
    "InplanePhaseEncodingDirection": "ROW",
    "InversionTime": 0.45,
    "MRAcquisitionType": "3D",
    "MagneticFieldStrength": 3,
    "Manufacturer": "GE MEDICAL SYSTEMS",
    "ManufacturersModelName": "DISCOVERY MR750",
    "NumberOfAverages": 1,
    "NumberOfEPIShots": 0,
    "NumberOfEchoes": 1,
    "NumberOfSlices": 180,
    "ParallelImagingReductionFactors": [
      0.571429,
      1
    ],
    "PercentPhaseFieldOfView": 100,
    "PhaseEncodingDirection": "i",
    "PixelBandwidth": 122.07,
    "PixelSpacing": [
      0.4688,
      0.4688
    ],
    "ReceiveCoilName": "8HRBRAIN",
    "RepetitionTime": 0.0064,
    "Rows": 512,
    "SATFatWaterBone": 0,
    "ScanOptions": [
      "FAST_GEMS",
      "EDR_GEMS",
      "FILTERED_GEMS",
      "ACC_GEMS"
    ],
    "ScanningSequence": "GR",
    "SequenceVariant": [
      "SS",
      "SK"
    ],
    "SeriesDate": "18740305",
    "SeriesDescription": "Sag3D_T1_1mm3",
    "SeriesNumber": 2,
    "SeriesTime": "181332",
    "SliceThickness": 1,
    "SpacingBetweenSlices": 1,
    "StudyTime": "181129",
    "modality": "T1w",
    "session_id": "1",
    "subject_id": "9040"
  },
  "cjv": 0.39595031403128844,
  "cnr": 3.4559093255980575,
  "efc": 0.6272099020320177,
  "fber": 149.69699096679688,
  "fwhm_avg": 5.974755581406555,
  "fwhm_x": 3.66486,
  "fwhm_y": 7.3374998701386716,
  "fwhm_z": 6.921906874080994,
  "icvs_csf": 0.2050041785015555,
  "icvs_gm": 0.41474403708753044,
  "icvs_wm": 0.38025178441091406,
  "inu_med": 1.2719756364822388,
  "inu_range": 0.47130733728408813,
  "provenance": {
    "md5sum": "d4c9a76d1282a203db3b4cb0402f9b8a",
    "mriqc_pred": 0,
    "settings": {
      "testing": false
    },
    "software": "mriqc",
    "version": "0.9.6",
    "warnings": {
      "large_rot_frame": true,
      "small_air_mask": false
    }
  },
  "qi_1": 5.550187128940779e-06,
  "qi_2": 0.0003611138265751453,
  "rpve_csf": 27.862694835061006,
  "rpve_gm": 14.35200008391076,
  "rpve_wm": 18.289829522608652,
  "size_x": 180,
  "size_y": 512,
  "size_z": 512,
  "snr_csf": 3.7569284330625043,
  "snr_gm": 13.266281245336694,
  "snr_total": 11.635689530309307,
  "snr_wm": 17.883858912528723,
  "snrd_csf": 13.598376532521373,
  "snrd_gm": 31.283648610527134,
  "snrd_total": 29.379108169716314,
  "snrd_wm": 43.25529936610043,
  "spacing_x": 1.0,
  "spacing_y": 0.46880000829696655,
  "spacing_z": 0.46880000829696655,
  "summary_bg_k": 5.350621645439704,
  "summary_bg_mad": 15.145890235900879,
  "summary_bg_mean": 55.51300811767578,
  "summary_bg_median": 53.42463302612305,
  "summary_bg_n": 9682151.0,
  "summary_bg_p05": 31.719120025634766,
  "summary_bg_p95": 86.16969299316406,
  "summary_bg_stdv": 17.74736976623535,
  "summary_csf_k": 3.5134255697236467,
  "summary_csf_mad": 69.1353759765625,
  "summary_csf_mean": 327.98223876953125,
  "summary_csf_median": 314.3765563964844,
  "summary_csf_n": 153189.0,
  "summary_csf_p05": 213.00127258300785,
  "summary_csf_p95": 494.381201171875,
  "summary_csf_stdv": 83.67887115478516,
  "summary_gm_k": 0.03916531568194914,
  "summary_gm_mad": 54.22022247314453,
  "summary_gm_mean": 723.9239501953125,
  "summary_gm_median": 723.2367553710938,
  "summary_gm_n": 159765.0,
  "summary_gm_p05": 635.2190063476562,
  "summary_gm_p95": 814.6525268554688,
  "summary_gm_stdv": 54.516746520996094,
  "summary_wm_k": 0.07804098194805498,
  "summary_wm_mad": 55.36647033691406,
  "summary_wm_mean": 1001.34423828125,
  "summary_wm_median": 1000.0055541992188,
  "summary_wm_n": 991342.0,
  "summary_wm_p05": 911.7829681396485,
  "summary_wm_p95": 1095.6833435058593,
  "summary_wm_stdv": 55.9166259765625,
  "tpm_overlap_csf": 0.22023577988147736,
  "tpm_overlap_gm": 0.4741269648075104,
  "tpm_overlap_wm": 0.5330356359481812,
  "wm2max": 0.40422859070126355
}