{
  "bids_meta": {
    "AcquisitionDuration": 238.444688,
    "Columns": 512,
    "EchoTime": 0.00281,
    "EchoTrainLength": 1,
    "EffectiveEchoSpacing": 0,
    "FieldOfView": [
      240.03,
      240.03,
      180
    ],
    "FlipAngle": 11,
    "GEImageTypeRIMPCode": 0,
    "ImageType": "ORIGINAL/PRIMARY/OTHER",
    "ImagingFrequency": 127.765176,
    "InplanePhaseEncodingDirection": "ROW",
    "InversionTime": 0.45,
    "MRAcquisitionType": "3D",
    "MagneticFieldStrength": 3,
    "Manufacturer": "GE MEDICAL SYSTEMS",
    "ManufacturersModelName": "DISCOVERY MR750",
    "NumberOfAverages": 1,
    "NumberOfEPIShots": 0,
    "NumberOfEchoes": 1,
    "NumberOfSlices": 180,
    "ParallelImagingReductionFactors": [
      0.571429,
      1
    ],
    "PercentPhaseFieldOfView": 100,
    "PhaseEncodingDirection": "i",
    "PixelBandwidth": 122.07,
    "PixelSpacing": [
      0.4688,
      0.4688
    ],
    "ReceiveCoilName": "8HRBRAIN",
    "RepetitionTime": 0.0064,
    "Rows": 512,
    "SATFatWaterBone": 0,
    "ScanOptions": [
      "FAST_GEMS",
      "EDR_GEMS",
      "FILTERED_GEMS",
      "ACC_GEMS"
    ],
    "ScanningSequence": "GR",
    "SequenceVariant": [
      "SS",
      "SK"
    ],
    "SeriesDate": "18730617",
    "SeriesDescription": "Sag3D_T1_1mm3",
    "SeriesNumber": 2,
    "SeriesTime": "173219",
    "SliceThickness": 1,
    "SpacingBetweenSlices": 1,
    "StudyTime": "173044",
    "modality": "T1w",
    "session_id": "2",
    "subject_id": "9076"
  },
  "cjv": 0.3799338812326486,
  "cnr": 3.565202875358742,
  "efc": 0.655753079815176,
  "fber": 144.50558471679688,
  "fwhm_avg": 6.496421899271628,
  "fwhm_x": 3.95776,
  "fwhm_y": 8.258894905026079,
  "fwhm_z": 7.272610792788805,
  "icvs_csf": 0.209964639763877,
  "icvs_gm": 0.4207543599161637,
  "icvs_wm": 0.3692810003199593,
  "inu_med": 1.1544142961502075,
  "inu_range": 0.4335745990276336,
  "provenance": {
    "md5sum": "cb1d831937db1c57332f4e1174e1d572",
    "mriqc_pred": 0,
    "settings": {
      "testing": false
    },
    "software": "mriqc",
    "version": "0.9.6",
    "warnings": {
      "large_rot_frame": true,
      "small_air_mask": false
    }
  },
  "qi_1": 3.8439775634717575e-06,
  "qi_2": 0.0003862009017090641,
  "rpve_csf": 20.804572084169532,
  "rpve_gm": 11.007696295713469,
  "rpve_wm": 14.842529987157425,
  "size_x": 180,
  "size_y": 512,
  "size_z": 512,
  "snr_csf": 3.4996510354389674,
  "snr_gm": 13.200621072765955,
  "snr_total": 11.801004288997731,
  "snr_wm": 18.70274075878827,
  "snrd_csf": 16.081330698878617,
  "snrd_gm": 32.729871628974124,
  "snrd_total": 31.394443227158934,
  "snrd_wm": 45.372127353624066,
  "spacing_x": 1.0,
  "spacing_y": 0.46880000829696655,
  "spacing_z": 0.46880000829696655,
  "summary_bg_k": 2.0556246885279545,
  "summary_bg_mad": 14.439310073852539,
  "summary_bg_mean": 53.1219367980957,
  "summary_bg_median": 51.456871032714844,
  "summary_bg_n": 8489126.0,
  "summary_bg_p05": 30.313820362091064,
  "summary_bg_p95": 81.9118480682373,
  "summary_bg_stdv": 16.21756362915039,
  "summary_csf_k": -0.5415860783739421,
  "summary_csf_mad": 112.5240707397461,
  "summary_csf_mean": 362.29852294921875,
  "summary_csf_median": 354.4350891113281,
  "summary_csf_n": 170977.0,
  "summary_csf_p05": 210.2663757324219,
  "summary_csf_p95": 531.6880249023436,
  "summary_csf_stdv": 101.27696990966797,
  "summary_gm_k": 0.23682540276841246,
  "summary_gm_mad": 53.079811096191406,
  "summary_gm_mean": 724.037109375,
  "summary_gm_median": 721.37158203125,
  "summary_gm_n": 252174.0,
  "summary_gm_p05": 639.0290313720703,
  "summary_gm_p95": 818.500323486328,
  "summary_gm_stdv": 54.64668273925781,
  "summary_wm_k": 0.10959908276611197,
  "summary_wm_mad": 52.78395080566406,
  "summary_wm_mean": 1000.9987182617188,
  "summary_wm_median": 1000.0089111328125,
  "summary_wm_n": 1316507.0,
  "summary_wm_p05": 914.5997436523438,
  "summary_wm_p95": 1090.4786376953125,
  "summary_wm_stdv": 53.46855545043945,
  "tpm_overlap_csf": 0.21702605485916138,
  "tpm_overlap_gm": 0.5045729875564575,
  "tpm_overlap_wm": 0.5670332908630371,
  "wm2max": 0.4553387174867103
}