{
  "bids_meta": {
    "AcquisitionDuration": 393.116896,
    "Columns": 512,
    "EchoTime": 0.1289,
    "EchoTrainLength": 140,
    "EffectiveEchoSpacing": 0,
    "FieldOfView": [
      240.03,
      240.03,
      87.6
    ],
    "FlipAngle": 90,
    "GEImageTypeRIMPCode": 0,
    "ImageType": "ORIGINAL/PRIMARY/OTHER",
    "ImagingFrequency": 127.765056,
    "InplanePhaseEncodingDirection": "ROW",
    "InversionTime": 1.857,
    "MRAcquisitionType": "3D",
    "MagneticFieldStrength": 3,
    "Manufacturer": "GE MEDICAL SYSTEMS",
    "ManufacturersModelName": "DISCOVERY MR750",
    "NumberOfAverages": 1,
    "NumberOfEPIShots": 1,
    "NumberOfEchoes": 1,
    "NumberOfSlices": 146,
    "ParallelImagingReductionFactors": [
      0.5,
      0.5
    ],
    "PercentPhaseFieldOfView": 100,
    "PhaseEncodingDirection": "i",
    "PixelBandwidth": 122.07,
    "PixelSpacing": [
      0.4688,
      0.4688
    ],
    "ReceiveCoilName": "8HRBRAIN",
    "RepetitionTime": 6,
    "Rows": 512,
    "SATFatWaterBone": 0,
    "ScanOptions": [
      "EDR_GEMS",
      "FILTERED_GEMS",
      "ACC_GEMS"
    ],
    "ScanningSequence": [
      "SE",
      "IR"
    ],
    "SequenceVariant": "SK",
    "SeriesDate": "18740224",
    "SeriesDescription": "Sag CUBE T2 flair",
    "SeriesNumber": 11,
    "SeriesTime": "211506",
    "SliceThickness": 1.2,
    "SpacingBetweenSlices": 0.600002,
    "StudyTime": "200033",
    "modality": "T2w",
    "session_id": "1",
    "subject_id": "9095"
  },
  "cjv": 0.6310217232919324,
  "cnr": 1.1388743513988573,
  "efc": 0.6505229658813096,
  "fber": 226.3581085205078,
  "fwhm_avg": 4.911616813110043,
  "fwhm_x": 4.367316493125101,
  "fwhm_y": 5.438545125589959,
  "fwhm_z": 4.92898882061507,
  "icvs_csf": 0.3935391250765335,
  "icvs_gm": 0.4449351497763643,
  "icvs_wm": 0.1615257251471022,
  "inu_med": 1.1321561336517334,
  "inu_range": 0.6372982114553452,
  "provenance": {
    "md5sum": "230cd4852ff1a887d7e6ab4eea0b0288",
    "settings": {
      "testing": false
    },
    "software": "mriqc",
    "version": "0.9.6",
    "warnings": {
      "large_rot_frame": true,
      "small_air_mask": false
    }
  },
  "qi_1": 0.00021414968413982938,
  "qi_2": 0.00046377767678448844,
  "rpve_csf": 14.552299591390344,
  "rpve_gm": 12.618542610417247,
  "rpve_wm": 34.415376403423764,
  "size_x": 292,
  "size_y": 512,
  "size_z": 512,
  "snr_csf": 14.045319361146984,
  "snr_gm": 13.929651612528348,
  "snr_total": 10.176139451140145,
  "snr_wm": 2.5534473797451027,
  "snrd_csf": 43.65557909920184,
  "snrd_gm": 34.62293630406844,
  "snrd_total": 47.023201010692276,
  "snrd_wm": 62.79108762880656,
  "spacing_x": 0.6000000238418579,
  "spacing_y": 0.46880000829696655,
  "spacing_z": 0.46880000829696655,
  "summary_bg_k": 12.572475173015114,
  "summary_bg_mad": 10.425969123840332,
  "summary_bg_mean": 27.579952239990234,
  "summary_bg_median": 24.570573806762695,
  "summary_bg_n": 15650421.0,
  "summary_bg_p05": 11.317191123962402,
  "summary_bg_p95": 54.14390563964844,
  "summary_bg_stdv": 14.748642921447754,
  "summary_csf_k": 0.03449012671112106,
  "summary_csf_mad": 49.529449462890625,
  "summary_csf_mean": 695.8773803710938,
  "summary_csf_median": 694.7434692382812,
  "summary_csf_n": 501599.0,
  "summary_csf_p05": 616.4974853515625,
  "summary_csf_p95": 778.9088806152344,
  "summary_csf_stdv": 49.46436309814453,
  "summary_gm_k": 0.08488449501594886,
  "summary_gm_mad": 39.22032165527344,
  "summary_gm_mean": 551.4432983398438,
  "summary_gm_median": 550.9962158203125,
  "summary_gm_n": 418134.0,
  "summary_gm_p05": 487.3455215454102,
  "summary_gm_p95": 617.295361328125,
  "summary_gm_stdv": 39.55558776855469,
  "summary_wm_k": -1.1759577231520968,
  "summary_wm_mad": 243.64999389648438,
  "summary_wm_mean": 819.0980224609375,
  "summary_wm_median": 999.2697143554688,
  "summary_wm_n": 241648.0,
  "summary_wm_p05": 150.42588424682617,
  "summary_wm_p95": 1258.4017761230468,
  "summary_wm_stdv": 391.3406066894531,
  "tpm_overlap_csf": 0.07355059683322906,
  "tpm_overlap_gm": 0.32245901226997375,
  "tpm_overlap_wm": 0.12361890822649002,
  "wm2max": 0.7226879247502571
}