{
  "bids_meta": {
    "AcquisitionDuration": 238.55128,
    "Columns": 512,
    "EchoTime": 0.00281,
    "EchoTrainLength": 1,
    "EffectiveEchoSpacing": 0,
    "FieldOfView": [
      240.03,
      240.03,
      180
    ],
    "FlipAngle": 11,
    "GEImageTypeRIMPCode": 0,
    "ImageType": "ORIGINAL/PRIMARY/OTHER",
    "ImagingFrequency": 127.765095,
    "InplanePhaseEncodingDirection": "ROW",
    "InversionTime": 0.45,
    "MRAcquisitionType": "3D",
    "MagneticFieldStrength": 3,
    "Manufacturer": "GE MEDICAL SYSTEMS",
    "ManufacturersModelName": "DISCOVERY MR750",
    "NumberOfAverages": 1,
    "NumberOfEPIShots": 0,
    "NumberOfEchoes": 1,
    "NumberOfSlices": 180,
    "ParallelImagingReductionFactors": [
      0.571429,
      1
    ],
    "PercentPhaseFieldOfView": 100,
    "PhaseEncodingDirection": "i",
    "PixelBandwidth": 122.07,
    "PixelSpacing": [
      0.4688,
      0.4688
    ],
    "ReceiveCoilName": "8HRBRAIN",
    "RepetitionTime": 0.0064,
    "Rows": 512,
    "SATFatWaterBone": 0,
    "ScanOptions": [
      "FAST_GEMS",
      "EDR_GEMS",
      "FILTERED_GEMS",
      "ACC_GEMS"
    ],
    "ScanningSequence": "GR",
    "SequenceVariant": [
      "SS",
      "SK"
    ],
    "SeriesDate": "18731205",
    "SeriesDescription": "Sag3D_T1_1mm3",
    "SeriesNumber": 2,
    "SeriesTime": "202123",
    "SliceThickness": 1,
    "SpacingBetweenSlices": 1,
    "StudyTime": "201914",
    "modality": "T1w",
    "session_id": "1",
    "subject_id": "9084"
  },
  "cjv": 0.33910858074834976,
  "cnr": 3.836219594474072,
  "efc": 0.6261242632915074,
  "fber": 195.32562255859375,
  "fwhm_avg": 7.559146083798603,
  "fwhm_x": 4.87025,
  "fwhm_y": 9.200021168233217,
  "fwhm_z": 8.607167083162592,
  "icvs_csf": 0.21315876255806526,
  "icvs_gm": 0.41003786308920326,
  "icvs_wm": 0.3768033743527315,
  "inu_med": 1.088586688041687,
  "inu_range": 0.6283509880304337,
  "provenance": {
    "md5sum": "0742d776241ecd462f2522518d726a80",
    "mriqc_pred": 0,
    "settings": {
      "testing": false
    },
    "software": "mriqc",
    "version": "0.9.6",
    "warnings": {
      "large_rot_frame": true,
      "small_air_mask": false
    }
  },
  "qi_1": 0.000498706990273304,
  "qi_2": 0.00034927608893412946,
  "rpve_csf": 25.68334963790679,
  "rpve_gm": 13.884077413988193,
  "rpve_wm": 17.922756265073517,
  "size_x": 180,
  "size_y": 512,
  "size_z": 512,
  "snr_csf": 3.5792440349952153,
  "snr_gm": 13.831931740188907,
  "snr_total": 12.992013035192533,
  "snr_wm": 21.564863330393475,
  "snrd_csf": 17.965607809543947,
  "snrd_gm": 36.6817405521697,
  "snrd_total": 35.076179007775444,
  "snrd_wm": 50.58118866161268,
  "spacing_x": 1.0,
  "spacing_y": 0.46880000829696655,
  "spacing_z": 0.46880000829696655,
  "summary_bg_k": 8.467167194428907,
  "summary_bg_mad": 12.952217102050781,
  "summary_bg_mean": 45.28232192993164,
  "summary_bg_median": 43.468963623046875,
  "summary_bg_n": 6781252.0,
  "summary_bg_p05": 24.872712230682374,
  "summary_bg_p95": 71.5189289093017,
  "summary_bg_stdv": 15.228071212768555,
  "summary_csf_k": -0.4220015805145332,
  "summary_csf_mad": 106.13179779052734,
  "summary_csf_mean": 367.64093017578125,
  "summary_csf_median": 355.18475341796875,
  "summary_csf_n": 155028.0,
  "summary_csf_p05": 221.50644607543944,
  "summary_csf_p95": 536.0705627441405,
  "summary_csf_stdv": 99.2342529296875,
  "summary_gm_k": 0.4485171628784439,
  "summary_gm_mad": 49.03582000732422,
  "summary_gm_mean": 727.16845703125,
  "summary_gm_median": 725.2075805664062,
  "summary_gm_n": 193374.0,
  "summary_gm_p05": 644.642935180664,
  "summary_gm_p95": 817.2864929199219,
  "summary_gm_stdv": 52.4298210144043,
  "summary_wm_k": 0.38569439868293154,
  "summary_wm_mad": 44.14976501464844,
  "summary_wm_mean": 1000.386962890625,
  "summary_wm_median": 1000.0032958984375,
  "summary_wm_n": 1082840.0,
  "summary_wm_p05": 924.6088836669923,
  "summary_wm_p95": 1077.0798767089843,
  "summary_wm_stdv": 46.37186050415039,
  "tpm_overlap_csf": 0.21038058400154114,
  "tpm_overlap_gm": 0.4847502112388611,
  "tpm_overlap_wm": 0.5450285077095032,
  "wm2max": 0.4405100406928345
}