{
  "bids_meta": {
    "AcquisitionDuration": 393.092192,
    "Columns": 512,
    "EchoTime": 0.12561,
    "EchoTrainLength": 140,
    "EffectiveEchoSpacing": 0,
    "FieldOfView": [
      240.03,
      240.03,
      87.6
    ],
    "FlipAngle": 90,
    "GEImageTypeRIMPCode": 0,
    "ImageType": "ORIGINAL/PRIMARY/OTHER",
    "ImagingFrequency": 127.765145,
    "InplanePhaseEncodingDirection": "ROW",
    "InversionTime": 1.865,
    "MRAcquisitionType": "3D",
    "MagneticFieldStrength": 3,
    "Manufacturer": "GE MEDICAL SYSTEMS",
    "ManufacturersModelName": "DISCOVERY MR750",
    "NumberOfAverages": 1,
    "NumberOfEPIShots": 1,
    "NumberOfEchoes": 1,
    "NumberOfSlices": 146,
    "ParallelImagingReductionFactors": [
      0.5,
      0.5
    ],
    "PercentPhaseFieldOfView": 100,
    "PhaseEncodingDirection": "i",
    "PixelBandwidth": 122.07,
    "PixelSpacing": [
      0.4688,
      0.4688
    ],
    "ReceiveCoilName": "8HRBRAIN",
    "RepetitionTime": 6,
    "Rows": 512,
    "SATFatWaterBone": 0,
    "ScanOptions": [
      "EDR_GEMS",
      "FILTERED_GEMS",
      "ACC_GEMS"
    ],
    "ScanningSequence": [
      "SE",
      "IR"
    ],
    "SequenceVariant": "SK",
    "SeriesDate": "18730401",
    "SeriesDescription": "Sag CUBE T2 flair",
    "SeriesNumber": 11,
    "SeriesTime": "222815",
    "SliceThickness": 1.2,
    "SpacingBetweenSlices": 0.600002,
    "StudyTime": "211438",
    "modality": "T2w",
    "session_id": "1",
    "subject_id": "9082"
  },
  "cjv": 0.6752751699899827,
  "cnr": 2.0169099513405553,
  "efc": 0.5727855809673535,
  "fber": 568.5867919921875,
  "fwhm_avg": 5.143169329967958,
  "fwhm_x": 4.482899821865566,
  "fwhm_y": 5.715336929564933,
  "fwhm_z": 5.231271238473374,
  "icvs_csf": 0.45517226777734615,
  "icvs_gm": 0.41737009208875564,
  "icvs_wm": 0.12745764013389818,
  "inu_med": 1.0433412790298462,
  "inu_range": 0.6457099556922908,
  "provenance": {
    "md5sum": "81c2e64aefdb33decbdb9089584a0d75",
    "settings": {
      "testing": false
    },
    "software": "mriqc",
    "version": "0.9.6",
    "warnings": {
      "large_rot_frame": true,
      "small_air_mask": false
    }
  },
  "qi_1": 4.2570809196134215e-06,
  "qi_2": 0.0005903755103048652,
  "rpve_csf": 16.511586398014625,
  "rpve_gm": 16.53848332721149,
  "rpve_wm": 49.642508416357586,
  "size_x": 292,
  "size_y": 512,
  "size_z": 512,
  "snr_csf": 13.694312451417938,
  "snr_gm": 16.22332527698943,
  "snr_total": 10.79808564769309,
  "snr_wm": 2.4766192146719015,
  "snrd_csf": 63.19965523712456,
  "snrd_gm": 52.9521700853979,
  "snrd_total": 48.2674463293452,
  "snrd_wm": 28.650513665513124,
  "spacing_x": 0.6000000238418579,
  "spacing_y": 0.46880000829696655,
  "spacing_z": 0.46880000829696655,
  "summary_bg_k": 17.789655911975167,
  "summary_bg_mad": 22.8399715423584,
  "summary_bg_mean": 64.94864654541016,
  "summary_bg_median": 59.72985076904297,
  "summary_bg_n": 15942787.0,
  "summary_bg_p05": 30.31245002746582,
  "summary_bg_p95": 116.58120117187497,
  "summary_bg_stdv": 29.114614486694336,
  "summary_csf_k": 0.45190780748438675,
  "summary_csf_mad": 156.15174865722656,
  "summary_csf_mean": 2217.819580078125,
  "summary_csf_median": 2203.324951171875,
  "summary_csf_n": 869311.0,
  "summary_csf_p05": 1980.887451171875,
  "summary_csf_p95": 2504.1549072265625,
  "summary_csf_stdv": 160.89334106445312,
  "summary_gm_k": 0.010459633286338033,
  "summary_gm_mad": 113.09194946289062,
  "summary_gm_mean": 1848.780029296875,
  "summary_gm_median": 1846.067626953125,
  "summary_gm_n": 379452.0,
  "summary_gm_p05": 1665.9969665527342,
  "summary_gm_p95": 2040.9790954589844,
  "summary_gm_stdv": 113.79080200195312,
  "summary_wm_k": 1.4588232171453788,
  "summary_wm_mad": 459.0193176269531,
  "summary_wm_mean": 929.9007568359375,
  "summary_wm_median": 998.8407592773438,
  "summary_wm_n": 104783.0,
  "summary_wm_p05": 249.62818908691406,
  "summary_wm_p95": 1447.9216186523436,
  "summary_wm_stdv": 403.3062438964844,
  "tpm_overlap_csf": 0.10100758820772171,
  "tpm_overlap_gm": 0.2953198552131653,
  "tpm_overlap_wm": 0.10295747220516205,
  "wm2max": 0.2073982208847678
}