{
  "bids_meta": {
    "AcquisitionDuration": 238.55128,
    "Columns": 512,
    "EchoTime": 0.00281,
    "EchoTrainLength": 1,
    "EffectiveEchoSpacing": 0,
    "FieldOfView": [
      240.03,
      240.03,
      180
    ],
    "FlipAngle": 11,
    "GEImageTypeRIMPCode": 0,
    "ImageType": "ORIGINAL/PRIMARY/OTHER",
    "ImagingFrequency": 127.765135,
    "InplanePhaseEncodingDirection": "ROW",
    "InversionTime": 0.45,
    "MRAcquisitionType": "3D",
    "MagneticFieldStrength": 3,
    "Manufacturer": "GE MEDICAL SYSTEMS",
    "ManufacturersModelName": "DISCOVERY MR750",
    "NumberOfAverages": 1,
    "NumberOfEPIShots": 0,
    "NumberOfEchoes": 1,
    "NumberOfSlices": 180,
    "ParallelImagingReductionFactors": [
      0.571429,
      1
    ],
    "PercentPhaseFieldOfView": 100,
    "PhaseEncodingDirection": "i",
    "PixelBandwidth": 122.07,
    "PixelSpacing": [
      0.4688,
      0.4688
    ],
    "ReceiveCoilName": "8HRBRAIN",
    "RepetitionTime": 0.0064,
    "Rows": 512,
    "SATFatWaterBone": 0,
    "ScanOptions": [
      "FAST_GEMS",
      "EDR_GEMS",
      "FILTERED_GEMS",
      "ACC_GEMS"
    ],
    "ScanningSequence": "GR",
    "SequenceVariant": [
      "SS",
      "SK"
    ],
    "SeriesDate": "18731122",
    "SeriesDescription": "Sag3D_T1_1mm3",
    "SeriesNumber": 2,
    "SeriesTime": "195652",
    "SliceThickness": 1,
    "SpacingBetweenSlices": 1,
    "StudyTime": "195511",
    "modality": "T1w",
    "session_id": "1",
    "subject_id": "9068"
  },
  "cjv": 0.3690635235212008,
  "cnr": 3.545307136938753,
  "efc": 0.6645315466899777,
  "fber": 136.77352905273438,
  "fwhm_avg": 6.699857119252559,
  "fwhm_x": 4.25243,
  "fwhm_y": 8.109577501525399,
  "fwhm_z": 7.737563856232277,
  "icvs_csf": 0.21536928559420168,
  "icvs_gm": 0.4096840322431633,
  "icvs_wm": 0.37494668216263505,
  "inu_med": 1.1908056735992432,
  "inu_range": 0.6605042815208435,
  "provenance": {
    "md5sum": "6c339d264b52cc71c16acd50e33a10e1",
    "mriqc_pred": 0,
    "settings": {
      "testing": false
    },
    "software": "mriqc",
    "version": "0.9.6",
    "warnings": {
      "large_rot_frame": true,
      "small_air_mask": false
    }
  },
  "qi_1": 0.0,
  "qi_2": 0.0004136855970448417,
  "rpve_csf": 18.947278767268156,
  "rpve_gm": 10.23952064504696,
  "rpve_wm": 13.436206277073076,
  "size_x": 180,
  "size_y": 512,
  "size_z": 512,
  "snr_csf": 3.594553206900323,
  "snr_gm": 13.107958848381717,
  "snr_total": 11.463773259246295,
  "snr_wm": 17.68880772245685,
  "snrd_csf": 14.586809011252551,
  "snrd_gm": 29.494128559392617,
  "snrd_total": 28.44638729725305,
  "snrd_wm": 41.25822432111397,
  "spacing_x": 1.0,
  "spacing_y": 0.46880000829696655,
  "spacing_z": 0.46880000829696655,
  "summary_bg_k": 1.0522773317483853,
  "summary_bg_mad": 15.879112243652344,
  "summary_bg_mean": 52.097835540771484,
  "summary_bg_median": 49.74752426147461,
  "summary_bg_n": 9109680.0,
  "summary_bg_p05": 28.467303943634032,
  "summary_bg_p95": 83.90431442260737,
  "summary_bg_stdv": 17.26432228088379,
  "summary_csf_k": -0.24585640918935248,
  "summary_csf_mad": 103.556884765625,
  "summary_csf_mean": 361.3408203125,
  "summary_csf_median": 353.55322265625,
  "summary_csf_n": 162986.0,
  "summary_csf_p05": 211.9266357421875,
  "summary_csf_p95": 528.2720642089844,
  "summary_csf_stdv": 98.35774230957031,
  "summary_gm_k": 0.41012808578012505,
  "summary_gm_mad": 51.89560317993164,
  "summary_gm_mean": 715.18408203125,
  "summary_gm_median": 714.8749389648438,
  "summary_gm_n": 222927.0,
  "summary_gm_p05": 625.6205627441407,
  "summary_gm_p95": 805.0563415527342,
  "summary_gm_stdv": 54.537349700927734,
  "summary_wm_k": 0.5865452639933584,
  "summary_wm_mad": 53.33793640136719,
  "summary_wm_mean": 1001.4293212890625,
  "summary_wm_median": 1000.0115966796875,
  "summary_wm_n": 1384044.0,
  "summary_wm_p05": 911.4362884521485,
  "summary_wm_p95": 1095.8717163085937,
  "summary_wm_stdv": 56.5335578918457,
  "tpm_overlap_csf": 0.19109462201595306,
  "tpm_overlap_gm": 0.4647567570209503,
  "tpm_overlap_wm": 0.5239430069923401,
  "wm2max": 0.45141576246907195
}