{
  "bids_meta": {
    "AcquisitionDuration": 238.55128,
    "Columns": 512,
    "EchoTime": 0.00281,
    "EchoTrainLength": 1,
    "EffectiveEchoSpacing": 0,
    "FieldOfView": [
      240.03,
      240.03,
      180
    ],
    "FlipAngle": 11,
    "GEImageTypeRIMPCode": 0,
    "ImageType": "ORIGINAL/PRIMARY/OTHER",
    "ImagingFrequency": 127.765158,
    "InplanePhaseEncodingDirection": "ROW",
    "InversionTime": 0.45,
    "MRAcquisitionType": "3D",
    "MagneticFieldStrength": 3,
    "Manufacturer": "GE MEDICAL SYSTEMS",
    "ManufacturersModelName": "DISCOVERY MR750",
    "NumberOfAverages": 1,
    "NumberOfEPIShots": 0,
    "NumberOfEchoes": 1,
    "NumberOfSlices": 180,
    "ParallelImagingReductionFactors": [
      0.571429,
      1
    ],
    "PercentPhaseFieldOfView": 100,
    "PhaseEncodingDirection": "i",
    "PixelBandwidth": 122.07,
    "PixelSpacing": [
      0.4688,
      0.4688
    ],
    "ReceiveCoilName": "8HRBRAIN",
    "RepetitionTime": 0.0064,
    "Rows": 512,
    "SATFatWaterBone": 0,
    "ScanOptions": [
      "FAST_GEMS",
      "EDR_GEMS",
      "FILTERED_GEMS",
      "ACC_GEMS"
    ],
    "ScanningSequence": "GR",
    "SequenceVariant": [
      "SS",
      "SK"
    ],
    "SeriesDate": "18731225",
    "SeriesDescription": "Sag3D_T1_1mm3",
    "SeriesNumber": 2,
    "SeriesTime": "200054",
    "SliceThickness": 1,
    "SpacingBetweenSlices": 1,
    "StudyTime": "195848",
    "modality": "T1w",
    "session_id": "1",
    "subject_id": "9071"
  },
  "cjv": 0.4276578046118956,
  "cnr": 3.14959781907391,
  "efc": 0.6224486872183076,
  "fber": 167.0281524658203,
  "fwhm_avg": 6.469269284034393,
  "fwhm_x": 4.10896,
  "fwhm_y": 7.7991892817627715,
  "fwhm_z": 7.499658570340409,
  "icvs_csf": 0.2390093478283032,
  "icvs_gm": 0.4112663113092526,
  "icvs_wm": 0.3497243408624442,
  "inu_med": 1.3089622259140015,
  "inu_range": 0.44430586099624625,
  "provenance": {
    "md5sum": "ef751af35fcb72607e0289d4fe747eb7",
    "mriqc_pred": 0,
    "settings": {
      "testing": false
    },
    "software": "mriqc",
    "version": "0.9.6",
    "warnings": {
      "large_rot_frame": true,
      "small_air_mask": false
    }
  },
  "qi_1": 0.0,
  "qi_2": 0.00033893490850415623,
  "rpve_csf": 23.618856569709127,
  "rpve_gm": 13.635384144906253,
  "rpve_wm": 18.606121613945046,
  "size_x": 180,
  "size_y": 512,
  "size_z": 512,
  "snr_csf": 4.727620579832632,
  "snr_gm": 13.271090743849074,
  "snr_total": 11.882508281774975,
  "snr_wm": 17.64881352164322,
  "snrd_csf": 18.595093348481424,
  "snrd_gm": 32.86534874983429,
  "snrd_total": 31.889188086432085,
  "snrd_wm": 44.20712216098055,
  "spacing_x": 1.0,
  "spacing_y": 0.46880000829696655,
  "spacing_z": 0.46880000829696655,
  "summary_bg_k": 3.379000657935885,
  "summary_bg_mad": 14.819857597351074,
  "summary_bg_mean": 53.281803131103516,
  "summary_bg_median": 51.11287307739258,
  "summary_bg_n": 10568469.0,
  "summary_bg_p05": 30.524737548828128,
  "summary_bg_p95": 83.48566589355468,
  "summary_bg_stdv": 16.934240341186523,
  "summary_csf_k": -0.13845867879830687,
  "summary_csf_mad": 95.07965087890625,
  "summary_csf_mean": 415.5085754394531,
  "summary_csf_median": 420.6401062011719,
  "summary_csf_n": 242909.0,
  "summary_csf_p05": 269.5041198730469,
  "summary_csf_p95": 551.984619140625,
  "summary_csf_stdv": 88.9748306274414,
  "summary_gm_k": 0.16710501017450374,
  "summary_gm_mad": 54.774478912353516,
  "summary_gm_mean": 745.2924194335938,
  "summary_gm_median": 743.4479370117188,
  "summary_gm_n": 192233.0,
  "summary_gm_p05": 656.3763916015625,
  "summary_gm_p95": 840.65302734375,
  "summary_gm_stdv": 56.019962310791016,
  "summary_wm_k": 0.2678421083906284,
  "summary_wm_mad": 54.946502685546875,
  "summary_wm_mean": 1000.4388427734375,
  "summary_wm_median": 1000.010498046875,
  "summary_wm_n": 966234.0,
  "summary_wm_p05": 907.3215118408204,
  "summary_wm_p95": 1094.4374755859376,
  "summary_wm_stdv": 56.661598205566406,
  "tpm_overlap_csf": 0.1839020699262619,
  "tpm_overlap_gm": 0.4698755443096161,
  "tpm_overlap_wm": 0.523351788520813,
  "wm2max": 0.4214587752183958
}