{
  "bids_meta": {
    "AcquisitionDuration": 238.55128,
    "Columns": 512,
    "EchoTime": 0.00281,
    "EchoTrainLength": 1,
    "EffectiveEchoSpacing": 0,
    "FieldOfView": [
      240.03,
      240.03,
      180
    ],
    "FlipAngle": 11,
    "GEImageTypeRIMPCode": 0,
    "ImageType": "ORIGINAL/PRIMARY/OTHER",
    "ImagingFrequency": 127.765224,
    "InplanePhaseEncodingDirection": "ROW",
    "InversionTime": 0.45,
    "MRAcquisitionType": "3D",
    "MagneticFieldStrength": 3,
    "Manufacturer": "GE MEDICAL SYSTEMS",
    "ManufacturersModelName": "DISCOVERY MR750",
    "NumberOfAverages": 1,
    "NumberOfEPIShots": 0,
    "NumberOfEchoes": 1,
    "NumberOfSlices": 180,
    "ParallelImagingReductionFactors": [
      0.571429,
      1
    ],
    "PercentPhaseFieldOfView": 100,
    "PhaseEncodingDirection": "i",
    "PixelBandwidth": 122.07,
    "PixelSpacing": [
      0.4688,
      0.4688
    ],
    "ReceiveCoilName": "8HRBRAIN",
    "RepetitionTime": 0.0064,
    "Rows": 512,
    "SATFatWaterBone": 0,
    "ScanOptions": [
      "FAST_GEMS",
      "EDR_GEMS",
      "FILTERED_GEMS",
      "ACC_GEMS"
    ],
    "ScanningSequence": "GR",
    "SequenceVariant": [
      "SS",
      "SK"
    ],
    "SeriesDate": "18740108",
    "SeriesDescription": "Sag3D_T1_1mm3",
    "SeriesNumber": 2,
    "SeriesTime": "201457",
    "SliceThickness": 1,
    "SpacingBetweenSlices": 1,
    "StudyTime": "201308",
    "modality": "T1w",
    "session_id": "1",
    "subject_id": "9088"
  },
  "cjv": 0.3451209760472712,
  "cnr": 3.771281804359098,
  "efc": 0.6325435414904153,
  "fber": 181.11572265625,
  "fwhm_avg": 7.061568957473502,
  "fwhm_x": 4.5269,
  "fwhm_y": 8.708446944851337,
  "fwhm_z": 7.949359927569169,
  "icvs_csf": 0.22077717114643908,
  "icvs_gm": 0.3991804876670987,
  "icvs_wm": 0.38004234118646224,
  "inu_med": 1.0784991979599,
  "inu_range": 0.5860570669174194,
  "provenance": {
    "md5sum": "0914718200090f0e7a2b93fce2490ac5",
    "mriqc_pred": 0,
    "settings": {
      "testing": false
    },
    "software": "mriqc",
    "version": "0.9.6",
    "warnings": {
      "large_rot_frame": true,
      "small_air_mask": false
    }
  },
  "qi_1": 1.3210278430952657e-05,
  "qi_2": 0.0004536931468432902,
  "rpve_csf": 23.305975374149185,
  "rpve_gm": 13.070641288209066,
  "rpve_wm": 16.734340771146208,
  "size_x": 180,
  "size_y": 512,
  "size_z": 512,
  "snr_csf": 3.792412161492688,
  "snr_gm": 12.839295969112735,
  "snr_total": 12.765987091433267,
  "snr_wm": 21.666253143694377,
  "snrd_csf": 19.724687992698843,
  "snrd_gm": 34.29554690486124,
  "snrd_total": 33.8849153936306,
  "snrd_wm": 47.634511283331726,
  "spacing_x": 1.0,
  "spacing_y": 0.46880000829696655,
  "spacing_z": 0.46880000829696655,
  "summary_bg_k": 3.1208967693161824,
  "summary_bg_mad": 13.753479957580566,
  "summary_bg_mean": 48.314266204833984,
  "summary_bg_median": 46.38572692871094,
  "summary_bg_n": 9465345.0,
  "summary_bg_p05": 27.310958099365234,
  "summary_bg_p95": 75.98703460693353,
  "summary_bg_stdv": 15.450547218322754,
  "summary_csf_k": -0.6505368390455786,
  "summary_csf_mad": 127.269287109375,
  "summary_csf_mean": 410.17425537109375,
  "summary_csf_median": 414.0864562988281,
  "summary_csf_n": 159748.0,
  "summary_csf_p05": 232.4831527709961,
  "summary_csf_p95": 576.5000915527344,
  "summary_csf_stdv": 109.18780517578125,
  "summary_gm_k": 0.4854015208367124,
  "summary_gm_mad": 52.17902374267578,
  "summary_gm_mean": 724.0245361328125,
  "summary_gm_median": 719.9769897460938,
  "summary_gm_n": 184738.0,
  "summary_gm_p05": 639.2537902832031,
  "summary_gm_p95": 824.7252471923829,
  "summary_gm_stdv": 56.075897216796875,
  "summary_wm_k": 0.33576841448151207,
  "summary_wm_mad": 44.4648551940918,
  "summary_wm_mean": 1000.07275390625,
  "summary_wm_median": 1000.0059814453125,
  "summary_wm_n": 1177456.0,
  "summary_wm_p05": 924.4307098388672,
  "summary_wm_p95": 1075.6327819824219,
  "summary_wm_stdv": 46.15498352050781,
  "tpm_overlap_csf": 0.18902398645877838,
  "tpm_overlap_gm": 0.47165894508361816,
  "tpm_overlap_wm": 0.5546000003814697,
  "wm2max": 0.513593388828107
}