{
  "bids_meta": {
    "AcquisitionDuration": 238.55128,
    "Columns": 512,
    "EchoTime": 0.00281,
    "EchoTrainLength": 1,
    "EffectiveEchoSpacing": 0,
    "FieldOfView": [
      240.03,
      240.03,
      180
    ],
    "FlipAngle": 11,
    "GEImageTypeRIMPCode": 0,
    "ImageType": "ORIGINAL/PRIMARY/OTHER",
    "ImagingFrequency": 127.76499,
    "InplanePhaseEncodingDirection": "ROW",
    "InversionTime": 0.45,
    "MRAcquisitionType": "3D",
    "MagneticFieldStrength": 3,
    "Manufacturer": "GE MEDICAL SYSTEMS",
    "ManufacturersModelName": "DISCOVERY MR750",
    "NumberOfAverages": 1,
    "NumberOfEPIShots": 0,
    "NumberOfEchoes": 1,
    "NumberOfSlices": 180,
    "ParallelImagingReductionFactors": [
      0.571429,
      1
    ],
    "PercentPhaseFieldOfView": 100,
    "PhaseEncodingDirection": "i",
    "PixelBandwidth": 122.07,
    "PixelSpacing": [
      0.4688,
      0.4688
    ],
    "ReceiveCoilName": "8HRBRAIN",
    "RepetitionTime": 0.0064,
    "Rows": 512,
    "SATFatWaterBone": 0,
    "ScanOptions": [
      "FAST_GEMS",
      "EDR_GEMS",
      "FILTERED_GEMS",
      "ACC_GEMS"
    ],
    "ScanningSequence": "GR",
    "SequenceVariant": [
      "SS",
      "SK"
    ],
    "SeriesDate": "18740612",
    "SeriesDescription": "Sag3D_T1_1mm3",
    "SeriesNumber": 2,
    "SeriesTime": "182939",
    "SliceThickness": 1,
    "SpacingBetweenSlices": 1,
    "StudyTime": "182805",
    "modality": "T1w",
    "session_id": "2",
    "subject_id": "9048"
  },
  "cjv": 0.4204729728335141,
  "cnr": 3.2363537561558497,
  "efc": 0.6500522128153976,
  "fber": 113.5679702758789,
  "fwhm_avg": 5.5854990455810665,
  "fwhm_x": 3.46311,
  "fwhm_y": 6.908254997189504,
  "fwhm_z": 6.385132139553695,
  "icvs_csf": 0.21707613664619826,
  "icvs_gm": 0.39131536828261415,
  "icvs_wm": 0.3916084950711876,
  "inu_med": 1.2814700603485107,
  "inu_range": 0.47601802349090594,
  "provenance": {
    "md5sum": "d432d8463166823a1aa29289b8eef617",
    "mriqc_pred": 0,
    "settings": {
      "testing": false
    },
    "software": "mriqc",
    "version": "0.9.6",
    "warnings": {
      "large_rot_frame": true,
      "small_air_mask": false
    }
  },
  "qi_1": 0.0,
  "qi_2": 0.00024314815564151074,
  "rpve_csf": 25.685124194936332,
  "rpve_gm": 14.356091549817503,
  "rpve_wm": 17.489405816669017,
  "size_x": 180,
  "size_y": 512,
  "size_z": 512,
  "snr_csf": 3.7135554264702875,
  "snr_gm": 12.80895435619831,
  "snr_total": 11.440410381194388,
  "snr_wm": 17.79872136091457,
  "snrd_csf": 14.961313329037777,
  "snrd_gm": 29.930465379911467,
  "snrd_total": 28.55889276416376,
  "snrd_wm": 40.78489958354205,
  "spacing_x": 1.0,
  "spacing_y": 0.46880000829696655,
  "spacing_z": 0.46880000829696655,
  "summary_bg_k": 2.2775861264851356,
  "summary_bg_mad": 16.06346321105957,
  "summary_bg_mean": 56.22278594970703,
  "summary_bg_median": 54.39101028442383,
  "summary_bg_n": 8385345.0,
  "summary_bg_p05": 30.815436172485352,
  "summary_bg_p95": 87.95523529052733,
  "summary_bg_stdv": 17.98306655883789,
  "summary_csf_k": -0.30014274914981165,
  "summary_csf_mad": 104.30686950683594,
  "summary_csf_mean": 372.6249084472656,
  "summary_csf_median": 366.8404235839844,
  "summary_csf_n": 88241.0,
  "summary_csf_p05": 216.15440368652344,
  "summary_csf_p95": 534.9207153320312,
  "summary_csf_stdv": 98.7835922241211,
  "summary_gm_k": 0.1466579176193279,
  "summary_gm_mad": 56.14632034301758,
  "summary_gm_mean": 735.1304321289062,
  "summary_gm_median": 733.873046875,
  "summary_gm_n": 129091.0,
  "summary_gm_p05": 643.0448913574219,
  "summary_gm_p95": 831.7296447753906,
  "summary_gm_stdv": 57.29352951049805,
  "summary_wm_k": 0.07870264942215499,
  "summary_wm_mad": 55.759517669677734,
  "summary_wm_mean": 1001.2723388671875,
  "summary_wm_median": 1000.0158081054688,
  "summary_wm_n": 1079654.0,
  "summary_wm_p05": 910.9249053955078,
  "summary_wm_p95": 1095.751574707031,
  "summary_wm_stdv": 56.18467330932617,
  "tpm_overlap_csf": 0.16332809627056122,
  "tpm_overlap_gm": 0.44143086671829224,
  "tpm_overlap_wm": 0.5515425801277161,
  "wm2max": 0.4154096678231114
}