{
  "bids_meta": {
    "AcquisitionDuration": 238.55128,
    "Columns": 512,
    "EchoTime": 0.00281,
    "EchoTrainLength": 1,
    "EffectiveEchoSpacing": 0,
    "FieldOfView": [
      240.03,
      240.03,
      180
    ],
    "FlipAngle": 11,
    "GEImageTypeRIMPCode": 0,
    "ImageType": "ORIGINAL/PRIMARY/OTHER",
    "ImagingFrequency": 127.765079,
    "InplanePhaseEncodingDirection": "ROW",
    "InversionTime": 0.45,
    "MRAcquisitionType": "3D",
    "MagneticFieldStrength": 3,
    "Manufacturer": "GE MEDICAL SYSTEMS",
    "ManufacturersModelName": "DISCOVERY MR750",
    "NumberOfAverages": 1,
    "NumberOfEPIShots": 0,
    "NumberOfEchoes": 1,
    "NumberOfSlices": 180,
    "ParallelImagingReductionFactors": [
      0.571429,
      1
    ],
    "PercentPhaseFieldOfView": 100,
    "PhaseEncodingDirection": "i",
    "PixelBandwidth": 122.07,
    "PixelSpacing": [
      0.4688,
      0.4688
    ],
    "ReceiveCoilName": "8HRBRAIN",
    "RepetitionTime": 0.0064,
    "Rows": 512,
    "SATFatWaterBone": 0,
    "ScanOptions": [
      "FAST_GEMS",
      "EDR_GEMS",
      "FILTERED_GEMS",
      "ACC_GEMS"
    ],
    "ScanningSequence": "GR",
    "SequenceVariant": [
      "SS",
      "SK"
    ],
    "SeriesDate": "18740216",
    "SeriesDescription": "Sag3D_T1_1mm3",
    "SeriesNumber": 2,
    "SeriesTime": "195617",
    "SliceThickness": 1,
    "SpacingBetweenSlices": 1,
    "StudyTime": "195435",
    "modality": "T1w",
    "session_id": "1",
    "subject_id": "9079"
  },
  "cjv": 0.4199736789810353,
  "cnr": 3.2324332803336087,
  "efc": 0.6510581568177748,
  "fber": 120.51390838623047,
  "fwhm_avg": 6.245782870680258,
  "fwhm_x": 3.95179,
  "fwhm_y": 7.685985358851614,
  "fwhm_z": 7.09957325318916,
  "icvs_csf": 0.2337546342692632,
  "icvs_gm": 0.39002394496541437,
  "icvs_wm": 0.37622142076532245,
  "inu_med": 1.3110589981079102,
  "inu_range": 0.42309638261795035,
  "provenance": {
    "md5sum": "2ab00702b338dfca488946f96045dabd",
    "mriqc_pred": 0,
    "settings": {
      "testing": false
    },
    "software": "mriqc",
    "version": "0.9.6",
    "warnings": {
      "large_rot_frame": true,
      "small_air_mask": false
    }
  },
  "qi_1": 0.0,
  "qi_2": 0.00022484484225245824,
  "rpve_csf": 22.51804761629809,
  "rpve_gm": 13.108714006009892,
  "rpve_wm": 16.3998965882531,
  "size_x": 180,
  "size_y": 512,
  "size_z": 512,
  "snr_csf": 4.324441821438236,
  "snr_gm": 12.731753228212119,
  "snr_total": 11.289563712852514,
  "snr_wm": 16.81249608890719,
  "snrd_csf": 13.376334140750494,
  "snrd_gm": 29.501329140600973,
  "snrd_total": 27.83708389380962,
  "snrd_wm": 40.6335884000774,
  "spacing_x": 1.0,
  "spacing_y": 0.46880000829696655,
  "spacing_z": 0.46880000829696655,
  "summary_bg_k": 87.82053405553914,
  "summary_bg_mad": 16.123165130615234,
  "summary_bg_mean": 56.645912170410156,
  "summary_bg_median": 54.253265380859375,
  "summary_bg_n": 9467890.0,
  "summary_bg_p05": 31.073351764678954,
  "summary_bg_p95": 89.64260673522945,
  "summary_bg_stdv": 19.845340728759766,
  "summary_csf_k": 0.4655794021566835,
  "summary_csf_mad": 69.13646697998047,
  "summary_csf_mean": 337.75146484375,
  "summary_csf_median": 329.1968688964844,
  "summary_csf_n": 241411.0,
  "summary_csf_p05": 226.1231689453125,
  "summary_csf_p95": 477.9206237792969,
  "summary_csf_stdv": 76.12454986572266,
  "summary_gm_k": 0.07940263743972631,
  "summary_gm_mad": 56.366798400878906,
  "summary_gm_mean": 725.7173461914062,
  "summary_gm_median": 726.0393676757812,
  "summary_gm_n": 138502.0,
  "summary_gm_p05": 630.9970855712891,
  "summary_gm_p95": 819.0657348632812,
  "summary_gm_stdv": 57.02566909790039,
  "summary_wm_k": 0.3148062882738092,
  "summary_wm_mad": 58.69309616088867,
  "summary_wm_mean": 1002.1295166015625,
  "summary_wm_median": 1000.0086669921875,
  "summary_wm_n": 1122845.0,
  "summary_wm_p05": 908.4678588867188,
  "summary_wm_p95": 1102.5557861328125,
  "summary_wm_stdv": 59.48005676269531,
  "tpm_overlap_csf": 0.20131884515285492,
  "tpm_overlap_gm": 0.44692936539649963,
  "tpm_overlap_wm": 0.5224846601486206,
  "wm2max": 0.4426837578294418
}