{
  "bids_meta": {
    "AcquisitionDuration": 238.55128,
    "Columns": 512,
    "EchoTime": 0.00281,
    "EchoTrainLength": 1,
    "EffectiveEchoSpacing": 0,
    "FieldOfView": [
      240.03,
      240.03,
      180
    ],
    "FlipAngle": 11,
    "GEImageTypeRIMPCode": 0,
    "ImageType": "ORIGINAL/PRIMARY/OTHER",
    "ImagingFrequency": 127.765039,
    "InplanePhaseEncodingDirection": "ROW",
    "InversionTime": 0.45,
    "MRAcquisitionType": "3D",
    "MagneticFieldStrength": 3,
    "Manufacturer": "GE MEDICAL SYSTEMS",
    "ManufacturersModelName": "DISCOVERY MR750",
    "NumberOfAverages": 1,
    "NumberOfEPIShots": 0,
    "NumberOfEchoes": 1,
    "NumberOfSlices": 180,
    "ParallelImagingReductionFactors": [
      0.571429,
      1
    ],
    "PercentPhaseFieldOfView": 100,
    "PhaseEncodingDirection": "i",
    "PixelBandwidth": 122.07,
    "PixelSpacing": [
      0.4688,
      0.4688
    ],
    "ReceiveCoilName": "8HRBRAIN",
    "RepetitionTime": 0.0064,
    "Rows": 512,
    "SATFatWaterBone": 0,
    "ScanOptions": [
      "FAST_GEMS",
      "EDR_GEMS",
      "FILTERED_GEMS",
      "ACC_GEMS"
    ],
    "ScanningSequence": "GR",
    "SequenceVariant": [
      "SS",
      "SK"
    ],
    "SeriesDate": "18740606",
    "SeriesDescription": "Sag3D_T1_1mm3",
    "SeriesNumber": 2,
    "SeriesTime": "181351",
    "SliceThickness": 1,
    "SpacingBetweenSlices": 1,
    "StudyTime": "181123",
    "modality": "T1w",
    "session_id": "1",
    "subject_id": "9029"
  },
  "cjv": 0.4210417855324085,
  "cnr": 3.217118928281551,
  "efc": 0.6448800276955439,
  "fber": 136.81085205078125,
  "fwhm_avg": 6.320171515648954,
  "fwhm_x": 3.96813,
  "fwhm_y": 7.7180672695466175,
  "fwhm_z": 7.274317277400241,
  "icvs_csf": 0.23634563172215337,
  "icvs_gm": 0.3952025707743501,
  "icvs_wm": 0.36845179750349655,
  "inu_med": 1.3194775581359863,
  "inu_range": 0.41970856189727757,
  "provenance": {
    "md5sum": "f12b258f2899a13bbdd5b5245db13c0d",
    "mriqc_pred": 0,
    "settings": {
      "testing": false
    },
    "software": "mriqc",
    "version": "0.9.6",
    "warnings": {
      "large_rot_frame": true,
      "small_air_mask": false
    }
  },
  "qi_1": 0.0,
  "qi_2": 0.0002696664863191015,
  "rpve_csf": 26.13494363030854,
  "rpve_gm": 15.305570532433778,
  "rpve_wm": 19.539318197736666,
  "size_x": 180,
  "size_y": 512,
  "size_z": 512,
  "snr_csf": 4.010287194202543,
  "snr_gm": 14.235031660103617,
  "snr_total": 11.822278027357825,
  "snr_wm": 17.221515227767313,
  "snrd_csf": 14.51157019683763,
  "snrd_gm": 30.493304979974038,
  "snrd_total": 28.71651645981285,
  "snrd_wm": 41.14467420262689,
  "spacing_x": 1.0,
  "spacing_y": 0.46880000829696655,
  "spacing_z": 0.46880000829696655,
  "summary_bg_k": 36.86352650286307,
  "summary_bg_mad": 15.922958374023438,
  "summary_bg_mean": 55.960941314697266,
  "summary_bg_median": 53.4694938659668,
  "summary_bg_n": 8145625.0,
  "summary_bg_p05": 30.77849769592285,
  "summary_bg_p95": 88.51925964355469,
  "summary_bg_stdv": 19.819555282592773,
  "summary_csf_k": -0.15634529463881952,
  "summary_csf_mad": 87.76626586914062,
  "summary_csf_mean": 363.1831359863281,
  "summary_csf_median": 352.7008056640625,
  "summary_csf_n": 168542.0,
  "summary_csf_p05": 235.02220458984374,
  "summary_csf_p95": 522.1020843505859,
  "summary_csf_stdv": 87.9487533569336,
  "summary_gm_k": 0.05707881368200729,
  "summary_gm_mad": 51.50223922729492,
  "summary_gm_mean": 741.3635864257812,
  "summary_gm_median": 741.1336669921875,
  "summary_gm_n": 144463.0,
  "summary_gm_p05": 655.8171020507813,
  "summary_gm_p95": 827.2806213378906,
  "summary_gm_stdv": 52.06388854980469,
  "summary_wm_k": 0.21849700374585357,
  "summary_wm_mad": 57.496803283691406,
  "summary_wm_mean": 1003.3809204101562,
  "summary_wm_median": 1000.0130615234375,
  "summary_wm_n": 926436.0,
  "summary_wm_p05": 913.8438720703125,
  "summary_wm_p95": 1103.7940979003906,
  "summary_wm_stdv": 58.067626953125,
  "tpm_overlap_csf": 0.20320765674114227,
  "tpm_overlap_gm": 0.45394882559776306,
  "tpm_overlap_wm": 0.538547694683075,
  "wm2max": 0.3970934163000687
}