{
  "bids_meta": {
    "AcquisitionDuration": 238.55128,
    "Columns": 512,
    "EchoTime": 0.00281,
    "EchoTrainLength": 1,
    "EffectiveEchoSpacing": 0,
    "FieldOfView": [
      240.03,
      240.03,
      180
    ],
    "FlipAngle": 11,
    "GEImageTypeRIMPCode": 0,
    "ImageType": "ORIGINAL/PRIMARY/OTHER",
    "ImagingFrequency": 127.765122,
    "InplanePhaseEncodingDirection": "ROW",
    "InversionTime": 0.45,
    "MRAcquisitionType": "3D",
    "MagneticFieldStrength": 3,
    "Manufacturer": "GE MEDICAL SYSTEMS",
    "ManufacturersModelName": "DISCOVERY MR750",
    "NumberOfAverages": 1,
    "NumberOfEPIShots": 0,
    "NumberOfEchoes": 1,
    "NumberOfSlices": 180,
    "ParallelImagingReductionFactors": [
      0.571429,
      1
    ],
    "PercentPhaseFieldOfView": 100,
    "PhaseEncodingDirection": "i",
    "PixelBandwidth": 122.07,
    "PixelSpacing": [
      0.4688,
      0.4688
    ],
    "ReceiveCoilName": "8HRBRAIN",
    "RepetitionTime": 0.0064,
    "Rows": 512,
    "SATFatWaterBone": 0,
    "ScanOptions": [
      "FAST_GEMS",
      "EDR_GEMS",
      "FILTERED_GEMS",
      "ACC_GEMS"
    ],
    "ScanningSequence": "GR",
    "SequenceVariant": [
      "SS",
      "SK"
    ],
    "SeriesDate": "18740411",
    "SeriesDescription": "Sag3D_T1_1mm3",
    "SeriesNumber": 2,
    "SeriesTime": "180223",
    "SliceThickness": 1,
    "SpacingBetweenSlices": 1,
    "StudyTime": "180028",
    "modality": "T1w",
    "session_id": "2",
    "subject_id": "9064"
  },
  "cjv": 0.4141488023325693,
  "cnr": 3.2927648131282967,
  "efc": 0.6235328848864957,
  "fber": 166.38026428222656,
  "fwhm_avg": 6.127020414372637,
  "fwhm_x": 3.77014,
  "fwhm_y": 7.527730242198537,
  "fwhm_z": 7.0831910009193715,
  "icvs_csf": 0.22710418442072952,
  "icvs_gm": 0.409856255055147,
  "icvs_wm": 0.3630395605241235,
  "inu_med": 1.2689487934112549,
  "inu_range": 0.4344770610332489,
  "provenance": {
    "md5sum": "65af138a079594df55f57bc44c6b0e2a",
    "mriqc_pred": 0,
    "settings": {
      "testing": false
    },
    "software": "mriqc",
    "version": "0.9.6",
    "warnings": {
      "large_rot_frame": true,
      "small_air_mask": false
    }
  },
  "qi_1": 0.0,
  "qi_2": 0.00031522219833195767,
  "rpve_csf": 26.400347502159214,
  "rpve_gm": 14.758152104955972,
  "rpve_wm": 19.286946169704073,
  "size_x": 180,
  "size_y": 512,
  "size_z": 512,
  "snr_csf": 4.054391105957821,
  "snr_gm": 13.259653837966578,
  "snr_total": 11.694507133255621,
  "snr_wm": 17.769476455842465,
  "snrd_csf": 15.154745381595193,
  "snrd_gm": 35.03231230190942,
  "snrd_total": 32.62057301408144,
  "snrd_wm": 47.67466135873971,
  "spacing_x": 1.0,
  "spacing_y": 0.46880000829696655,
  "spacing_z": 0.46880000829696655,
  "summary_bg_k": 3.148754582807344,
  "summary_bg_mad": 13.741922378540039,
  "summary_bg_mean": 51.899864196777344,
  "summary_bg_median": 50.07838439941406,
  "summary_bg_n": 10345504.0,
  "summary_bg_p05": 30.367203330993654,
  "summary_bg_p95": 79.81923866271971,
  "summary_bg_stdv": 15.735490798950195,
  "summary_csf_k": 0.8875342393203574,
  "summary_csf_mad": 65.96231842041016,
  "summary_csf_mean": 329.9212646484375,
  "summary_csf_median": 317.8808898925781,
  "summary_csf_n": 195147.0,
  "summary_csf_p05": 221.8561248779297,
  "summary_csf_p95": 483.4200897216797,
  "summary_csf_stdv": 78.40390014648438,
  "summary_gm_k": 0.02323475856015822,
  "summary_gm_mad": 55.407371520996094,
  "summary_gm_mean": 736.3890991210938,
  "summary_gm_median": 734.8261108398438,
  "summary_gm_n": 191759.0,
  "summary_gm_p05": 647.958984375,
  "summary_gm_p95": 830.0181274414062,
  "summary_gm_stdv": 55.418052673339844,
  "summary_wm_k": 0.4548912923107129,
  "summary_wm_mad": 54.41731262207031,
  "summary_wm_mean": 1000.2852172851562,
  "summary_wm_median": 1000.0078125,
  "summary_wm_n": 931476.0,
  "summary_wm_p05": 908.2967376708984,
  "summary_wm_p95": 1093.3013000488281,
  "summary_wm_stdv": 56.27668762207031,
  "tpm_overlap_csf": 0.21358129382133484,
  "tpm_overlap_gm": 0.47554394602775574,
  "tpm_overlap_wm": 0.5395443439483643,
  "wm2max": 0.4313042813648725
}