{
  "bids_meta": {
    "AcquisitionDuration": 238.55128,
    "Columns": 512,
    "EchoTime": 0.00281,
    "EchoTrainLength": 1,
    "EffectiveEchoSpacing": 0,
    "FieldOfView": [
      240.03,
      240.03,
      180
    ],
    "FlipAngle": 11,
    "GEImageTypeRIMPCode": 0,
    "ImageType": "ORIGINAL/PRIMARY/OTHER",
    "ImagingFrequency": 127.765093,
    "InplanePhaseEncodingDirection": "ROW",
    "InversionTime": 0.45,
    "MRAcquisitionType": "3D",
    "MagneticFieldStrength": 3,
    "Manufacturer": "GE MEDICAL SYSTEMS",
    "ManufacturersModelName": "DISCOVERY MR750",
    "NumberOfAverages": 1,
    "NumberOfEPIShots": 0,
    "NumberOfEchoes": 1,
    "NumberOfSlices": 180,
    "ParallelImagingReductionFactors": [
      0.571429,
      1
    ],
    "PercentPhaseFieldOfView": 100,
    "PhaseEncodingDirection": "i",
    "PixelBandwidth": 122.07,
    "PixelSpacing": [
      0.4688,
      0.4688
    ],
    "ReceiveCoilName": "8HRBRAIN",
    "RepetitionTime": 0.0064,
    "Rows": 512,
    "SATFatWaterBone": 0,
    "ScanOptions": [
      "FAST_GEMS",
      "EDR_GEMS",
      "FILTERED_GEMS",
      "ACC_GEMS"
    ],
    "ScanningSequence": "GR",
    "SequenceVariant": [
      "SS",
      "SK"
    ],
    "SeriesDate": "18740304",
    "SeriesDescription": "Sag3D_T1_1mm3",
    "SeriesNumber": 2,
    "SeriesTime": "181923",
    "SliceThickness": 1,
    "SpacingBetweenSlices": 1,
    "StudyTime": "181752",
    "modality": "T1w",
    "session_id": "2",
    "subject_id": "9061"
  },
  "cjv": 0.32736310209725744,
  "cnr": 4.118142655113288,
  "efc": 0.6376484801099433,
  "fber": 146.75628662109375,
  "fwhm_avg": 6.59784988499067,
  "fwhm_x": 4.15541,
  "fwhm_y": 8.166190128509799,
  "fwhm_z": 7.471949526462211,
  "icvs_csf": 0.20291853463101395,
  "icvs_gm": 0.41390227499906496,
  "icvs_wm": 0.3831791903699211,
  "inu_med": 1.3219881057739258,
  "inu_range": 0.48652100563049316,
  "provenance": {
    "md5sum": "496be0f0ca8254c674706e0bb25daacf",
    "mriqc_pred": 0,
    "settings": {
      "testing": false
    },
    "software": "mriqc",
    "version": "0.9.6",
    "warnings": {
      "large_rot_frame": true,
      "small_air_mask": false
    }
  },
  "qi_1": 2.0005115853717866e-06,
  "qi_2": 0.0003309258207954564,
  "rpve_csf": 22.053182253572857,
  "rpve_gm": 11.565550759983125,
  "rpve_wm": 15.054713749756775,
  "size_x": 180,
  "size_y": 512,
  "size_z": 512,
  "snr_csf": 3.9614686875765908,
  "snr_gm": 14.211919539484514,
  "snr_total": 12.685488715860378,
  "snr_wm": 19.88307792052003,
  "snrd_csf": 16.991788226385452,
  "snrd_gm": 32.10599187003476,
  "snrd_total": 31.60952868609751,
  "snrd_wm": 45.73080596187233,
  "spacing_x": 1.0,
  "spacing_y": 0.46880000829696655,
  "spacing_z": 0.46880000829696655,
  "summary_bg_k": 3.7903274427541485,
  "summary_bg_mad": 14.325947761535645,
  "summary_bg_mean": 51.371158599853516,
  "summary_bg_median": 49.526123046875,
  "summary_bg_n": 10357788.0,
  "summary_bg_p05": 29.104349994659422,
  "summary_bg_p95": 79.82012367248537,
  "summary_bg_stdv": 16.256542205810547,
  "summary_csf_k": -0.39097617814532803,
  "summary_csf_mad": 102.31014251708984,
  "summary_csf_mean": 373.7657775878906,
  "summary_csf_median": 371.5615234375,
  "summary_csf_n": 144307.0,
  "summary_csf_p05": 223.42703247070312,
  "summary_csf_p95": 524.7283142089843,
  "summary_csf_stdv": 93.7935562133789,
  "summary_gm_k": 0.1791563144424222,
  "summary_gm_mad": 48.27755355834961,
  "summary_gm_mean": 704.0407104492188,
  "summary_gm_median": 702.065673828125,
  "summary_gm_n": 244606.0,
  "summary_gm_p05": 626.2587738037109,
  "summary_gm_p95": 788.6912841796875,
  "summary_gm_stdv": 49.39967727661133,
  "summary_wm_k": 0.34986897418526475,
  "summary_wm_mad": 49.255531311035156,
  "summary_wm_mean": 999.26025390625,
  "summary_wm_median": 1000.0011596679688,
  "summary_wm_n": 1334034.0,
  "summary_wm_p05": 915.9436187744141,
  "summary_wm_p95": 1080.3695068359375,
  "summary_wm_stdv": 50.294063568115234,
  "tpm_overlap_csf": 0.2104090005159378,
  "tpm_overlap_gm": 0.49434739351272583,
  "tpm_overlap_wm": 0.5578474998474121,
  "wm2max": 0.42141696751410485
}