{
  "bids_meta": {
    "AcquisitionDuration": 393.106368,
    "Columns": 512,
    "EchoTime": 0.12754,
    "EchoTrainLength": 140,
    "EffectiveEchoSpacing": 0,
    "FieldOfView": [
      240.03,
      240.03,
      87.6
    ],
    "FlipAngle": 90,
    "GEImageTypeRIMPCode": 0,
    "ImageType": "ORIGINAL/PRIMARY/OTHER",
    "ImagingFrequency": 127.765132,
    "InplanePhaseEncodingDirection": "ROW",
    "InversionTime": 1.86,
    "MRAcquisitionType": "3D",
    "MagneticFieldStrength": 3,
    "Manufacturer": "GE MEDICAL SYSTEMS",
    "ManufacturersModelName": "DISCOVERY MR750",
    "NumberOfAverages": 1,
    "NumberOfEPIShots": 1,
    "NumberOfEchoes": 1,
    "NumberOfSlices": 146,
    "ParallelImagingReductionFactors": [
      0.5,
      0.5
    ],
    "PercentPhaseFieldOfView": 100,
    "PhaseEncodingDirection": "i",
    "PixelBandwidth": 122.07,
    "PixelSpacing": [
      0.4688,
      0.4688
    ],
    "ReceiveCoilName": "8HRBRAIN",
    "RepetitionTime": 6,
    "Rows": 512,
    "SATFatWaterBone": 0,
    "ScanOptions": [
      "EDR_GEMS",
      "FILTERED_GEMS",
      "ACC_GEMS"
    ],
    "ScanningSequence": [
      "SE",
      "IR"
    ],
    "SequenceVariant": "SK",
    "SeriesDate": "18740503",
    "SeriesDescription": "Sag CUBE T2 flair",
    "SeriesNumber": 11,
    "SeriesTime": "192731",
    "SliceThickness": 1.2,
    "SpacingBetweenSlices": 0.600002,
    "StudyTime": "181249",
    "modality": "T2w",
    "session_id": "1",
    "subject_id": "9023"
  },
  "cjv": 0.7918092540313758,
  "cnr": 0.68300168033239,
  "efc": 0.6509719091852412,
  "fber": 173.09384155273438,
  "fwhm_avg": 4.405420731713856,
  "fwhm_x": 3.8648331797586613,
  "fwhm_y": 4.887670561960667,
  "fwhm_z": 4.463758453422239,
  "icvs_csf": 0.41266359227980925,
  "icvs_gm": 0.4400599084135816,
  "icvs_wm": 0.14727649930660916,
  "inu_med": 1.1084611415863037,
  "inu_range": 0.5782468676567077,
  "provenance": {
    "md5sum": "48003d242b998c212f585442c443677f",
    "settings": {
      "testing": false
    },
    "software": "mriqc",
    "version": "0.9.6",
    "warnings": {
      "large_rot_frame": true,
      "small_air_mask": false
    }
  },
  "qi_1": 0.0,
  "qi_2": 0.0004663055138408522,
  "rpve_csf": 13.323472062427122,
  "rpve_gm": 12.036460315805163,
  "rpve_wm": 34.17346839912587,
  "size_x": 292,
  "size_y": 512,
  "size_z": 512,
  "snr_csf": 14.733565725950303,
  "snr_gm": 13.590158753836901,
  "snr_total": 9.81836498490552,
  "snr_wm": 1.1313704749293518,
  "snrd_csf": 34.63187520651436,
  "snrd_gm": 28.20257926797556,
  "snrd_total": 26.78468282177597,
  "snrd_wm": 17.51959399083799,
  "spacing_x": 0.6000000238418579,
  "spacing_y": 0.46880000829696655,
  "spacing_z": 0.46880000829696655,
  "summary_bg_k": 4.214548922307742,
  "summary_bg_mad": 37.37747573852539,
  "summary_bg_mean": 91.08890533447266,
  "summary_bg_median": 84.39840698242188,
  "summary_bg_n": 15823774.0,
  "summary_bg_p05": 37.255448532104495,
  "summary_bg_p95": 168.309814453125,
  "summary_bg_stdv": 42.26646423339844,
  "summary_csf_k": 0.3014483888599835,
  "summary_csf_mad": 131.2808837890625,
  "summary_csf_mean": 1984.10791015625,
  "summary_csf_median": 1975.851318359375,
  "summary_csf_n": 716484.0,
  "summary_csf_p05": 1779.1158264160156,
  "summary_csf_p95": 2217.774133300781,
  "summary_csf_stdv": 134.1053466796875,
  "summary_gm_k": -0.1369262327413172,
  "summary_gm_mad": 120.97859191894531,
  "summary_gm_mean": 1613.539306640625,
  "summary_gm_median": 1609.0408935546875,
  "summary_gm_n": 435446.0,
  "summary_gm_p05": 1426.6745910644531,
  "summary_gm_p95": 1815.2522583007812,
  "summary_gm_stdv": 118.39736938476562,
  "summary_wm_k": 1.3141110676366834,
  "summary_wm_mad": 361.6260070800781,
  "summary_wm_mean": 1259.6357421875,
  "summary_wm_median": 999.5448608398438,
  "summary_wm_n": 174158.0,
  "summary_wm_p05": 307.00688018798826,
  "summary_wm_p95": 3255.253735351562,
  "summary_wm_stdv": 883.4789428710938,
  "tpm_overlap_csf": 0.08520884066820145,
  "tpm_overlap_gm": 0.3320503532886505,
  "tpm_overlap_wm": 0.09768223017454147,
  "wm2max": 0.2254571915703881
}