{
  "bids_meta": {
    "AcquisitionDuration": 238.55128,
    "Columns": 512,
    "EchoTime": 0.00281,
    "EchoTrainLength": 1,
    "EffectiveEchoSpacing": 0,
    "FieldOfView": [
      240.03,
      240.03,
      180
    ],
    "FlipAngle": 11,
    "GEImageTypeRIMPCode": 0,
    "ImageType": "ORIGINAL/PRIMARY/OTHER",
    "ImagingFrequency": 127.765096,
    "InplanePhaseEncodingDirection": "ROW",
    "InversionTime": 0.45,
    "MRAcquisitionType": "3D",
    "MagneticFieldStrength": 3,
    "Manufacturer": "GE MEDICAL SYSTEMS",
    "ManufacturersModelName": "DISCOVERY MR750",
    "NumberOfAverages": 1,
    "NumberOfEPIShots": 0,
    "NumberOfEchoes": 1,
    "NumberOfSlices": 180,
    "ParallelImagingReductionFactors": [
      0.571429,
      1
    ],
    "PercentPhaseFieldOfView": 100,
    "PhaseEncodingDirection": "i",
    "PixelBandwidth": 122.07,
    "PixelSpacing": [
      0.4688,
      0.4688
    ],
    "ReceiveCoilName": "8HRBRAIN",
    "RepetitionTime": 0.0064,
    "Rows": 512,
    "SATFatWaterBone": 0,
    "ScanOptions": [
      "FAST_GEMS",
      "EDR_GEMS",
      "FILTERED_GEMS",
      "ACC_GEMS"
    ],
    "ScanningSequence": "GR",
    "SequenceVariant": [
      "SS",
      "SK"
    ],
    "SeriesDate": "18740220",
    "SeriesDescription": "Sag3D_T1_1mm3",
    "SeriesNumber": 2,
    "SeriesTime": "181627",
    "SliceThickness": 1,
    "SpacingBetweenSlices": 1,
    "StudyTime": "181452",
    "modality": "T1w",
    "session_id": "2",
    "subject_id": "9080"
  },
  "cjv": 0.39745350868605417,
  "cnr": 3.314180165978429,
  "efc": 0.6546576067789661,
  "fber": 163.87867736816406,
  "fwhm_avg": 6.773875001348775,
  "fwhm_x": 4.15872,
  "fwhm_y": 8.476642341445354,
  "fwhm_z": 7.6862626626009725,
  "icvs_csf": 0.2085098194795566,
  "icvs_gm": 0.4119701213740534,
  "icvs_wm": 0.37952005914639,
  "inu_med": 1.2440519332885742,
  "inu_range": 0.6288517922163008,
  "provenance": {
    "md5sum": "76f2673490178f21d4dd832aa15b9666",
    "mriqc_pred": 0,
    "settings": {
      "testing": false
    },
    "software": "mriqc",
    "version": "0.9.6",
    "warnings": {
      "large_rot_frame": true,
      "small_air_mask": false
    }
  },
  "qi_1": 0.00038849848299619185,
  "qi_2": 0.000306601158350606,
  "rpve_csf": 24.126877486254372,
  "rpve_gm": 12.73272008724713,
  "rpve_wm": 16.399146691995526,
  "size_x": 180,
  "size_y": 512,
  "size_z": 512,
  "snr_csf": 3.5241910145051,
  "snr_gm": 13.150914796199299,
  "snr_total": 11.684749891790398,
  "snr_wm": 18.379143864666794,
  "snrd_csf": 15.386209819401625,
  "snrd_gm": 30.721733609758225,
  "snrd_total": 29.313266088266346,
  "snrd_wm": 41.83185483563919,
  "spacing_x": 1.0,
  "spacing_y": 0.46880000829696655,
  "spacing_z": 0.46880000829696655,
  "summary_bg_k": 20.099733243850007,
  "summary_bg_mad": 15.661298751831055,
  "summary_bg_mean": 52.32593536376953,
  "summary_bg_median": 49.705116271972656,
  "summary_bg_n": 9174083.0,
  "summary_bg_p05": 28.531914901733398,
  "summary_bg_p95": 84.45435256958011,
  "summary_bg_stdv": 18.520259857177734,
  "summary_csf_k": -0.5338082202304735,
  "summary_csf_mad": 115.221923828125,
  "summary_csf_mean": 379.29296875,
  "summary_csf_median": 367.81353759765625,
  "summary_csf_n": 155007.0,
  "summary_csf_p05": 224.6846984863281,
  "summary_csf_p95": 555.9868835449217,
  "summary_csf_stdv": 104.36788177490234,
  "summary_gm_k": 0.38967816613850825,
  "summary_gm_mad": 53.35390853881836,
  "summary_gm_mean": 737.9800415039062,
  "summary_gm_median": 734.4154052734375,
  "summary_gm_n": 222628.0,
  "summary_gm_p05": 652.7827178955079,
  "summary_gm_p95": 836.2138244628906,
  "summary_gm_stdv": 55.845069885253906,
  "summary_wm_k": 0.43431611082653276,
  "summary_wm_mad": 52.2065315246582,
  "summary_wm_mean": 1000.6953125,
  "summary_wm_median": 1000.00732421875,
  "summary_wm_n": 1182027.0,
  "summary_wm_p05": 912.3806579589843,
  "summary_wm_p95": 1090.5525756835937,
  "summary_wm_stdv": 54.409873962402344,
  "tpm_overlap_csf": 0.20376625657081604,
  "tpm_overlap_gm": 0.48240578174591064,
  "tpm_overlap_wm": 0.5402454733848572,
  "wm2max": 0.44982837619725646
}