{
  "bids_meta": {
    "AcquisitionDuration": 238.444688,
    "Columns": 512,
    "EchoTime": 0.00281,
    "EchoTrainLength": 1,
    "EffectiveEchoSpacing": 0,
    "FieldOfView": [
      240.03,
      240.03,
      180
    ],
    "FlipAngle": 11,
    "GEImageTypeRIMPCode": 0,
    "ImageType": "ORIGINAL/PRIMARY/OTHER",
    "ImagingFrequency": 127.765168,
    "InplanePhaseEncodingDirection": "ROW",
    "InversionTime": 0.45,
    "MRAcquisitionType": "3D",
    "MagneticFieldStrength": 3,
    "Manufacturer": "GE MEDICAL SYSTEMS",
    "ManufacturersModelName": "DISCOVERY MR750",
    "NumberOfAverages": 1,
    "NumberOfEPIShots": 0,
    "NumberOfEchoes": 1,
    "NumberOfSlices": 180,
    "ParallelImagingReductionFactors": [
      0.571429,
      1
    ],
    "PercentPhaseFieldOfView": 100,
    "PhaseEncodingDirection": "i",
    "PixelBandwidth": 122.07,
    "PixelSpacing": [
      0.4688,
      0.4688
    ],
    "ReceiveCoilName": "8HRBRAIN",
    "RepetitionTime": 0.0064,
    "Rows": 512,
    "SATFatWaterBone": 0,
    "ScanOptions": [
      "FAST_GEMS",
      "EDR_GEMS",
      "FILTERED_GEMS",
      "ACC_GEMS"
    ],
    "ScanningSequence": "GR",
    "SequenceVariant": [
      "SS",
      "SK"
    ],
    "SeriesDate": "18730527",
    "SeriesDescription": "Sag3D_T1_1mm3",
    "SeriesNumber": 2,
    "SeriesTime": "170326",
    "SliceThickness": 1,
    "SpacingBetweenSlices": 1,
    "StudyTime": "170112",
    "modality": "T1w",
    "session_id": "1",
    "subject_id": "9076"
  },
  "cjv": 0.352256197941894,
  "cnr": 3.7476853452715546,
  "efc": 0.6537967291100292,
  "fber": 152.16879272460938,
  "fwhm_avg": 6.1295436001548085,
  "fwhm_x": 3.83605,
  "fwhm_y": 7.633489625992303,
  "fwhm_z": 6.919091174472124,
  "icvs_csf": 0.19289357191316756,
  "icvs_gm": 0.4305321328967979,
  "icvs_wm": 0.37657429519003455,
  "inu_med": 1.160665512084961,
  "inu_range": 0.45461048483848565,
  "provenance": {
    "md5sum": "3f81efa24e3a26345f178d9340513bf9",
    "mriqc_pred": 0,
    "settings": {
      "testing": false
    },
    "software": "mriqc",
    "version": "0.9.6",
    "warnings": {
      "large_rot_frame": true,
      "small_air_mask": false
    }
  },
  "qi_1": 0.0,
  "qi_2": 0.0003855726640704965,
  "rpve_csf": 22.33862056998135,
  "rpve_gm": 11.042261643757268,
  "rpve_wm": 14.892365918070007,
  "size_x": 180,
  "size_y": 512,
  "size_z": 512,
  "snr_csf": 3.271990003599002,
  "snr_gm": 12.980811336915389,
  "snr_total": 11.926376073250914,
  "snr_wm": 19.526326879238354,
  "snrd_csf": 14.90490484365597,
  "snrd_gm": 32.47932345405597,
  "snrd_total": 30.990880353927565,
  "snrd_wm": 45.58841276407076,
  "spacing_x": 1.0,
  "spacing_y": 0.46880000829696655,
  "spacing_z": 0.46880000829696655,
  "summary_bg_k": 1.2757274611474338,
  "summary_bg_mad": 14.37083625793457,
  "summary_bg_mean": 51.8690299987793,
  "summary_bg_median": 50.19247055053711,
  "summary_bg_n": 8844677.0,
  "summary_bg_p05": 29.489866638183596,
  "summary_bg_p95": 80.29081726074219,
  "summary_bg_stdv": 15.879249572753906,
  "summary_csf_k": 1.9430400665597407,
  "summary_csf_mad": 96.30996704101562,
  "summary_csf_mean": 341.55126953125,
  "summary_csf_median": 326.9486389160156,
  "summary_csf_n": 107671.0,
  "summary_csf_p05": 196.24951934814453,
  "summary_csf_p95": 521.1392517089844,
  "summary_csf_stdv": 99.92301940917969,
  "summary_gm_k": 0.440325739837681,
  "summary_gm_mad": 51.61327362060547,
  "summary_gm_mean": 715.6685180664062,
  "summary_gm_median": 712.4547729492188,
  "summary_gm_n": 249205.0,
  "summary_gm_p05": 631.1387451171875,
  "summary_gm_p95": 812.0428833007812,
  "summary_gm_stdv": 54.88511657714844,
  "summary_wm_k": 0.23307003747171073,
  "summary_wm_mad": 49.680206298828125,
  "summary_wm_mean": 1000.8258666992188,
  "summary_wm_median": 1000.0110473632812,
  "summary_wm_n": 1314044.0,
  "summary_wm_p05": 917.9326904296875,
  "summary_wm_p95": 1086.283184814453,
  "summary_wm_stdv": 51.21345520019531,
  "tpm_overlap_csf": 0.21501119434833527,
  "tpm_overlap_gm": 0.5061277747154236,
  "tpm_overlap_wm": 0.5672608613967896,
  "wm2max": 0.45583447927744436
}