{
  "bids_meta": {
    "AcquisitionDuration": 238.55128,
    "Columns": 512,
    "EchoTime": 0.00281,
    "EchoTrainLength": 1,
    "EffectiveEchoSpacing": 0,
    "FieldOfView": [
      240.03,
      240.03,
      180
    ],
    "FlipAngle": 11,
    "GEImageTypeRIMPCode": 0,
    "ImageType": "ORIGINAL/PRIMARY/OTHER",
    "ImagingFrequency": 127.76514,
    "InplanePhaseEncodingDirection": "ROW",
    "InversionTime": 0.45,
    "MRAcquisitionType": "3D",
    "MagneticFieldStrength": 3,
    "Manufacturer": "GE MEDICAL SYSTEMS",
    "ManufacturersModelName": "DISCOVERY MR750",
    "NumberOfAverages": 1,
    "NumberOfEPIShots": 0,
    "NumberOfEchoes": 1,
    "NumberOfSlices": 180,
    "ParallelImagingReductionFactors": [
      0.571429,
      1
    ],
    "PercentPhaseFieldOfView": 100,
    "PhaseEncodingDirection": "i",
    "PixelBandwidth": 122.07,
    "PixelSpacing": [
      0.4688,
      0.4688
    ],
    "ReceiveCoilName": "8HRBRAIN",
    "RepetitionTime": 0.0064,
    "Rows": 512,
    "SATFatWaterBone": 0,
    "ScanOptions": [
      "FAST_GEMS",
      "EDR_GEMS",
      "FILTERED_GEMS",
      "ACC_GEMS"
    ],
    "ScanningSequence": "GR",
    "SequenceVariant": [
      "SS",
      "SK"
    ],
    "SeriesDate": "18740223",
    "SeriesDescription": "Sag3D_T1_1mm3",
    "SeriesNumber": 2,
    "SeriesTime": "182751",
    "SliceThickness": 1,
    "SpacingBetweenSlices": 1,
    "StudyTime": "182604",
    "modality": "T1w",
    "session_id": "1",
    "subject_id": "9026"
  },
  "cjv": 0.40500745387521425,
  "cnr": 3.367370823371965,
  "efc": 0.6256840448819719,
  "fber": 158.80580139160156,
  "fwhm_avg": 5.990250006886913,
  "fwhm_x": 3.71081,
  "fwhm_y": 7.467022052146689,
  "fwhm_z": 6.79291796851405,
  "icvs_csf": 0.20875074439476776,
  "icvs_gm": 0.40791503127156986,
  "icvs_wm": 0.3833342243336624,
  "inu_med": 1.3609317541122437,
  "inu_range": 0.481370037794113,
  "provenance": {
    "md5sum": "2f033eefdc7fff33974d989a0669c10d",
    "mriqc_pred": 0,
    "settings": {
      "testing": false
    },
    "software": "mriqc",
    "version": "0.9.6",
    "warnings": {
      "large_rot_frame": true,
      "small_air_mask": false
    }
  },
  "qi_1": 0.0,
  "qi_2": 0.0008141075787505262,
  "rpve_csf": 26.09752912402293,
  "rpve_gm": 13.565429805235995,
  "rpve_wm": 17.00398049235483,
  "size_x": 180,
  "size_y": 512,
  "size_z": 512,
  "snr_csf": 3.8746916059357988,
  "snr_gm": 12.99406279035634,
  "snr_total": 11.923349320064446,
  "snr_wm": 18.901293563901202,
  "snrd_csf": 13.732505932649596,
  "snrd_gm": 31.43455469266184,
  "snrd_total": 29.34542669885522,
  "snrd_wm": 42.86921947125422,
  "spacing_x": 1.0,
  "spacing_y": 0.46880000829696655,
  "spacing_z": 0.46880000829696655,
  "summary_bg_k": 2.7310488954252152,
  "summary_bg_mad": 15.282367706298828,
  "summary_bg_mean": 54.20306396484375,
  "summary_bg_median": 52.25566101074219,
  "summary_bg_n": 10451221.0,
  "summary_bg_p05": 30.67601203918457,
  "summary_bg_p95": 84.36663055419922,
  "summary_bg_stdv": 17.056236267089844,
  "summary_csf_k": 0.5847378688095803,
  "summary_csf_mad": 70.54167175292969,
  "summary_csf_mean": 335.2262268066406,
  "summary_csf_median": 320.33819580078125,
  "summary_csf_n": 191994.0,
  "summary_csf_p05": 222.84039916992188,
  "summary_csf_p95": 496.52157897949223,
  "summary_csf_stdv": 82.67428588867188,
  "summary_gm_k": 0.0337274555467153,
  "summary_gm_mad": 55.836387634277344,
  "summary_gm_mean": 736.187744140625,
  "summary_gm_median": 733.27392578125,
  "summary_gm_n": 187386.0,
  "summary_gm_p05": 648.2456665039062,
  "summary_gm_p95": 834.0608062744141,
  "summary_gm_stdv": 56.43130874633789,
  "summary_wm_k": 0.1504533800336434,
  "summary_wm_mad": 52.19386291503906,
  "summary_wm_mean": 999.6871337890625,
  "summary_wm_median": 1000.0103759765625,
  "summary_wm_n": 1054064.0,
  "summary_wm_p05": 912.1047027587891,
  "summary_wm_p95": 1085.97705078125,
  "summary_wm_stdv": 52.90695571899414,
  "tpm_overlap_csf": 0.21256056427955627,
  "tpm_overlap_gm": 0.46177077293395996,
  "tpm_overlap_wm": 0.5254645943641663,
  "wm2max": 0.3902484817414229
}