{
  "bids_meta": {
    "AcquisitionDuration": 238.55128,
    "Columns": 512,
    "EchoTime": 0.00281,
    "EchoTrainLength": 1,
    "EffectiveEchoSpacing": 0,
    "FieldOfView": [
      240.03,
      240.03,
      180
    ],
    "FlipAngle": 11,
    "GEImageTypeRIMPCode": 0,
    "ImageType": "ORIGINAL/PRIMARY/OTHER",
    "ImagingFrequency": 127.765027,
    "InplanePhaseEncodingDirection": "ROW",
    "InversionTime": 0.45,
    "MRAcquisitionType": "3D",
    "MagneticFieldStrength": 3,
    "Manufacturer": "GE MEDICAL SYSTEMS",
    "ManufacturersModelName": "DISCOVERY MR750",
    "NumberOfAverages": 1,
    "NumberOfEPIShots": 0,
    "NumberOfEchoes": 1,
    "NumberOfSlices": 180,
    "ParallelImagingReductionFactors": [
      0.571429,
      1
    ],
    "PercentPhaseFieldOfView": 100,
    "PhaseEncodingDirection": "i",
    "PixelBandwidth": 122.07,
    "PixelSpacing": [
      0.4688,
      0.4688
    ],
    "ReceiveCoilName": "8HRBRAIN",
    "RepetitionTime": 0.0064,
    "Rows": 512,
    "SATFatWaterBone": 0,
    "ScanOptions": [
      "FAST_GEMS",
      "EDR_GEMS",
      "FILTERED_GEMS",
      "ACC_GEMS"
    ],
    "ScanningSequence": "GR",
    "SequenceVariant": [
      "SS",
      "SK"
    ],
    "SeriesDate": "18740318",
    "SeriesDescription": "Sag3D_T1_1mm3",
    "SeriesNumber": 2,
    "SeriesTime": "190142",
    "SliceThickness": 1,
    "SpacingBetweenSlices": 1,
    "StudyTime": "190007",
    "modality": "T1w",
    "session_id": "1",
    "subject_id": "9094"
  },
  "cjv": 0.4116131287096144,
  "cnr": 3.2810162673966663,
  "efc": 0.6163011227471145,
  "fber": 151.55245971679688,
  "fwhm_avg": 6.180849412036468,
  "fwhm_x": 3.72847,
  "fwhm_y": 7.594560445793912,
  "fwhm_z": 7.219517790315492,
  "icvs_csf": 0.19762735674253323,
  "icvs_gm": 0.4252386944835845,
  "icvs_wm": 0.3771339487738823,
  "inu_med": 1.2896146774291992,
  "inu_range": 0.447799277305603,
  "provenance": {
    "md5sum": "123e5a7a097f90b0b137104e5842b1c9",
    "mriqc_pred": 0,
    "settings": {
      "testing": false
    },
    "software": "mriqc",
    "version": "0.9.6",
    "warnings": {
      "large_rot_frame": true,
      "small_air_mask": false
    }
  },
  "qi_1": 7.3565189792935e-07,
  "qi_2": 0.0003017063602747261,
  "rpve_csf": 36.02600579732402,
  "rpve_gm": 17.956881918350472,
  "rpve_wm": 23.520259212047907,
  "size_x": 180,
  "size_y": 512,
  "size_z": 512,
  "snr_csf": 3.4611081745237158,
  "snr_gm": 13.645346236260293,
  "snr_total": 11.634381422474315,
  "snr_wm": 17.796689856638938,
  "snrd_csf": 14.5786120381412,
  "snrd_gm": 32.51389324685655,
  "snrd_total": 30.38298775595602,
  "snrd_wm": 44.05645798287031,
  "spacing_x": 1.0,
  "spacing_y": 0.46880000829696655,
  "spacing_z": 0.46880000829696655,
  "summary_bg_k": 4.316795372254202,
  "summary_bg_mad": 14.870515823364258,
  "summary_bg_mean": 53.61751174926758,
  "summary_bg_median": 51.48719024658203,
  "summary_bg_n": 8975276.0,
  "summary_bg_p05": 30.607789993286133,
  "summary_bg_p95": 83.75342178344727,
  "summary_bg_stdv": 17.14141082763672,
  "summary_csf_k": -0.25669464330596226,
  "summary_csf_mad": 95.90461730957031,
  "summary_csf_mean": 344.42803955078125,
  "summary_csf_median": 330.91046142578125,
  "summary_csf_n": 72648.0,
  "summary_csf_p05": 207.16100006103517,
  "summary_csf_p95": 518.3371185302734,
  "summary_csf_stdv": 95.60758209228516,
  "summary_gm_k": 0.1866857198415297,
  "summary_gm_mad": 52.176666259765625,
  "summary_gm_mean": 738.8671875,
  "summary_gm_median": 738.0117797851562,
  "summary_gm_n": 141033.0,
  "summary_gm_p05": 650.9520629882812,
  "summary_gm_p95": 829.7023071289062,
  "summary_gm_stdv": 54.085044860839844,
  "summary_wm_k": 0.08814730499829526,
  "summary_wm_mad": 55.664817810058594,
  "summary_wm_mean": 1001.8081665039062,
  "summary_wm_median": 1000.0089721679688,
  "summary_wm_n": 783991.0,
  "summary_wm_p05": 912.2799072265625,
  "summary_wm_p95": 1096.7987060546875,
  "summary_wm_stdv": 56.19069290161133,
  "tpm_overlap_csf": 0.21720680594444275,
  "tpm_overlap_gm": 0.4912967085838318,
  "tpm_overlap_wm": 0.5512070059776306,
  "wm2max": 0.41335292965006615
}