{
  "bids_meta": {
    "AcquisitionDuration": 238.55128,
    "Columns": 512,
    "EchoTime": 0.00281,
    "EchoTrainLength": 1,
    "EffectiveEchoSpacing": 0,
    "FieldOfView": [
      240.03,
      240.03,
      180
    ],
    "FlipAngle": 11,
    "GEImageTypeRIMPCode": 0,
    "ImageType": "ORIGINAL/PRIMARY/OTHER",
    "ImagingFrequency": 127.765161,
    "InplanePhaseEncodingDirection": "ROW",
    "InversionTime": 0.45,
    "MRAcquisitionType": "3D",
    "MagneticFieldStrength": 3,
    "Manufacturer": "GE MEDICAL SYSTEMS",
    "ManufacturersModelName": "DISCOVERY MR750",
    "NumberOfAverages": 1,
    "NumberOfEPIShots": 0,
    "NumberOfEchoes": 1,
    "NumberOfSlices": 180,
    "ParallelImagingReductionFactors": [
      0.571429,
      1
    ],
    "PercentPhaseFieldOfView": 100,
    "PhaseEncodingDirection": "i",
    "PixelBandwidth": 122.07,
    "PixelSpacing": [
      0.4688,
      0.4688
    ],
    "ReceiveCoilName": "8HRBRAIN",
    "RepetitionTime": 0.0064,
    "Rows": 512,
    "SATFatWaterBone": 0,
    "ScanOptions": [
      "FAST_GEMS",
      "EDR_GEMS",
      "FILTERED_GEMS",
      "ACC_GEMS"
    ],
    "ScanningSequence": "GR",
    "SequenceVariant": [
      "SS",
      "SK"
    ],
    "SeriesDate": "18740103",
    "SeriesDescription": "Sag3D_T1_1mm3",
    "SeriesNumber": 2,
    "SeriesTime": "200433",
    "SliceThickness": 1,
    "SpacingBetweenSlices": 1,
    "StudyTime": "200253",
    "modality": "T1w",
    "session_id": "2",
    "subject_id": "9084"
  },
  "cjv": 0.32364436790717926,
  "cnr": 4.0138198912980805,
  "efc": 0.6172167388201052,
  "fber": 214.59474182128906,
  "fwhm_avg": 6.404389251005182,
  "fwhm_x": 4.10086,
  "fwhm_y": 7.850981089719864,
  "fwhm_z": 7.261326663295682,
  "icvs_csf": 0.20030856683407705,
  "icvs_gm": 0.433197980706148,
  "icvs_wm": 0.36649345245977494,
  "inu_med": 1.1243691444396973,
  "inu_range": 0.384340763092041,
  "provenance": {
    "md5sum": "94c623141317790de4962d479ea8654c",
    "mriqc_pred": 0,
    "settings": {
      "testing": false
    },
    "software": "mriqc",
    "version": "0.9.6",
    "warnings": {
      "large_rot_frame": true,
      "small_air_mask": false
    }
  },
  "qi_1": 0.00038533004462415634,
  "qi_2": 0.0003905010164564755,
  "rpve_csf": 26.356738277071234,
  "rpve_gm": 13.41153330879307,
  "rpve_wm": 18.437802489710137,
  "size_x": 180,
  "size_y": 512,
  "size_z": 512,
  "snr_csf": 3.433632786387171,
  "snr_gm": 13.355564022691638,
  "snr_total": 13.169951697257469,
  "snr_wm": 22.720658282693602,
  "snrd_csf": 17.859775692685744,
  "snrd_gm": 37.10148061926626,
  "snrd_total": 35.60901954366576,
  "snrd_wm": 51.86580231904526,
  "spacing_x": 1.0,
  "spacing_y": 0.46880000829696655,
  "spacing_z": 0.46880000829696655,
  "summary_bg_k": 33.69001912036262,
  "summary_bg_mad": 12.631443977355957,
  "summary_bg_mean": 45.122039794921875,
  "summary_bg_median": 43.37944793701172,
  "summary_bg_n": 8014823.0,
  "summary_bg_p05": 25.506229972839357,
  "summary_bg_p95": 70.18145828247066,
  "summary_bg_stdv": 14.963231086730957,
  "summary_csf_k": -0.5802741077537998,
  "summary_csf_mad": 104.55278015136719,
  "summary_csf_mean": 364.6731262207031,
  "summary_csf_median": 344.3477783203125,
  "summary_csf_n": 138987.0,
  "summary_csf_p05": 224.54328308105468,
  "summary_csf_p95": 536.7819580078124,
  "summary_csf_stdv": 100.28636169433594,
  "summary_gm_k": 0.40657795771666505,
  "summary_gm_mad": 50.344139099121094,
  "summary_gm_mean": 719.9661865234375,
  "summary_gm_median": 715.3400268554688,
  "summary_gm_n": 250383.0,
  "summary_gm_p05": 640.1529602050781,
  "summary_gm_p95": 816.9133666992188,
  "summary_gm_stdv": 53.561092376708984,
  "summary_wm_k": 0.41371127236759975,
  "summary_wm_mad": 41.78623580932617,
  "summary_wm_mean": 1000.2064819335938,
  "summary_wm_median": 1000.0054931640625,
  "summary_wm_n": 1097233.0,
  "summary_wm_p05": 928.031201171875,
  "summary_wm_p95": 1072.56337890625,
  "summary_wm_stdv": 44.013031005859375,
  "tpm_overlap_csf": 0.22182348370552063,
  "tpm_overlap_gm": 0.5044634938240051,
  "tpm_overlap_wm": 0.5518090724945068,
  "wm2max": 0.4286104456306026
}