{
  "bids_meta": {
    "AcquisitionDuration": 238.55128,
    "Columns": 512,
    "EchoTime": 0.00281,
    "EchoTrainLength": 1,
    "EffectiveEchoSpacing": 0,
    "FieldOfView": [
      240.03,
      240.03,
      180
    ],
    "FlipAngle": 11,
    "GEImageTypeRIMPCode": 0,
    "ImageType": "ORIGINAL/PRIMARY/OTHER",
    "ImagingFrequency": 127.765158,
    "InplanePhaseEncodingDirection": "ROW",
    "InversionTime": 0.45,
    "MRAcquisitionType": "3D",
    "MagneticFieldStrength": 3,
    "Manufacturer": "GE MEDICAL SYSTEMS",
    "ManufacturersModelName": "DISCOVERY MR750",
    "NumberOfAverages": 1,
    "NumberOfEPIShots": 0,
    "NumberOfEchoes": 1,
    "NumberOfSlices": 180,
    "ParallelImagingReductionFactors": [
      0.571429,
      1
    ],
    "PercentPhaseFieldOfView": 100,
    "PhaseEncodingDirection": "i",
    "PixelBandwidth": 122.07,
    "PixelSpacing": [
      0.4688,
      0.4688
    ],
    "ReceiveCoilName": "8HRBRAIN",
    "RepetitionTime": 0.0064,
    "Rows": 512,
    "SATFatWaterBone": 0,
    "ScanOptions": [
      "FAST_GEMS",
      "EDR_GEMS",
      "FILTERED_GEMS",
      "ACC_GEMS"
    ],
    "ScanningSequence": "GR",
    "SequenceVariant": [
      "SS",
      "SK"
    ],
    "SeriesDate": "18731216",
    "SeriesDescription": "Sag3D_T1_1mm3",
    "SeriesNumber": 2,
    "SeriesTime": "194744",
    "SliceThickness": 1,
    "SpacingBetweenSlices": 1,
    "StudyTime": "194553",
    "modality": "T1w",
    "session_id": "2",
    "subject_id": "9059"
  },
  "cjv": 0.32797283216195683,
  "cnr": 3.936207295596231,
  "efc": 0.632442230018362,
  "fber": 152.9578857421875,
  "fwhm_avg": 6.477136906122305,
  "fwhm_x": 4.09694,
  "fwhm_y": 7.930524603670441,
  "fwhm_z": 7.403946114696473,
  "icvs_csf": 0.20158400350229122,
  "icvs_gm": 0.4307911195855669,
  "icvs_wm": 0.3676248769121419,
  "inu_med": 1.2558211088180542,
  "inu_range": 0.5561120867729186,
  "provenance": {
    "md5sum": "e3a0eb5d0af16b61f4a87ec4ec89b404",
    "mriqc_pred": 0,
    "settings": {
      "testing": false
    },
    "software": "mriqc",
    "version": "0.9.6",
    "warnings": {
      "large_rot_frame": true,
      "small_air_mask": false
    }
  },
  "qi_1": 0.0024617479811026182,
  "qi_2": 0.00039561694722688845,
  "rpve_csf": 26.693827647676713,
  "rpve_gm": 13.342146262997645,
  "rpve_wm": 18.078525131848732,
  "size_x": 180,
  "size_y": 512,
  "size_z": 512,
  "snr_csf": 3.524236726347752,
  "snr_gm": 13.166787575530533,
  "snr_total": 11.985702857100838,
  "snr_wm": 19.26608426942423,
  "snrd_csf": 16.180588516225754,
  "snrd_gm": 32.061149403879654,
  "snrd_total": 31.36420573574256,
  "snrd_wm": 45.850879287122275,
  "spacing_x": 1.0,
  "spacing_y": 0.46880000829696655,
  "spacing_z": 0.46880000829696655,
  "summary_bg_k": 122.61262445697888,
  "summary_bg_mad": 14.288473129272461,
  "summary_bg_mean": 52.809043884277344,
  "summary_bg_median": 50.979312896728516,
  "summary_bg_n": 8741313.0,
  "summary_bg_p05": 29.976171875,
  "summary_bg_p95": 80.70765075683593,
  "summary_bg_stdv": 17.986656188964844,
  "summary_csf_k": -0.5340008895980932,
  "summary_csf_mad": 112.965576171875,
  "summary_csf_mean": 361.7298583984375,
  "summary_csf_median": 352.8973693847656,
  "summary_csf_n": 135197.0,
  "summary_csf_p05": 211.87583312988284,
  "summary_csf_p95": 524.9530883789063,
  "summary_csf_stdv": 100.13404083251953,
  "summary_gm_k": 0.4439499899064989,
  "summary_gm_mad": 50.1156005859375,
  "summary_gm_mean": 702.036865234375,
  "summary_gm_median": 699.2511596679688,
  "summary_gm_n": 213438.0,
  "summary_gm_p05": 619.7704223632812,
  "summary_gm_p95": 794.3299041748047,
  "summary_gm_stdv": 53.10707092285156,
  "summary_wm_k": 0.5387793119608051,
  "summary_wm_mad": 48.523189544677734,
  "summary_wm_mean": 999.43896484375,
  "summary_wm_median": 1000.0040893554688,
  "summary_wm_n": 984887.0,
  "summary_wm_p05": 912.8469116210938,
  "summary_wm_p95": 1083.851611328125,
  "summary_wm_stdv": 51.904869079589844,
  "tpm_overlap_csf": 0.20766611397266388,
  "tpm_overlap_gm": 0.49829307198524475,
  "tpm_overlap_wm": 0.53400719165802,
  "wm2max": 0.4148121029452712
}