{
  "bids_meta": {
    "AcquisitionDuration": 238.55128,
    "Columns": 512,
    "EchoTime": 0.00281,
    "EchoTrainLength": 1,
    "EffectiveEchoSpacing": 0,
    "FieldOfView": [
      240.03,
      240.03,
      180
    ],
    "FlipAngle": 11,
    "GEImageTypeRIMPCode": 0,
    "ImageType": "ORIGINAL/PRIMARY/OTHER",
    "ImagingFrequency": 127.76509,
    "InplanePhaseEncodingDirection": "ROW",
    "InversionTime": 0.45,
    "MRAcquisitionType": "3D",
    "MagneticFieldStrength": 3,
    "Manufacturer": "GE MEDICAL SYSTEMS",
    "ManufacturersModelName": "DISCOVERY MR750",
    "NumberOfAverages": 1,
    "NumberOfEPIShots": 0,
    "NumberOfEchoes": 1,
    "NumberOfSlices": 180,
    "ParallelImagingReductionFactors": [
      0.571429,
      1
    ],
    "PercentPhaseFieldOfView": 100,
    "PhaseEncodingDirection": "i",
    "PixelBandwidth": 122.07,
    "PixelSpacing": [
      0.4688,
      0.4688
    ],
    "ReceiveCoilName": "8HRBRAIN",
    "RepetitionTime": 0.0064,
    "Rows": 512,
    "SATFatWaterBone": 0,
    "ScanOptions": [
      "FAST_GEMS",
      "EDR_GEMS",
      "FILTERED_GEMS",
      "ACC_GEMS"
    ],
    "ScanningSequence": "GR",
    "SequenceVariant": [
      "SS",
      "SK"
    ],
    "SeriesDate": "18740203",
    "SeriesDescription": "Sag3D_T1_1mm3",
    "SeriesNumber": 2,
    "SeriesTime": "180033",
    "SliceThickness": 1,
    "SpacingBetweenSlices": 1,
    "StudyTime": "175858",
    "modality": "T1w",
    "session_id": "1",
    "subject_id": "9092"
  },
  "cjv": 0.4237997805119224,
  "cnr": 3.1112505413795812,
  "efc": 0.6768805120042146,
  "fber": 159.0144500732422,
  "fwhm_avg": 6.472855655266898,
  "fwhm_x": 4.18015,
  "fwhm_y": 7.892640645296554,
  "fwhm_z": 7.345776320504138,
  "icvs_csf": 0.2281042981140524,
  "icvs_gm": 0.3909937284747259,
  "icvs_wm": 0.38090197341122173,
  "inu_med": 1.1482491493225098,
  "inu_range": 0.5165911018848419,
  "provenance": {
    "md5sum": "a76adaa47426f7f8fbbee2821ea53335",
    "mriqc_pred": 0,
    "settings": {
      "testing": false
    },
    "software": "mriqc",
    "version": "0.9.6",
    "warnings": {
      "large_rot_frame": true,
      "small_air_mask": false
    }
  },
  "qi_1": 0.0,
  "qi_2": 0.0002677217427029863,
  "rpve_csf": 21.093502681919354,
  "rpve_gm": 12.285521280184703,
  "rpve_wm": 15.560031783790466,
  "size_x": 180,
  "size_y": 512,
  "size_z": 512,
  "snr_csf": 3.951703865594191,
  "snr_gm": 12.083166696177228,
  "snr_total": 11.860030449302947,
  "snr_wm": 19.545220786137424,
  "snrd_csf": 17.82690669854378,
  "snrd_gm": 29.86793890585711,
  "snrd_total": 29.273917102681782,
  "snrd_wm": 40.12690570364446,
  "spacing_x": 1.0,
  "spacing_y": 0.46880000829696655,
  "spacing_z": 0.46880000829696655,
  "summary_bg_k": 1.7255653679995122,
  "summary_bg_mad": 16.326824188232422,
  "summary_bg_mean": 53.606849670410156,
  "summary_bg_median": 51.016414642333984,
  "summary_bg_n": 9375852.0,
  "summary_bg_p05": 28.73866777420044,
  "summary_bg_p95": 87.54785499572753,
  "summary_bg_stdv": 18.443330764770508,
  "summary_csf_k": -0.6851736941470943,
  "summary_csf_mad": 130.7842254638672,
  "summary_csf_mean": 436.1654357910156,
  "summary_csf_median": 444.26898193359375,
  "summary_csf_n": 201052.0,
  "summary_csf_p05": 253.29552307128907,
  "summary_csf_p95": 605.5769317626953,
  "summary_csf_stdv": 112.42438507080078,
  "summary_gm_k": 0.2634722109151446,
  "summary_gm_mad": 58.845977783203125,
  "summary_gm_mean": 748.7483520507812,
  "summary_gm_median": 744.3466796875,
  "summary_gm_n": 189340.0,
  "summary_gm_p05": 655.0694702148437,
  "summary_gm_p95": 859.2004608154297,
  "summary_gm_stdv": 61.60179138183594,
  "summary_wm_k": 0.289286705193585,
  "summary_wm_mad": 49.50537872314453,
  "summary_wm_mean": 1001.4842529296875,
  "summary_wm_median": 1000.0130615234375,
  "summary_wm_n": 1290931.0,
  "summary_wm_p05": 919.86279296875,
  "summary_wm_p95": 1087.9124755859375,
  "summary_wm_stdv": 51.1640510559082,
  "tpm_overlap_csf": 0.19698205590248108,
  "tpm_overlap_gm": 0.4691762924194336,
  "tpm_overlap_wm": 0.5474600791931152,
  "wm2max": 0.5065593882956779
}