{
  "bids_meta": {
    "AcquisitionDuration": 238.55128,
    "Columns": 512,
    "EchoTime": 0.00281,
    "EchoTrainLength": 1,
    "EffectiveEchoSpacing": 0,
    "FieldOfView": [
      240.03,
      240.03,
      180
    ],
    "FlipAngle": 11,
    "GEImageTypeRIMPCode": 0,
    "ImageType": "ORIGINAL/PRIMARY/OTHER",
    "ImagingFrequency": 127.765044,
    "InplanePhaseEncodingDirection": "ROW",
    "InversionTime": 0.45,
    "MRAcquisitionType": "3D",
    "MagneticFieldStrength": 3,
    "Manufacturer": "GE MEDICAL SYSTEMS",
    "ManufacturersModelName": "DISCOVERY MR750",
    "NumberOfAverages": 1,
    "NumberOfEPIShots": 0,
    "NumberOfEchoes": 1,
    "NumberOfSlices": 180,
    "ParallelImagingReductionFactors": [
      0.571429,
      1
    ],
    "PercentPhaseFieldOfView": 100,
    "PhaseEncodingDirection": "i",
    "PixelBandwidth": 122.07,
    "PixelSpacing": [
      0.4688,
      0.4688
    ],
    "ReceiveCoilName": "8HRBRAIN",
    "RepetitionTime": 0.0064,
    "Rows": 512,
    "SATFatWaterBone": 0,
    "ScanOptions": [
      "FAST_GEMS",
      "EDR_GEMS",
      "FILTERED_GEMS",
      "ACC_GEMS"
    ],
    "ScanningSequence": "GR",
    "SequenceVariant": [
      "SS",
      "SK"
    ],
    "SeriesDate": "18740124",
    "SeriesDescription": "Sag3D_T1_1mm3",
    "SeriesNumber": 2,
    "SeriesTime": "175234",
    "SliceThickness": 1,
    "SpacingBetweenSlices": 1,
    "StudyTime": "175048",
    "modality": "T1w",
    "session_id": "2",
    "subject_id": "9033"
  },
  "cjv": 0.40592845192214244,
  "cnr": 3.363187109905832,
  "efc": 0.632673097152853,
  "fber": 165.41302490234375,
  "fwhm_avg": 6.170979299689936,
  "fwhm_x": 3.93941,
  "fwhm_y": 7.553903449926441,
  "fwhm_z": 7.019624449143367,
  "icvs_csf": 0.2082334849648976,
  "icvs_gm": 0.40448300209496224,
  "icvs_wm": 0.38728351294014013,
  "inu_med": 1.265674114227295,
  "inu_range": 0.47980867624282797,
  "provenance": {
    "md5sum": "72d0319bfa8e357b9745b1528b84f9c9",
    "mriqc_pred": 0,
    "settings": {
      "testing": false
    },
    "software": "mriqc",
    "version": "0.9.6",
    "warnings": {
      "large_rot_frame": true,
      "small_air_mask": false
    }
  },
  "qi_1": 4.407665348008453e-05,
  "qi_2": 0.0003282447192842158,
  "rpve_csf": 24.339035570919577,
  "rpve_gm": 12.83335383373666,
  "rpve_wm": 15.872958596236577,
  "size_x": 180,
  "size_y": 512,
  "size_z": 512,
  "snr_csf": 4.253658909922346,
  "snr_gm": 14.285087939484775,
  "snr_total": 12.158557726452566,
  "snr_wm": 17.93692632995058,
  "snrd_csf": 14.624130546686281,
  "snrd_gm": 33.017709592705266,
  "snrd_total": 30.791556467799825,
  "snrd_wm": 44.732829264007925,
  "spacing_x": 1.0,
  "spacing_y": 0.46880000829696655,
  "spacing_z": 0.46880000829696655,
  "summary_bg_k": 4.015402963983462,
  "summary_bg_mad": 14.645685195922852,
  "summary_bg_mean": 50.69306564331055,
  "summary_bg_median": 48.389347076416016,
  "summary_bg_n": 9896346.0,
  "summary_bg_p05": 28.229713439941406,
  "summary_bg_p95": 81.00899887084961,
  "summary_bg_stdv": 16.905406951904297,
  "summary_csf_k": 20.153080360263388,
  "summary_csf_mad": 64.95014953613281,
  "summary_csf_mean": 337.4603271484375,
  "summary_csf_median": 326.9249267578125,
  "summary_csf_n": 174814.0,
  "summary_csf_p05": 232.90936813354494,
  "summary_csf_p95": 481.7235702514648,
  "summary_csf_stdv": 76.85712432861328,
  "summary_gm_k": 0.1076250434666921,
  "summary_gm_mad": 51.121273040771484,
  "summary_gm_mean": 738.7711181640625,
  "summary_gm_median": 738.1165161132812,
  "summary_gm_n": 188157.0,
  "summary_gm_p05": 655.1663818359375,
  "summary_gm_p95": 824.4317504882813,
  "summary_gm_stdv": 51.670284271240234,
  "summary_wm_k": 0.21454548466016732,
  "summary_wm_mad": 55.18874740600586,
  "summary_wm_mean": 1000.9221801757812,
  "summary_wm_median": 1000.010009765625,
  "summary_wm_n": 1151565.0,
  "summary_wm_p05": 911.066259765625,
  "summary_wm_p95": 1093.084326171875,
  "summary_wm_stdv": 55.75144577026367,
  "tpm_overlap_csf": 0.2100517600774765,
  "tpm_overlap_gm": 0.46990859508514404,
  "tpm_overlap_wm": 0.5535160899162292,
  "wm2max": 0.4114885692024458
}