{
  "bids_meta": {
    "AcquisitionDuration": 238.444688,
    "Columns": 512,
    "EchoTime": 0.00281,
    "EchoTrainLength": 1,
    "EffectiveEchoSpacing": 0,
    "FieldOfView": [
      240.03,
      240.03,
      180
    ],
    "FlipAngle": 11,
    "GEImageTypeRIMPCode": 0,
    "ImageType": "ORIGINAL/PRIMARY/OTHER",
    "ImagingFrequency": 127.765184,
    "InplanePhaseEncodingDirection": "ROW",
    "InversionTime": 0.45,
    "MRAcquisitionType": "3D",
    "MagneticFieldStrength": 3,
    "Manufacturer": "GE MEDICAL SYSTEMS",
    "ManufacturersModelName": "DISCOVERY MR750",
    "NumberOfAverages": 1,
    "NumberOfEPIShots": 0,
    "NumberOfEchoes": 1,
    "NumberOfSlices": 180,
    "ParallelImagingReductionFactors": [
      0.571429,
      1
    ],
    "PercentPhaseFieldOfView": 100,
    "PhaseEncodingDirection": "i",
    "PixelBandwidth": 122.07,
    "PixelSpacing": [
      0.4688,
      0.4688
    ],
    "ReceiveCoilName": "8HRBRAIN",
    "RepetitionTime": 0.0064,
    "Rows": 512,
    "SATFatWaterBone": 0,
    "ScanOptions": [
      "FAST_GEMS",
      "EDR_GEMS",
      "FILTERED_GEMS",
      "ACC_GEMS"
    ],
    "ScanningSequence": "GR",
    "SequenceVariant": [
      "SS",
      "SK"
    ],
    "SeriesDate": "18730323",
    "SeriesDescription": "Sag3D_T1_1mm3",
    "SeriesNumber": 2,
    "SeriesTime": "203611",
    "SliceThickness": 1,
    "SpacingBetweenSlices": 1,
    "StudyTime": "203413",
    "modality": "T1w",
    "session_id": "2",
    "subject_id": "9044"
  },
  "cjv": 0.3978927888639351,
  "cnr": 3.434688834146727,
  "efc": 0.6658691487839702,
  "fber": 103.99481201171875,
  "fwhm_avg": 6.342022289051838,
  "fwhm_x": 3.99919,
  "fwhm_y": 7.737905153154565,
  "fwhm_z": 7.28897171400095,
  "icvs_csf": 0.21639309200845883,
  "icvs_gm": 0.4110845011019344,
  "icvs_wm": 0.3725224068896068,
  "inu_med": 1.2779501676559448,
  "inu_range": 0.4805724024772644,
  "provenance": {
    "md5sum": "a42c75e19f3e751cc2d9dc14164b4c2e",
    "mriqc_pred": 0,
    "settings": {
      "testing": false
    },
    "software": "mriqc",
    "version": "0.9.6",
    "warnings": {
      "large_rot_frame": true,
      "small_air_mask": false
    }
  },
  "qi_1": 0.0,
  "qi_2": 0.0002795827161848842,
  "rpve_csf": 21.321907082988186,
  "rpve_gm": 11.569698446883578,
  "rpve_wm": 15.39921594690944,
  "size_x": 180,
  "size_y": 512,
  "size_z": 512,
  "snr_csf": 3.8138376185549414,
  "snr_gm": 13.049282458691453,
  "snr_total": 11.1105685692081,
  "snr_wm": 16.468585630377905,
  "snrd_csf": 13.110491165854082,
  "snrd_gm": 26.326570201249258,
  "snrd_total": 25.482953823411517,
  "snrd_wm": 37.01180010313121,
  "spacing_x": 1.0,
  "spacing_y": 0.46880000829696655,
  "spacing_z": 0.46880000829696655,
  "summary_bg_k": 12.74379845509073,
  "summary_bg_mad": 17.700916290283203,
  "summary_bg_mean": 59.1481819152832,
  "summary_bg_median": 56.78118133544922,
  "summary_bg_n": 8698280.0,
  "summary_bg_p05": 31.704297447204592,
  "summary_bg_p95": 94.36048278808593,
  "summary_bg_stdv": 20.16659927368164,
  "summary_csf_k": -0.2704894914391778,
  "summary_csf_mad": 98.57209777832031,
  "summary_csf_mean": 354.1795959472656,
  "summary_csf_median": 354.22808837890625,
  "summary_csf_n": 142053.0,
  "summary_csf_p05": 203.08416442871095,
  "summary_csf_p95": 504.04041137695305,
  "summary_csf_stdv": 92.8793716430664,
  "summary_gm_k": 0.07678500748546879,
  "summary_gm_mad": 54.11000442504883,
  "summary_gm_mean": 711.6019897460938,
  "summary_gm_median": 711.3090209960938,
  "summary_gm_n": 181017.0,
  "summary_gm_p05": 622.8371826171875,
  "summary_gm_p95": 801.2539794921873,
  "summary_gm_stdv": 54.50928497314453,
  "summary_wm_k": 0.10721248850300968,
  "summary_wm_mad": 60.761940002441406,
  "summary_wm_mean": 1001.833740234375,
  "summary_wm_median": 1000.009765625,
  "summary_wm_n": 1213718.0,
  "summary_wm_p05": 905.1964263916016,
  "summary_wm_p95": 1104.2930297851562,
  "summary_wm_stdv": 60.72223663330078,
  "tpm_overlap_csf": 0.18699628114700317,
  "tpm_overlap_gm": 0.4674430787563324,
  "tpm_overlap_wm": 0.5327127575874329,
  "wm2max": 0.43219364271199556
}