{
  "bids_meta": {
    "AcquisitionDuration": 393.10272,
    "Columns": 512,
    "EchoTime": 0.12698,
    "EchoTrainLength": 140,
    "EffectiveEchoSpacing": 0,
    "FieldOfView": [
      240.03,
      240.03,
      87.6
    ],
    "FlipAngle": 90,
    "GEImageTypeRIMPCode": 0,
    "ImageType": "ORIGINAL/PRIMARY/OTHER",
    "ImagingFrequency": 127.765186,
    "InplanePhaseEncodingDirection": "ROW",
    "InversionTime": 1.862,
    "MRAcquisitionType": "3D",
    "MagneticFieldStrength": 3,
    "Manufacturer": "GE MEDICAL SYSTEMS",
    "ManufacturersModelName": "DISCOVERY MR750",
    "NumberOfAverages": 1,
    "NumberOfEPIShots": 1,
    "NumberOfEchoes": 1,
    "NumberOfSlices": 146,
    "ParallelImagingReductionFactors": [
      0.5,
      0.5
    ],
    "PercentPhaseFieldOfView": 100,
    "PhaseEncodingDirection": "i",
    "PixelBandwidth": 122.07,
    "PixelSpacing": [
      0.4688,
      0.4688
    ],
    "ReceiveCoilName": "8HRBRAIN",
    "RepetitionTime": 6,
    "Rows": 512,
    "SATFatWaterBone": 0,
    "ScanOptions": [
      "EDR_GEMS",
      "FILTERED_GEMS",
      "ACC_GEMS"
    ],
    "ScanningSequence": [
      "SE",
      "IR"
    ],
    "SequenceVariant": "SK",
    "SeriesDate": "18731130",
    "SeriesDescription": "Sag CUBE T2 flair",
    "SeriesNumber": 10,
    "SeriesTime": "192254",
    "SliceThickness": 1.2,
    "SpacingBetweenSlices": 0.600002,
    "StudyTime": "180537",
    "modality": "T2w",
    "session_id": "1",
    "subject_id": "9100"
  },
  "cjv": 0.5857938479892535,
  "cnr": 1.3037557162179518,
  "efc": 0.6367486187388418,
  "fber": 270.8870544433594,
  "fwhm_avg": 4.864024076000142,
  "fwhm_x": 4.366283159832829,
  "fwhm_y": 5.361241372691893,
  "fwhm_z": 4.8645476954757045,
  "icvs_csf": 0.46147462905243825,
  "icvs_gm": 0.4034278410273396,
  "icvs_wm": 0.13509752992022217,
  "inu_med": 1.1081430912017822,
  "inu_range": 0.7047031164169311,
  "provenance": {
    "md5sum": "c6619b15eca35bfccef8cd2e41a04a9a",
    "settings": {
      "testing": false
    },
    "software": "mriqc",
    "version": "0.9.6",
    "warnings": {
      "large_rot_frame": true,
      "small_air_mask": false
    }
  },
  "qi_1": 0.0,
  "qi_2": 0.0007207684471181463,
  "rpve_csf": 11.367368754692604,
  "rpve_gm": 11.96651647888683,
  "rpve_wm": 33.22772254754105,
  "size_x": 292,
  "size_y": 512,
  "size_z": 512,
  "snr_csf": 14.770090144357532,
  "snr_gm": 14.665138745507845,
  "snr_total": 10.679857285366497,
  "snr_wm": 2.6043429662341135,
  "snrd_csf": 49.153680553610904,
  "snrd_gm": 40.14045685310371,
  "snrd_total": 38.567511788339495,
  "snrd_wm": 26.408397958303873,
  "spacing_x": 0.6000000238418579,
  "spacing_y": 0.46880000829696655,
  "spacing_z": 0.46880000829696655,
  "summary_bg_k": 15.476907944634334,
  "summary_bg_mad": 24.798419952392578,
  "summary_bg_mean": 73.3265609741211,
  "summary_bg_median": 68.31044006347656,
  "summary_bg_n": 16421754.0,
  "summary_bg_p05": 35.77016696929931,
  "summary_bg_p95": 127.89849090576172,
  "summary_bg_stdv": 29.903268814086914,
  "summary_csf_k": 0.48173794665538816,
  "summary_csf_mad": 120.94284057617188,
  "summary_csf_mean": 1871.7587890625,
  "summary_csf_median": 1860.5799560546875,
  "summary_csf_n": 1148259.0,
  "summary_csf_p05": 1685.4861083984376,
  "summary_csf_p95": 2096.4743164062493,
  "summary_csf_stdv": 125.9693832397461,
  "summary_gm_k": -0.13524140148828012,
  "summary_gm_mad": 106.50738525390625,
  "summary_gm_mean": 1524.732421875,
  "summary_gm_median": 1519.40869140625,
  "summary_gm_n": 530368.0,
  "summary_gm_p05": 1364.5027160644531,
  "summary_gm_p95": 1703.4367248535154,
  "summary_gm_stdv": 103.60674285888672,
  "summary_wm_k": 8.788310099310777,
  "summary_wm_mad": 197.982421875,
  "summary_wm_mean": 912.3361206054688,
  "summary_wm_median": 999.61865234375,
  "summary_wm_n": 133609.0,
  "summary_wm_p05": 222.8579132080078,
  "summary_wm_p95": 1232.8747558593745,
  "summary_wm_stdv": 383.8261413574219,
  "tpm_overlap_csf": 0.0977385863661766,
  "tpm_overlap_gm": 0.29147979617118835,
  "tpm_overlap_wm": 0.10984358936548233,
  "wm2max": 0.2717292111087051
}